This is XeTeX, Version 3.141592653-2.6-0.999998 (TeX Live 2026) (preloaded format=xelatex 2026.3.18)  12 MAY 2026 11:19
entering extended mode
 restricted \write18 enabled.
 %&-line parsing enabled.
**main.tex
(./main.tex
LaTeX2e <2025-11-01>
L3 programming layer <2026-01-19>
(c:/texlive/2026/texmf-dist/tex/latex/base/article.cls
Document Class: article 2025/01/22 v1.4n Standard LaTeX document class
(c:/texlive/2026/texmf-dist/tex/latex/base/size10.clo
File: size10.clo 2025/01/22 v1.4n Standard LaTeX file (size option)
)
\c@part=\count271
\c@section=\count272
\c@subsection=\count273
\c@subsubsection=\count274
\c@paragraph=\count275
\c@subparagraph=\count276
\c@figure=\count277
\c@table=\count278
\abovecaptionskip=\skip49
\belowcaptionskip=\skip50
\bibindent=\dimen148
) (./iccv.sty
Package: iccv 2025 LaTeX class for IEEE ICCV

(c:/texlive/2026/texmf-dist/tex/latex/psnfss/times.sty
Package: times 2020/03/25 PSNFSS-v9.3 (SPQR) 
)
(c:/texlive/2026/texmf-dist/tex/latex/tools/xspace.sty
Package: xspace 2014/10/28 v1.13 Space after command names (DPC,MH)
)
(c:/texlive/2026/texmf-dist/tex/latex/xcolor/xcolor.sty
Package: xcolor 2024/09/29 v3.02 LaTeX color extensions (UK)

(c:/texlive/2026/texmf-dist/tex/latex/graphics-cfg/color.cfg
File: color.cfg 2016/01/02 v1.6 sample color configuration
)
Package xcolor Info: Driver file: xetex.def on input line 274.

(c:/texlive/2026/texmf-dist/tex/latex/graphics-def/xetex.def
File: xetex.def 2025/11/01 v5.0p Graphics/color driver for xetex
)
(c:/texlive/2026/texmf-dist/tex/latex/graphics/mathcolor.ltx)
Package xcolor Info: Model `cmy' substituted by `cmy0' on input line 1349.
Package xcolor Info: Model `RGB' extended on input line 1365.
Package xcolor Info: Model `HTML' substituted by `rgb' on input line 1367.
Package xcolor Info: Model `Hsb' substituted by `hsb' on input line 1368.
Package xcolor Info: Model `tHsb' substituted by `hsb' on input line 1369.
Package xcolor Info: Model `HSB' substituted by `hsb' on input line 1370.
Package xcolor Info: Model `Gray' substituted by `gray' on input line 1371.
Package xcolor Info: Model `wave' substituted by `hsb' on input line 1372.
)
(c:/texlive/2026/texmf-dist/tex/latex/graphics/dvipsnam.def
File: dvipsnam.def 2016/06/17 v3.0m Driver-dependent file (DPC,SPQR)
)
(c:/texlive/2026/texmf-dist/tex/latex/graphics/graphicx.sty
Package: graphicx 2024/12/31 v1.2e Enhanced LaTeX Graphics (DPC,SPQR)

(c:/texlive/2026/texmf-dist/tex/latex/graphics/keyval.sty
Package: keyval 2022/05/29 v1.15 key=value parser (DPC)
\KV@toks@=\toks17
)
(c:/texlive/2026/texmf-dist/tex/latex/graphics/graphics.sty
Package: graphics 2024/08/06 v1.4g Standard LaTeX Graphics (DPC,SPQR)

(c:/texlive/2026/texmf-dist/tex/latex/graphics/trig.sty
Package: trig 2023/12/02 v1.11 sin cos tan (DPC)
)
(c:/texlive/2026/texmf-dist/tex/latex/graphics-cfg/graphics.cfg
File: graphics.cfg 2016/06/04 v1.11 sample graphics configuration
)
Package graphics Info: Driver file: xetex.def on input line 106.
)
\Gin@req@height=\dimen149
\Gin@req@width=\dimen150
)
(c:/texlive/2026/texmf-dist/tex/latex/amsmath/amsmath.sty
Package: amsmath 2025/07/09 v2.17z AMS math features
\@mathmargin=\skip51

For additional information on amsmath, use the `?' option.
(c:/texlive/2026/texmf-dist/tex/latex/amsmath/amstext.sty
Package: amstext 2024/11/17 v2.01 AMS text

(c:/texlive/2026/texmf-dist/tex/latex/amsmath/amsgen.sty
File: amsgen.sty 1999/11/30 v2.0 generic functions
\@emptytoks=\toks18
\ex@=\dimen151
))
(c:/texlive/2026/texmf-dist/tex/latex/amsmath/amsbsy.sty
Package: amsbsy 1999/11/29 v1.2d Bold Symbols
\pmbraise@=\dimen152
)
(c:/texlive/2026/texmf-dist/tex/latex/amsmath/amsopn.sty
Package: amsopn 2022/04/08 v2.04 operator names
)
\inf@bad=\count279
LaTeX Info: Redefining \frac on input line 233.
\uproot@=\count280
\leftroot@=\count281
LaTeX Info: Redefining \overline on input line 398.
LaTeX Info: Redefining \colon on input line 409.
\classnum@=\count282
\DOTSCASE@=\count283
LaTeX Info: Redefining \ldots on input line 495.
LaTeX Info: Redefining \dots on input line 498.
LaTeX Info: Redefining \cdots on input line 619.
\Mathstrutbox@=\box53
\strutbox@=\box54
LaTeX Info: Redefining \big on input line 721.
LaTeX Info: Redefining \Big on input line 722.
LaTeX Info: Redefining \bigg on input line 723.
LaTeX Info: Redefining \Bigg on input line 724.
\big@size=\dimen153
LaTeX Font Info:    Redeclaring font encoding OML on input line 742.
LaTeX Font Info:    Redeclaring font encoding OMS on input line 743.
\macc@depth=\count284
LaTeX Info: Redefining \bmod on input line 904.
LaTeX Info: Redefining \pmod on input line 909.
LaTeX Info: Redefining \smash on input line 939.
LaTeX Info: Redefining \relbar on input line 969.
LaTeX Info: Redefining \Relbar on input line 970.
\c@MaxMatrixCols=\count285
\dotsspace@=\muskip17
\c@parentequation=\count286
\dspbrk@lvl=\count287
\tag@help=\toks19
\row@=\count288
\column@=\count289
\maxfields@=\count290
\andhelp@=\toks20
\eqnshift@=\dimen154
\alignsep@=\dimen155
\tagshift@=\dimen156
\tagwidth@=\dimen157
\totwidth@=\dimen158
\lineht@=\dimen159
\@envbody=\toks21
\multlinegap=\skip52
\multlinetaggap=\skip53
\mathdisplay@stack=\toks22
LaTeX Info: Redefining \[ on input line 2950.
LaTeX Info: Redefining \] on input line 2951.
)
(c:/texlive/2026/texmf-dist/tex/latex/amsfonts/amssymb.sty
Package: amssymb 2013/01/14 v3.01 AMS font symbols

(c:/texlive/2026/texmf-dist/tex/latex/amsfonts/amsfonts.sty
Package: amsfonts 2013/01/14 v3.01 Basic AMSFonts support
\symAMSa=\mathgroup4
\symAMSb=\mathgroup5
LaTeX Font Info:    Redeclaring math symbol \hbar on input line 98.
LaTeX Font Info:    Overwriting math alphabet `\mathfrak' in version `bold'
(Font)                  U/euf/m/n --> U/euf/b/n on input line 106.
))
(c:/texlive/2026/texmf-dist/tex/latex/booktabs/booktabs.sty
Package: booktabs 2020/01/12 v1.61803398 Publication quality tables
\heavyrulewidth=\dimen160
\lightrulewidth=\dimen161
\cmidrulewidth=\dimen162
\belowrulesep=\dimen163
\belowbottomsep=\dimen164
\aboverulesep=\dimen165
\abovetopsep=\dimen166
\cmidrulesep=\dimen167
\cmidrulekern=\dimen168
\defaultaddspace=\dimen169
\@cmidla=\count291
\@cmidlb=\count292
\@aboverulesep=\dimen170
\@belowrulesep=\dimen171
\@thisruleclass=\count293
\@lastruleclass=\count294
\@thisrulewidth=\dimen172
)
(c:/texlive/2026/texmf-dist/tex/latex/natbib/natbib.sty
Package: natbib 2010/09/13 8.31b (PWD, AO)
\bibhang=\skip54
\bibsep=\skip55
LaTeX Info: Redefining \cite on input line 694.
\c@NAT@ctr=\count295
)
(c:/texlive/2026/texmf-dist/tex/latex/silence/silence.sty
Package: silence 2012/07/02 v1.5b Selective filtering of warnings and error mes
sages
\sl@Save=\count296
\sl@StateNumber=\count297
\sl@MessageCount=\count298
\sl@Casualties=\count299
\sl@Filter=\toks23
\sl@Message=\toks24
\sl@UnexpandedMessage=\toks25
\sl@Mess@ge=\toks26
\sl@WarningCount=\count300
\sl@WarningNumber=\count301
\sl@WarningCasualties=\count302
\sl@TempBOW=\toks27
\sl@BankOfWarnings=\toks28
LaTeX Info: Redefining \GenericWarning on input line 433.
\sl@ErrorCount=\count303
\sl@ErrorNumber=\count304
\sl@ErrorCasualties=\count305
\sl@TempBOE=\toks29
\sl@BankOfErrors=\toks30
LaTeX Info: Redefining \GenericError on input line 601.
)
(c:/texlive/2026/texmf-dist/tex/latex/etoolbox/etoolbox.sty
Package: etoolbox 2025/10/02 v2.5m e-TeX tools for LaTeX (JAW)
\etb@tempcnta=\count306
)
(c:/texlive/2026/texmf-dist/tex/latex/caption/caption.sty
Package: caption 2023/08/05 v3.6o Customizing captions (AR)

(c:/texlive/2026/texmf-dist/tex/latex/caption/caption3.sty
Package: caption3 2023/07/31 v2.4d caption3 kernel (AR)
\caption@tempdima=\dimen173
\captionmargin=\dimen174
\caption@leftmargin=\dimen175
\caption@rightmargin=\dimen176
\caption@width=\dimen177
\caption@indent=\dimen178
\caption@parindent=\dimen179
\caption@hangindent=\dimen180
Package caption Info: Standard document class detected.
)
\c@caption@flags=\count307
\c@continuedfloat=\count308
)
(c:/texlive/2026/texmf-dist/tex/latex/caption/subcaption.sty
Package: subcaption 2023/07/28 v1.6b Sub-captions (AR)
Package caption Info: New subtype `subfigure' on input line 238.
\c@subfigure=\count309
Package caption Info: New subtype `subtable' on input line 238.
\c@subtable=\count310
)
(c:/texlive/2026/texmf-dist/tex/latex/url/url.sty
\Urlmuskip=\muskip18
Package: url 2013/09/16  ver 3.4  Verb mode for urls, etc.
)
ICCV 8.5 x 11-Inch Proceedings Style `iccv.sty'.
(c:/texlive/2026/texmf-dist/tex/latex/enumitem/enumitem.sty
Package: enumitem 2025/02/06 v3.11 Customized lists
\labelindent=\skip56
\enit@outerparindent=\dimen181
\enit@toks=\toks31
\enit@inbox=\box55
\enit@count@id=\count311
\enitdp@description=\count312
))
(c:/texlive/2026/texmf-dist/tex/latex/hyperref/hyperref.sty
Package: hyperref 2026-01-29 v7.01p Hypertext links for LaTeX

(c:/texlive/2026/texmf-dist/tex/generic/iftex/iftex.sty
Package: iftex 2024/12/12 v1.0g TeX engine tests
)
(c:/texlive/2026/texmf-dist/tex/latex/kvsetkeys/kvsetkeys.sty
Package: kvsetkeys 2022-10-05 v1.19 Key value parser (HO)
)
(c:/texlive/2026/texmf-dist/tex/generic/kvdefinekeys/kvdefinekeys.sty
Package: kvdefinekeys 2019-12-19 v1.6 Define keys (HO)
)
(c:/texlive/2026/texmf-dist/tex/generic/pdfescape/pdfescape.sty
Package: pdfescape 2019/12/09 v1.15 Implements pdfTeX's escape features (HO)

(c:/texlive/2026/texmf-dist/tex/generic/ltxcmds/ltxcmds.sty
Package: ltxcmds 2023-12-04 v1.26 LaTeX kernel commands for general use (HO)
)
(c:/texlive/2026/texmf-dist/tex/generic/pdftexcmds/pdftexcmds.sty
Package: pdftexcmds 2020-06-27 v0.33 Utility functions of pdfTeX for LuaTeX (HO
)

(c:/texlive/2026/texmf-dist/tex/generic/infwarerr/infwarerr.sty
Package: infwarerr 2019/12/03 v1.5 Providing info/warning/error messages (HO)
)
Package pdftexcmds Info: \pdf@primitive is available.
Package pdftexcmds Info: \pdf@ifprimitive is available.
Package pdftexcmds Info: \pdfdraftmode not found.
))
(c:/texlive/2026/texmf-dist/tex/latex/hycolor/hycolor.sty
Package: hycolor 2020-01-27 v1.10 Color options for hyperref/bookmark (HO)
)
(c:/texlive/2026/texmf-dist/tex/latex/hyperref/nameref.sty
Package: nameref 2026-01-29 v2.58 Cross-referencing by name of section

(c:/texlive/2026/texmf-dist/tex/latex/refcount/refcount.sty
Package: refcount 2019/12/15 v3.6 Data extraction from label references (HO)
)
(c:/texlive/2026/texmf-dist/tex/generic/gettitlestring/gettitlestring.sty
Package: gettitlestring 2019/12/15 v1.6 Cleanup title references (HO)

(c:/texlive/2026/texmf-dist/tex/latex/kvoptions/kvoptions.sty
Package: kvoptions 2022-06-15 v3.15 Key value format for package options (HO)
))
\c@section@level=\count313
)
(c:/texlive/2026/texmf-dist/tex/generic/stringenc/stringenc.sty
Package: stringenc 2019/11/29 v1.12 Convert strings between diff. encodings (HO
)
)
\@linkdim=\dimen182
\Hy@linkcounter=\count314
\Hy@pagecounter=\count315

(c:/texlive/2026/texmf-dist/tex/latex/hyperref/pd1enc.def
File: pd1enc.def 2026-01-29 v7.01p Hyperref: PDFDocEncoding definition (HO)
)
(c:/texlive/2026/texmf-dist/tex/generic/intcalc/intcalc.sty
Package: intcalc 2019/12/15 v1.3 Expandable calculations with integers (HO)
)
\Hy@SavedSpaceFactor=\count316

(c:/texlive/2026/texmf-dist/tex/latex/hyperref/puenc.def
File: puenc.def 2026-01-29 v7.01p Hyperref: PDF Unicode definition (HO)
)
Package hyperref Info: Option `breaklinks' set `true' on input line 4072.
Package hyperref Info: Option `colorlinks' set `true' on input line 4072.
Package hyperref Info: Hyper figures OFF on input line 4201.
Package hyperref Info: Link nesting OFF on input line 4206.
Package hyperref Info: Hyper index ON on input line 4209.
Package hyperref Info: Plain pages OFF on input line 4216.
Package hyperref Info: Backreferencing ON on input line 4219.
Package hyperref Info: Implicit mode ON; LaTeX internals redefined.
Package hyperref Info: Bookmarks ON on input line 4468.

(c:/texlive/2026/texmf-dist/tex/latex/hyperref/backref.sty
Package: backref 2025-06-21 v1.45 Bibliographical back referencing

(c:/texlive/2026/texmf-dist/tex/latex/rerunfilecheck/rerunfilecheck.sty
Package: rerunfilecheck 2025-06-21 v1.11 Rerun checks for auxiliary files (HO)

(c:/texlive/2026/texmf-dist/tex/generic/uniquecounter/uniquecounter.sty
Package: uniquecounter 2019/12/15 v1.4 Provide unlimited unique counter (HO)

(c:/texlive/2026/texmf-dist/tex/generic/bigintcalc/bigintcalc.sty
Package: bigintcalc 2019/12/15 v1.5 Expandable calculations on big integers (HO
)
))
Package uniquecounter Info: New unique counter `rerunfilecheck' on input line 2
84.
))
\c@Hy@tempcnt=\count317
LaTeX Info: Redefining \url on input line 4807.
\XeTeXLinkMargin=\dimen183

(c:/texlive/2026/texmf-dist/tex/generic/bitset/bitset.sty
Package: bitset 2019/12/09 v1.3 Handle bit-vector datatype (HO)
)
\Fld@menulength=\count318
\Field@Width=\dimen184
\Fld@charsize=\dimen185
Package hyperref Info: Hyper figures OFF on input line 6084.
Package hyperref Info: Link nesting OFF on input line 6089.
Package hyperref Info: Hyper index ON on input line 6092.
Package hyperref Info: backreferencing ON on input line 6097.
Package hyperref Info: Link coloring ON on input line 6102.
Package hyperref Info: Link coloring with OCG OFF on input line 6109.
Package hyperref Info: PDF/A mode OFF on input line 6114.
\Hy@abspage=\count319
\c@Item=\count320
\c@Hfootnote=\count321
)
Package hyperref Info: Driver (autodetected): hxetex.

(c:/texlive/2026/texmf-dist/tex/latex/hyperref/hxetex.def
File: hxetex.def 2026-01-29 v7.01p Hyperref driver for XeTeX
\pdfm@box=\box56
\c@Hy@AnnotLevel=\count322
\HyField@AnnotCount=\count323
\Fld@listcount=\count324
\c@bookmark@seq@number=\count325
\Hy@SectionHShift=\skip57
)
(c:/texlive/2026/texmf-dist/tex/latex/svg/svg.sty
Package: svg 2020/11/26 v2.02k (include SVG pictures)

(c:/texlive/2026/texmf-dist/tex/latex/koma-script/scrbase.sty
Package: scrbase 2026/02/02 v3.49.2 KOMA-Script package (KOMA-Script-independen
t basics and keyval usage)

(c:/texlive/2026/texmf-dist/tex/latex/koma-script/scrlfile.sty
Package: scrlfile 2026/02/02 v3.49.2 KOMA-Script package (file load hooks)

(c:/texlive/2026/texmf-dist/tex/latex/koma-script/scrlfile-hook.sty
Package: scrlfile-hook 2026/02/02 v3.49.2 KOMA-Script package (using LaTeX hook
s)

(c:/texlive/2026/texmf-dist/tex/latex/koma-script/scrlogo.sty
Package: scrlogo 2026/02/02 v3.49.2 KOMA-Script package (logo)
)))
Applying: [2021/05/01] Usage of raw or classic option list on input line 254.
Already applied: [0000/00/00] Usage of raw or classic option list on input line
 370.
)
(c:/texlive/2026/texmf-dist/tex/latex/trimspaces/trimspaces.sty
Package: trimspaces 2009/09/17 v1.1 Trim spaces around a token list
)
(c:/texlive/2026/texmf-dist/tex/latex/tools/shellesc.sty
Package: shellesc 2023/07/08 v1.0d unified shell escape interface for LaTeX
Package shellesc Info: Restricted shell escape enabled on input line 77.
)
\c@svg@param@lastpage=\count326
\svg@box=\box57
\c@svg@param@currpage=\count327
)
(c:/texlive/2026/texmf-dist/tex/latex/transparent/transparent.sty
Package: transparent 2025-06-23 v1.6 Transparency with color stacks

(c:/texlive/2026/texmf-dist/tex/latex/transparent/transparent-nometadata.sty
Package: transparent-nometadata 2025-06-23 v1.6 Transparency via pdfTeX's color
 stack (HO)


Package transparent Warning: Loading aborted, because pdfTeX is not running in 
PDF mode.

)) (c:/texlive/2026/texmf-dist/tex/latex/pgf/systemlayer/pgfsys.sty
(c:/texlive/2026/texmf-dist/tex/latex/pgf/utilities/pgfrcs.sty
(c:/texlive/2026/texmf-dist/tex/generic/pgf/utilities/pgfutil-common.tex
\pgfutil@everybye=\toks32
\pgfutil@tempdima=\dimen186
\pgfutil@tempdimb=\dimen187
)
(c:/texlive/2026/texmf-dist/tex/generic/pgf/utilities/pgfutil-latex.def
\pgfutil@abb=\box58
)
(c:/texlive/2026/texmf-dist/tex/generic/pgf/utilities/pgfrcs.code.tex
(c:/texlive/2026/texmf-dist/tex/generic/pgf/pgf.revision.tex)
Package: pgfrcs 2025-08-29 v3.1.11a (3.1.11a)
))
(c:/texlive/2026/texmf-dist/tex/generic/pgf/systemlayer/pgfsys.code.tex
Package: pgfsys 2025-08-29 v3.1.11a (3.1.11a)

(c:/texlive/2026/texmf-dist/tex/generic/pgf/utilities/pgfkeys.code.tex
\pgfkeys@pathtoks=\toks33
\pgfkeys@temptoks=\toks34

(c:/texlive/2026/texmf-dist/tex/generic/pgf/utilities/pgfkeyslibraryfiltered.co
de.tex
\pgfkeys@tmptoks=\toks35
))
\pgf@x=\dimen188
\pgf@y=\dimen189
\pgf@xa=\dimen190
\pgf@ya=\dimen191
\pgf@xb=\dimen192
\pgf@yb=\dimen193
\pgf@xc=\dimen194
\pgf@yc=\dimen195
\pgf@xd=\dimen196
\pgf@yd=\dimen197
\w@pgf@writea=\write3
\r@pgf@reada=\read2
\c@pgf@counta=\count328
\c@pgf@countb=\count329
\c@pgf@countc=\count330
\c@pgf@countd=\count331
\t@pgf@toka=\toks36
\t@pgf@tokb=\toks37
\t@pgf@tokc=\toks38
\pgf@sys@id@count=\count332
 (c:/texlive/2026/texmf-dist/tex/generic/pgf/systemlayer/pgf.cfg
File: pgf.cfg 2025-08-29 v3.1.11a (3.1.11a)
)
Driver file for pgf: pgfsys-xetex.def

(c:/texlive/2026/texmf-dist/tex/generic/pgf/systemlayer/pgfsys-xetex.def
File: pgfsys-xetex.def 2025-08-29 v3.1.11a (3.1.11a)

(c:/texlive/2026/texmf-dist/tex/generic/pgf/systemlayer/pgfsys-dvipdfmx.def
File: pgfsys-dvipdfmx.def 2025-08-29 v3.1.11a (3.1.11a)

(c:/texlive/2026/texmf-dist/tex/generic/pgf/systemlayer/pgfsys-common-pdf.def
File: pgfsys-common-pdf.def 2025-08-29 v3.1.11a (3.1.11a)
)
\pgfsys@objnum=\count333
)))
(c:/texlive/2026/texmf-dist/tex/generic/pgf/systemlayer/pgfsyssoftpath.code.tex
File: pgfsyssoftpath.code.tex 2025-08-29 v3.1.11a (3.1.11a)
\pgfsyssoftpath@smallbuffer@items=\count334
\pgfsyssoftpath@bigbuffer@items=\count335
)
(c:/texlive/2026/texmf-dist/tex/generic/pgf/systemlayer/pgfsysprotocol.code.tex
File: pgfsysprotocol.code.tex 2025-08-29 v3.1.11a (3.1.11a)
)) (c:/texlive/2026/texmf-dist/tex/latex/makecell/makecell.sty
Package: makecell 2009/08/03 V0.1e Managing of Tab Column Heads and Cells

(c:/texlive/2026/texmf-dist/tex/latex/tools/array.sty
Package: array 2025/09/25 v2.6n Tabular extension package (FMi)
\col@sep=\dimen198
\ar@mcellbox=\box59
\extrarowheight=\dimen199
\NC@list=\toks39
\extratabsurround=\skip58
\backup@length=\skip59
\ar@cellbox=\box60
)
\rotheadsize=\dimen256
\c@nlinenum=\count336
\TeXr@lab=\toks40
)
(c:/texlive/2026/texmf-dist/tex/latex/multirow/multirow.sty
Package: multirow 2024/11/12 v2.9 Span multiple rows of a table
\multirow@colwidth=\skip60
\multirow@cntb=\count337
\multirow@dima=\skip61
\bigstrutjot=\dimen257
)
(c:/texlive/2026/texmf-dist/tex/latex/cleveref/cleveref.sty
Package: cleveref 2018/03/27 v0.21.4 Intelligent cross-referencing
Package cleveref Info: `hyperref' support loaded on input line 2370.
LaTeX Info: Redefining \cref on input line 2370.
LaTeX Info: Redefining \Cref on input line 2370.
LaTeX Info: Redefining \crefrange on input line 2370.
LaTeX Info: Redefining \Crefrange on input line 2370.
LaTeX Info: Redefining \cpageref on input line 2370.
LaTeX Info: Redefining \Cpageref on input line 2370.
LaTeX Info: Redefining \cpagerefrange on input line 2370.
LaTeX Info: Redefining \Cpagerefrange on input line 2370.
LaTeX Info: Redefining \labelcref on input line 2370.
LaTeX Info: Redefining \labelcpageref on input line 2370.
Package cleveref Info: always capitalise cross-reference names on input line 78
30.
Package cleveref Info: always capitalise cross-reference names on input line 78
52.
)
==> First Aid for cleveref.sty applied!
LaTeX Font Info:    Trying to load font information for TU+ptm on input line 35
.
LaTeX Font Info:    No file TUptm.fd. on input line 35.

LaTeX Font Warning: Font shape `TU/ptm/m/n' undefined
(Font)              using `TU/lmr/m/n' instead on input line 35.

(c:/texlive/2026/texmf-dist/tex/latex/l3backend/l3backend-xetex.def
File: l3backend-xetex.def 2025-10-09 L3 backend support: XeTeX
\g__graphics_track_int=\count338
\g__pdfannot_backend_int=\count339
\g__pdfannot_backend_link_int=\count340
)
(./main.aux)
\openout1 = `main.aux'.

LaTeX Font Info:    Checking defaults for OML/cmm/m/it on input line 35.
LaTeX Font Info:    ... okay on input line 35.
LaTeX Font Info:    Checking defaults for OMS/cmsy/m/n on input line 35.
LaTeX Font Info:    ... okay on input line 35.
LaTeX Font Info:    Checking defaults for OT1/cmr/m/n on input line 35.
LaTeX Font Info:    ... okay on input line 35.
LaTeX Font Info:    Checking defaults for T1/cmr/m/n on input line 35.
LaTeX Font Info:    ... okay on input line 35.
LaTeX Font Info:    Checking defaults for TS1/cmr/m/n on input line 35.
LaTeX Font Info:    ... okay on input line 35.
LaTeX Font Info:    Checking defaults for TU/lmr/m/n on input line 35.
LaTeX Font Info:    ... okay on input line 35.
LaTeX Font Info:    Checking defaults for OMX/cmex/m/n on input line 35.
LaTeX Font Info:    ... okay on input line 35.
LaTeX Font Info:    Checking defaults for U/cmr/m/n on input line 35.
LaTeX Font Info:    ... okay on input line 35.
LaTeX Font Info:    Checking defaults for PD1/pdf/m/n on input line 35.
LaTeX Font Info:    ... okay on input line 35.
LaTeX Font Info:    Checking defaults for PU/pdf/m/n on input line 35.
LaTeX Font Info:    ... okay on input line 35.
Package caption Info: Begin \AtBeginDocument code.
Package caption Info: hyperref package is loaded.
Package caption Info: End \AtBeginDocument code.
 ABD: EveryShipout initializing macros
Package backref Info: ** backref set up for natbib ** on input line 35.
Package hyperref Info: Link coloring ON on input line 35.
 (./main.out) (./main.out)
\@outlinefile=\write4
\openout4 = `main.out'.



LaTeX Font Warning: Font shape `TU/ptm/b/n' undefined
(Font)              using `TU/ptm/m/n' instead on input line 37.

Missing character: There is no 用 (U+7528) in font [lmroman12-regular]:mapping=t
ex-text;!
Missing character: There is no 于 (U+4E8E) in font [lmroman12-regular]:mapping=t
ex-text;!
Missing character: There is no 实 (U+5B9E) in font [lmroman12-regular]:mapping=t
ex-text;!
Missing character: There is no 时 (U+65F6) in font [lmroman12-regular]:mapping=t
ex-text;!
Missing character: There is no 四 (U+56DB) in font [lmroman12-regular]:mapping=t
ex-text;!
Missing character: There is no 旋 (U+65CB) in font [lmroman12-regular]:mapping=t
ex-text;!
Missing character: There is no 翼 (U+7FFC) in font [lmroman12-regular]:mapping=t
ex-text;!
Missing character: There is no 控 (U+63A7) in font [lmroman12-regular]:mapping=t
ex-text;!
Missing character: There is no 制 (U+5236) in font [lmroman12-regular]:mapping=t
ex-text;!
Missing character: There is no 的 (U+7684) in font [lmroman12-regular]:mapping=t
ex-text;!
Missing character: There is no 高 (U+9AD8) in font [lmroman12-regular]:mapping=t
ex-text;!
Missing character: There is no 效 (U+6548) in font [lmroman12-regular]:mapping=t
ex-text;!
Missing character: There is no 自 (U+81EA) in font [lmroman12-regular]:mapping=t
ex-text;!
Missing character: There is no 监 (U+76D1) in font [lmroman12-regular]:mapping=t
ex-text;!
Missing character: There is no 督 (U+7763) in font [lmroman12-regular]:mapping=t
ex-text;!
Missing character: There is no 神 (U+795E) in font [lmroman12-regular]:mapping=t
ex-text;!
Missing character: There is no 经 (U+7ECF) in font [lmroman12-regular]:mapping=t
ex-text;!
Missing character: There is no 解 (U+89E3) in font [lmroman12-regular]:mapping=t
ex-text;!
Missing character: There is no 析 (U+6790) in font [lmroman12-regular]:mapping=t
ex-text;!
Missing character: There is no 视 (U+89C6) in font [lmroman12-regular]:mapping=t
ex-text;!
Missing character: There is no 觉 (U+89C9) in font [lmroman12-regular]:mapping=t
ex-text;!
Missing character: There is no 伺 (U+4F3A) in font [lmroman12-regular]:mapping=t
ex-text;!
Missing character: There is no 服 (U+670D) in font [lmroman12-regular]:mapping=t
ex-text;!
LaTeX Font Info:    Trying to load font information for U+msa on input line 37.

(c:/texlive/2026/texmf-dist/tex/latex/amsfonts/umsa.fd
File: umsa.fd 2013/01/14 v3.01 AMS symbols A
)
LaTeX Font Info:    Trying to load font information for U+msb on input line 37.


(c:/texlive/2026/texmf-dist/tex/latex/amsfonts/umsb.fd
File: umsb.fd 2013/01/14 v3.01 AMS symbols B
)
LaTeX Font Info:    Trying to load font information for TU+pcr on input line 37
.
LaTeX Font Info:    No file TUpcr.fd. on input line 37.


LaTeX Font Warning: Font shape `TU/pcr/m/n' undefined
(Font)              using `TU/lmr/m/n' instead on input line 37.


LaTeX Font Warning: Font shape `TU/ptm/m/it' undefined
(Font)              using `TU/ptm/m/n' instead on input line 38.

Missing character: There is no 本 (U+672C) in font [lmroman10-regular]:mapping=t
ex-text;!
Missing character: There is no 文 (U+6587) in font [lmroman10-regular]:mapping=t
ex-text;!
Missing character: There is no 提 (U+63D0) in font [lmroman10-regular]:mapping=t
ex-text;!
Missing character: There is no 出 (U+51FA) in font [lmroman10-regular]:mapping=t
ex-text;!
Missing character: There is no 一 (U+4E00) in font [lmroman10-regular]:mapping=t
ex-text;!
Missing character: There is no 种 (U+79CD) in font [lmroman10-regular]:mapping=t
ex-text;!
Missing character: There is no 面 (U+9762) in font [lmroman10-regular]:mapping=t
ex-text;!
Missing character: There is no 向 (U+5411) in font [lmroman10-regular]:mapping=t
ex-text;!
Missing character: There is no 视 (U+89C6) in font [lmroman10-regular]:mapping=t
ex-text;!
Missing character: There is no 觉 (U+89C9) in font [lmroman10-regular]:mapping=t
ex-text;!
Missing character: There is no 四 (U+56DB) in font [lmroman10-regular]:mapping=t
ex-text;!
Missing character: There is no 旋 (U+65CB) in font [lmroman10-regular]:mapping=t
ex-text;!
Missing character: There is no 翼 (U+7FFC) in font [lmroman10-regular]:mapping=t
ex-text;!
Missing character: There is no 控 (U+63A7) in font [lmroman10-regular]:mapping=t
ex-text;!
Missing character: There is no 制 (U+5236) in font [lmroman10-regular]:mapping=t
ex-text;!
Missing character: There is no 的 (U+7684) in font [lmroman10-regular]:mapping=t
ex-text;!
Missing character: There is no 自 (U+81EA) in font [lmroman10-regular]:mapping=t
ex-text;!
Missing character: There is no 监 (U+76D1) in font [lmroman10-regular]:mapping=t
ex-text;!
Missing character: There is no 督 (U+7763) in font [lmroman10-regular]:mapping=t
ex-text;!
Missing character: There is no 神 (U+795E) in font [lmroman10-regular]:mapping=t
ex-text;!
Missing character: There is no 经 (U+7ECF) in font [lmroman10-regular]:mapping=t
ex-text;!
Missing character: There is no 解 (U+89E3) in font [lmroman10-regular]:mapping=t
ex-text;!
Missing character: There is no 析 (U+6790) in font [lmroman10-regular]:mapping=t
ex-text;!
Missing character: There is no 模 (U+6A21) in font [lmroman10-regular]:mapping=t
ex-text;!
Missing character: There is no 型 (U+578B) in font [lmroman10-regular]:mapping=t
ex-text;!
Missing character: There is no 。 (U+3002) in font [lmroman10-regular]:mapping=t
ex-text;!
Missing character: There is no 该 (U+8BE5) in font [lmroman10-regular]:mapping=t
ex-text;!
Missing character: There is no 模 (U+6A21) in font [lmroman10-regular]:mapping=t
ex-text;!
Missing character: There is no 型 (U+578B) in font [lmroman10-regular]:mapping=t
ex-text;!
Missing character: There is no 在 (U+5728) in font [lmroman10-regular]:mapping=t
ex-text;!
Missing character: There is no 计 (U+8BA1) in font [lmroman10-regular]:mapping=t
ex-text;!
Missing character: There is no 算 (U+7B97) in font [lmroman10-regular]:mapping=t
ex-text;!
Missing character: There is no 上 (U+4E0A) in font [lmroman10-regular]:mapping=t
ex-text;!
Missing character: There is no 较 (U+8F83) in font [lmroman10-regular]:mapping=t
ex-text;!
Missing character: There is no 为 (U+4E3A) in font [lmroman10-regular]:mapping=t
ex-text;!
Missing character: There is no 高 (U+9AD8) in font [lmroman10-regular]:mapping=t
ex-text;!
Missing character: There is no 效 (U+6548) in font [lmroman10-regular]:mapping=t
ex-text;!
Missing character: There is no ， (U+FF0C) in font [lmroman10-regular]:mapping=t
ex-text;!
Missing character: There is no 由 (U+7531) in font [lmroman10-regular]:mapping=t
ex-text;!
Missing character: There is no 一 (U+4E00) in font [lmroman10-regular]:mapping=t
ex-text;!
Missing character: There is no 个 (U+4E2A) in font [lmroman10-regular]:mapping=t
ex-text;!
Missing character: There is no 仅 (U+4EC5) in font [lmroman10-regular]:mapping=t
ex-text;!
Missing character: There is no 含 (U+542B) in font [lmroman10-regular]:mapping=t
ex-text;!
Missing character: There is no 参 (U+53C2) in font [lmroman10-regular]:mapping=t
ex-text;!
Missing character: There is no 数 (U+6570) in font [lmroman10-regular]:mapping=t
ex-text;!
Missing character: There is no 的 (U+7684) in font [lmroman10-regular]:mapping=t
ex-text;!
Missing character: There is no 学 (U+5B66) in font [lmroman10-regular]:mapping=t
ex-text;!
Missing character: There is no 生 (U+751F) in font [lmroman10-regular]:mapping=t
ex-text;!
Missing character: There is no 卷 (U+5377) in font [lmroman10-regular]:mapping=t
ex-text;!
Missing character: There is no 积 (U+79EF) in font [lmroman10-regular]:mapping=t
ex-text;!
Missing character: There is no 网 (U+7F51) in font [lmroman10-regular]:mapping=t
ex-text;!
Missing character: There is no 络 (U+7EDC) in font [lmroman10-regular]:mapping=t
ex-text;!
Missing character: There is no 从 (U+4ECE) in font [lmroman10-regular]:mapping=t
ex-text;!
Missing character: There is no 一 (U+4E00) in font [lmroman10-regular]:mapping=t
ex-text;!
Missing character: There is no 个 (U+4E2A) in font [lmroman10-regular]:mapping=t
ex-text;!
Missing character: There is no 解 (U+89E3) in font [lmroman10-regular]:mapping=t
ex-text;!
Missing character: There is no 析 (U+6790) in font [lmroman10-regular]:mapping=t
ex-text;!
Missing character: There is no 式 (U+5F0F) in font [lmroman10-regular]:mapping=t
ex-text;!
Missing character: There is no 教 (U+6559) in font [lmroman10-regular]:mapping=t
ex-text;!
Missing character: There is no 师 (U+5E08) in font [lmroman10-regular]:mapping=t
ex-text;!
Missing character: There is no 模 (U+6A21) in font [lmroman10-regular]:mapping=t
ex-text;!
Missing character: There is no 型 (U+578B) in font [lmroman10-regular]:mapping=t
ex-text;!
Missing character: There is no 中 (U+4E2D) in font [lmroman10-regular]:mapping=t
ex-text;!
Missing character: There is no 自 (U+81EA) in font [lmroman10-regular]:mapping=t
ex-text;!
Missing character: There is no 动 (U+52A8) in font [lmroman10-regular]:mapping=t
ex-text;!
Missing character: There is no 学 (U+5B66) in font [lmroman10-regular]:mapping=t
ex-text;!
Missing character: There is no 习 (U+4E60) in font [lmroman10-regular]:mapping=t
ex-text;!
Missing character: There is no ， (U+FF0C) in font [lmroman10-regular]:mapping=t
ex-text;!
Missing character: There is no 而 (U+800C) in font [lmroman10-regular]:mapping=t
ex-text;!
Missing character: There is no 教 (U+6559) in font [lmroman10-regular]:mapping=t
ex-text;!
Missing character: There is no 师 (U+5E08) in font [lmroman10-regular]:mapping=t
ex-text;!
Missing character: There is no 模 (U+6A21) in font [lmroman10-regular]:mapping=t
ex-text;!
Missing character: There is no 型 (U+578B) in font [lmroman10-regular]:mapping=t
ex-text;!
Missing character: There is no 则 (U+5219) in font [lmroman10-regular]:mapping=t
ex-text;!
Missing character: There is no 是 (U+662F) in font [lmroman10-regular]:mapping=t
ex-text;!
Missing character: There is no 改 (U+6539) in font [lmroman10-regular]:mapping=t
ex-text;!
Missing character: There is no 进 (U+8FDB) in font [lmroman10-regular]:mapping=t
ex-text;!
Missing character: There is no 后 (U+540E) in font [lmroman10-regular]:mapping=t
ex-text;!
Missing character: There is no 的 (U+7684) in font [lmroman10-regular]:mapping=t
ex-text;!
Missing character: There is no 基 (U+57FA) in font [lmroman10-regular]:mapping=t
ex-text;!
Missing character: There is no 于 (U+4E8E) in font [lmroman10-regular]:mapping=t
ex-text;!
Missing character: There is no 图 (U+56FE) in font [lmroman10-regular]:mapping=t
ex-text;!
Missing character: There is no 像 (U+50CF) in font [lmroman10-regular]:mapping=t
ex-text;!
Missing character: There is no 的 (U+7684) in font [lmroman10-regular]:mapping=t
ex-text;!
Missing character: There is no 视 (U+89C6) in font [lmroman10-regular]:mapping=t
ex-text;!
Missing character: There is no 觉 (U+89C9) in font [lmroman10-regular]:mapping=t
ex-text;!
Missing character: There is no 伺 (U+4F3A) in font [lmroman10-regular]:mapping=t
ex-text;!
Missing character: There is no 服 (U+670D) in font [lmroman10-regular]:mapping=t
ex-text;!
Missing character: There is no （ (U+FF08) in font [lmroman10-regular]:mapping=t
ex-text;!
Missing character: There is no ） (U+FF09) in font [lmroman10-regular]:mapping=t
ex-text;!
Missing character: There is no 控 (U+63A7) in font [lmroman10-regular]:mapping=t
ex-text;!
Missing character: There is no 制 (U+5236) in font [lmroman10-regular]:mapping=t
ex-text;!
Missing character: There is no 器 (U+5668) in font [lmroman10-regular]:mapping=t
ex-text;!
Missing character: There is no 。 (U+3002) in font [lmroman10-regular]:mapping=t
ex-text;!
Missing character: There is no 我 (U+6211) in font [lmroman10-regular]:mapping=t
ex-text;!
Missing character: There is no 们 (U+4EEC) in font [lmroman10-regular]:mapping=t
ex-text;!
Missing character: There is no 通 (U+901A) in font [lmroman10-regular]:mapping=t
ex-text;!
Missing character: There is no 过 (U+8FC7) in font [lmroman10-regular]:mapping=t
ex-text;!
Missing character: There is no 降 (U+964D) in font [lmroman10-regular]:mapping=t
ex-text;!
Missing character: There is no 低 (U+4F4E) in font [lmroman10-regular]:mapping=t
ex-text;!
Missing character: There is no 经 (U+7ECF) in font [lmroman10-regular]:mapping=t
ex-text;!
Missing character: There is no 典 (U+5178) in font [lmroman10-regular]:mapping=t
ex-text;!
Missing character: There is no 视 (U+89C6) in font [lmroman10-regular]:mapping=t
ex-text;!
Missing character: There is no 觉 (U+89C9) in font [lmroman10-regular]:mapping=t
ex-text;!
Missing character: There is no 伺 (U+4F3A) in font [lmroman10-regular]:mapping=t
ex-text;!
Missing character: There is no 服 (U+670D) in font [lmroman10-regular]:mapping=t
ex-text;!
Missing character: There is no 方 (U+65B9) in font [lmroman10-regular]:mapping=t
ex-text;!
Missing character: There is no 程 (U+7A0B) in font [lmroman10-regular]:mapping=t
ex-text;!
Missing character: There is no 的 (U+7684) in font [lmroman10-regular]:mapping=t
ex-text;!
Missing character: There is no 复 (U+590D) in font [lmroman10-regular]:mapping=t
ex-text;!
Missing character: There is no 杂 (U+6742) in font [lmroman10-regular]:mapping=t
ex-text;!
Missing character: There is no 度 (U+5EA6) in font [lmroman10-regular]:mapping=t
ex-text;!
Missing character: There is no 并 (U+5E76) in font [lmroman10-regular]:mapping=t
ex-text;!
Missing character: There is no 增 (U+589E) in font [lmroman10-regular]:mapping=t
ex-text;!
Missing character: There is no 强 (U+5F3A) in font [lmroman10-regular]:mapping=t
ex-text;!
Missing character: There is no 图 (U+56FE) in font [lmroman10-regular]:mapping=t
ex-text;!
Missing character: There is no 像 (U+50CF) in font [lmroman10-regular]:mapping=t
ex-text;!
Missing character: There is no 特 (U+7279) in font [lmroman10-regular]:mapping=t
ex-text;!
Missing character: There is no 征 (U+5F81) in font [lmroman10-regular]:mapping=t
ex-text;!
Missing character: There is no 检 (U+68C0) in font [lmroman10-regular]:mapping=t
ex-text;!
Missing character: There is no 测 (U+6D4B) in font [lmroman10-regular]:mapping=t
ex-text;!
Missing character: There is no 的 (U+7684) in font [lmroman10-regular]:mapping=t
ex-text;!
Missing character: There is no 稳 (U+7A33) in font [lmroman10-regular]:mapping=t
ex-text;!
Missing character: There is no 定 (U+5B9A) in font [lmroman10-regular]:mapping=t
ex-text;!
Missing character: There is no 性 (U+6027) in font [lmroman10-regular]:mapping=t
ex-text;!
Missing character: There is no ， (U+FF0C) in font [lmroman10-regular]:mapping=t
ex-text;!
Missing character: There is no 解 (U+89E3) in font [lmroman10-regular]:mapping=t
ex-text;!
Missing character: There is no 决 (U+51B3) in font [lmroman10-regular]:mapping=t
ex-text;!
Missing character: There is no 了 (U+4E86) in font [lmroman10-regular]:mapping=t
ex-text;!
Missing character: There is no 系 (U+7CFB) in font [lmroman10-regular]:mapping=t
ex-text;!
Missing character: There is no 统 (U+7EDF) in font [lmroman10-regular]:mapping=t
ex-text;!
Missing character: There is no 中 (U+4E2D) in font [lmroman10-regular]:mapping=t
ex-text;!
Missing character: There is no 的 (U+7684) in font [lmroman10-regular]:mapping=t
ex-text;!
Missing character: There is no 数 (U+6570) in font [lmroman10-regular]:mapping=t
ex-text;!
Missing character: There is no 值 (U+503C) in font [lmroman10-regular]:mapping=t
ex-text;!
Missing character: There is no 不 (U+4E0D) in font [lmroman10-regular]:mapping=t
ex-text;!
Missing character: There is no 稳 (U+7A33) in font [lmroman10-regular]:mapping=t
ex-text;!
Missing character: There is no 定 (U+5B9A) in font [lmroman10-regular]:mapping=t
ex-text;!
Missing character: There is no 问 (U+95EE) in font [lmroman10-regular]:mapping=t
ex-text;!
Missing character: There is no 题 (U+9898) in font [lmroman10-regular]:mapping=t
ex-text;!
Missing character: There is no 。 (U+3002) in font [lmroman10-regular]:mapping=t
ex-text;!
Missing character: There is no 借 (U+501F) in font [lmroman10-regular]:mapping=t
ex-text;!
Missing character: There is no 助 (U+52A9) in font [lmroman10-regular]:mapping=t
ex-text;!
Missing character: There is no 知 (U+77E5) in font [lmroman10-regular]:mapping=t
ex-text;!
Missing character: There is no 识 (U+8BC6) in font [lmroman10-regular]:mapping=t
ex-text;!
Missing character: There is no 蒸 (U+84B8) in font [lmroman10-regular]:mapping=t
ex-text;!
Missing character: There is no 馏 (U+998F) in font [lmroman10-regular]:mapping=t
ex-text;!
Missing character: There is no ， (U+FF0C) in font [lmroman10-regular]:mapping=t
ex-text;!
Missing character: There is no 学 (U+5B66) in font [lmroman10-regular]:mapping=t
ex-text;!
Missing character: There is no 生 (U+751F) in font [lmroman10-regular]:mapping=t
ex-text;!
Missing character: There is no 模 (U+6A21) in font [lmroman10-regular]:mapping=t
ex-text;!
Missing character: There is no 型 (U+578B) in font [lmroman10-regular]:mapping=t
ex-text;!
Missing character: There is no 的 (U+7684) in font [lmroman10-regular]:mapping=t
ex-text;!
Missing character: There is no 推 (U+63A8) in font [lmroman10-regular]:mapping=t
ex-text;!
Missing character: There is no 理 (U+7406) in font [lmroman10-regular]:mapping=t
ex-text;!
Missing character: There is no 速 (U+901F) in font [lmroman10-regular]:mapping=t
ex-text;!
Missing character: There is no 度 (U+5EA6) in font [lmroman10-regular]:mapping=t
ex-text;!
Missing character: There is no 比 (U+6BD4) in font [lmroman10-regular]:mapping=t
ex-text;!
Missing character: There is no 教 (U+6559) in font [lmroman10-regular]:mapping=t
ex-text;!
Missing character: There is no 师 (U+5E08) in font [lmroman10-regular]:mapping=t
ex-text;!
Missing character: There is no 管 (U+7BA1) in font [lmroman10-regular]:mapping=t
ex-text;!
Missing character: There is no 线 (U+7EBF) in font [lmroman10-regular]:mapping=t
ex-text;!
Missing character: There is no 快 (U+5FEB) in font [lmroman10-regular]:mapping=t
ex-text;!
Missing character: There is no ， (U+FF0C) in font [lmroman10-regular]:mapping=t
ex-text;!
Missing character: There is no 同 (U+540C) in font [lmroman10-regular]:mapping=t
ex-text;!
Missing character: There is no 时 (U+65F6) in font [lmroman10-regular]:mapping=t
ex-text;!
Missing character: There is no 在 (U+5728) in font [lmroman10-regular]:mapping=t
ex-text;!
Missing character: There is no 控 (U+63A7) in font [lmroman10-regular]:mapping=t
ex-text;!
Missing character: There is no 制 (U+5236) in font [lmroman10-regular]:mapping=t
ex-text;!
Missing character: There is no 精 (U+7CBE) in font [lmroman10-regular]:mapping=t
ex-text;!
Missing character: There is no 度 (U+5EA6) in font [lmroman10-regular]:mapping=t
ex-text;!
Missing character: There is no 上 (U+4E0A) in font [lmroman10-regular]:mapping=t
ex-text;!
Missing character: There is no 保 (U+4FDD) in font [lmroman10-regular]:mapping=t
ex-text;!
Missing character: There is no 持 (U+6301) in font [lmroman10-regular]:mapping=t
ex-text;!
Missing character: There is no 相 (U+76F8) in font [lmroman10-regular]:mapping=t
ex-text;!
Missing character: There is no 近 (U+8FD1) in font [lmroman10-regular]:mapping=t
ex-text;!
Missing character: There is no 水 (U+6C34) in font [lmroman10-regular]:mapping=t
ex-text;!
Missing character: There is no 平 (U+5E73) in font [lmroman10-regular]:mapping=t
ex-text;!
Missing character: There is no ， (U+FF0C) in font [lmroman10-regular]:mapping=t
ex-text;!
Missing character: There is no 而 (U+800C) in font [lmroman10-regular]:mapping=t
ex-text;!
Missing character: There is no 计 (U+8BA1) in font [lmroman10-regular]:mapping=t
ex-text;!
Missing character: There is no 算 (U+7B97) in font [lmroman10-regular]:mapping=t
ex-text;!
Missing character: There is no 和 (U+548C) in font [lmroman10-regular]:mapping=t
ex-text;!
Missing character: There is no 存 (U+5B58) in font [lmroman10-regular]:mapping=t
ex-text;!
Missing character: There is no 储 (U+50A8) in font [lmroman10-regular]:mapping=t
ex-text;!
Missing character: There is no 开 (U+5F00) in font [lmroman10-regular]:mapping=t
ex-text;!
Missing character: There is no 销 (U+9500) in font [lmroman10-regular]:mapping=t
ex-text;!
Missing character: There is no 则 (U+5219) in font [lmroman10-regular]:mapping=t
ex-text;!
Missing character: There is no 显 (U+663E) in font [lmroman10-regular]:mapping=t
ex-text;!
Missing character: There is no 著 (U+8457) in font [lmroman10-regular]:mapping=t
ex-text;!
Missing character: There is no 降 (U+964D) in font [lmroman10-regular]:mapping=t
ex-text;!
Missing character: There is no 低 (U+4F4E) in font [lmroman10-regular]:mapping=t
ex-text;!
Missing character: There is no 。 (U+3002) in font [lmroman10-regular]:mapping=t
ex-text;!
Missing character: There is no 这 (U+8FD9) in font [lmroman10-regular]:mapping=t
ex-text;!
Missing character: There is no 种 (U+79CD) in font [lmroman10-regular]:mapping=t
ex-text;!
Missing character: There is no 仅 (U+4EC5) in font [lmroman10-regular]:mapping=t
ex-text;!
Missing character: There is no 依 (U+4F9D) in font [lmroman10-regular]:mapping=t
ex-text;!
Missing character: There is no 赖 (U+8D56) in font [lmroman10-regular]:mapping=t
ex-text;!
Missing character: There is no 视 (U+89C6) in font [lmroman10-regular]:mapping=t
ex-text;!
Missing character: There is no 觉 (U+89C9) in font [lmroman10-regular]:mapping=t
ex-text;!
Missing character: There is no 的 (U+7684) in font [lmroman10-regular]:mapping=t
ex-text;!
Missing character: There is no 自 (U+81EA) in font [lmroman10-regular]:mapping=t
ex-text;!
Missing character: There is no 监 (U+76D1) in font [lmroman10-regular]:mapping=t
ex-text;!
Missing character: There is no 督 (U+7763) in font [lmroman10-regular]:mapping=t
ex-text;!
Missing character: There is no 神 (U+795E) in font [lmroman10-regular]:mapping=t
ex-text;!
Missing character: There is no 经 (U+7ECF) in font [lmroman10-regular]:mapping=t
ex-text;!
Missing character: There is no 解 (U+89E3) in font [lmroman10-regular]:mapping=t
ex-text;!
Missing character: There is no 析 (U+6790) in font [lmroman10-regular]:mapping=t
ex-text;!
Missing character: There is no 控 (U+63A7) in font [lmroman10-regular]:mapping=t
ex-text;!
Missing character: There is no 制 (U+5236) in font [lmroman10-regular]:mapping=t
ex-text;!
Missing character: There is no 方 (U+65B9) in font [lmroman10-regular]:mapping=t
ex-text;!
Missing character: There is no 式 (U+5F0F) in font [lmroman10-regular]:mapping=t
ex-text;!
Missing character: There is no ， (U+FF0C) in font [lmroman10-regular]:mapping=t
ex-text;!
Missing character: There is no 无 (U+65E0) in font [lmroman10-regular]:mapping=t
ex-text;!
Missing character: There is no 需 (U+9700) in font [lmroman10-regular]:mapping=t
ex-text;!
Missing character: There is no 显 (U+663E) in font [lmroman10-regular]:mapping=t
ex-text;!
Missing character: There is no 式 (U+5F0F) in font [lmroman10-regular]:mapping=t
ex-text;!
Missing character: There is no 几 (U+51E0) in font [lmroman10-regular]:mapping=t
ex-text;!
Missing character: There is no 何 (U+4F55) in font [lmroman10-regular]:mapping=t
ex-text;!
Missing character: There is no 模 (U+6A21) in font [lmroman10-regular]:mapping=t
ex-text;!
Missing character: There is no 型 (U+578B) in font [lmroman10-regular]:mapping=t
ex-text;!
Missing character: There is no 或 (U+6216) in font [lmroman10-regular]:mapping=t
ex-text;!
Missing character: There is no ， (U+FF0C) in font [lmroman10-regular]:mapping=t
ex-text;!
Missing character: There is no 即 (U+5373) in font [lmroman10-regular]:mapping=t
ex-text;!
Missing character: There is no 可 (U+53EF) in font [lmroman10-regular]:mapping=t
ex-text;!
Missing character: There is no 实 (U+5B9E) in font [lmroman10-regular]:mapping=t
ex-text;!
Missing character: There is no 现 (U+73B0) in font [lmroman10-regular]:mapping=t
ex-text;!
Missing character: There is no 四 (U+56DB) in font [lmroman10-regular]:mapping=t
ex-text;!
Missing character: There is no 旋 (U+65CB) in font [lmroman10-regular]:mapping=t
ex-text;!
Missing character: There is no 翼 (U+7FFC) in font [lmroman10-regular]:mapping=t
ex-text;!
Missing character: There is no 的 (U+7684) in font [lmroman10-regular]:mapping=t
ex-text;!
Missing character: There is no 姿 (U+59FF) in font [lmroman10-regular]:mapping=t
ex-text;!
Missing character: There is no 态 (U+6001) in font [lmroman10-regular]:mapping=t
ex-text;!
Missing character: There is no 调 (U+8C03) in font [lmroman10-regular]:mapping=t
ex-text;!
Missing character: There is no 整 (U+6574) in font [lmroman10-regular]:mapping=t
ex-text;!
Missing character: There is no 与 (U+4E0E) in font [lmroman10-regular]:mapping=t
ex-text;!
Missing character: There is no 运 (U+8FD0) in font [lmroman10-regular]:mapping=t
ex-text;!
Missing character: There is no 动 (U+52A8) in font [lmroman10-regular]:mapping=t
ex-text;!
Missing character: There is no 控 (U+63A7) in font [lmroman10-regular]:mapping=t
ex-text;!
Missing character: There is no 制 (U+5236) in font [lmroman10-regular]:mapping=t
ex-text;!
Missing character: There is no 。 (U+3002) in font [lmroman10-regular]:mapping=t
ex-text;!
Missing character: There is no 所 (U+6240) in font [lmroman10-regular]:mapping=t
ex-text;!
Missing character: There is no 提 (U+63D0) in font [lmroman10-regular]:mapping=t
ex-text;!
Missing character: There is no 方 (U+65B9) in font [lmroman10-regular]:mapping=t
ex-text;!
Missing character: There is no 法 (U+6CD5) in font [lmroman10-regular]:mapping=t
ex-text;!
Missing character: There is no 结 (U+7ED3) in font [lmroman10-regular]:mapping=t
ex-text;!
Missing character: There is no 合 (U+5408) in font [lmroman10-regular]:mapping=t
ex-text;!
Missing character: There is no 了 (U+4E86) in font [lmroman10-regular]:mapping=t
ex-text;!
Missing character: There is no 仿 (U+4EFF) in font [lmroman10-regular]:mapping=t
ex-text;!
Missing character: There is no 真 (U+771F) in font [lmroman10-regular]:mapping=t
ex-text;!
Missing character: There is no 到 (U+5230) in font [lmroman10-regular]:mapping=t
ex-text;!
Missing character: There is no 现 (U+73B0) in font [lmroman10-regular]:mapping=t
ex-text;!
Missing character: There is no 实 (U+5B9E) in font [lmroman10-regular]:mapping=t
ex-text;!
Missing character: There is no 的 (U+7684) in font [lmroman10-regular]:mapping=t
ex-text;!
Missing character: There is no 迁 (U+8FC1) in font [lmroman10-regular]:mapping=t
ex-text;!
Missing character: There is no 移 (U+79FB) in font [lmroman10-regular]:mapping=t
ex-text;!
Missing character: There is no 学 (U+5B66) in font [lmroman10-regular]:mapping=t
ex-text;!
Missing character: There is no 习 (U+4E60) in font [lmroman10-regular]:mapping=t
ex-text;!
Missing character: There is no ， (U+FF0C) in font [lmroman10-regular]:mapping=t
ex-text;!
Missing character: There is no 并 (U+5E76) in font [lmroman10-regular]:mapping=t
ex-text;!
Missing character: There is no 在 (U+5728) in font [lmroman10-regular]:mapping=t
ex-text;!
Missing character: There is no 无 (U+65E0) in font [lmroman10-regular]:mapping=t
ex-text;!
Missing character: There is no 的 (U+7684) in font [lmroman10-regular]:mapping=t
ex-text;!
Missing character: There is no 室 (U+5BA4) in font [lmroman10-regular]:mapping=t
ex-text;!
Missing character: There is no 内 (U+5185) in font [lmroman10-regular]:mapping=t
ex-text;!
Missing character: There is no 环 (U+73AF) in font [lmroman10-regular]:mapping=t
ex-text;!
Missing character: There is no 境 (U+5883) in font [lmroman10-regular]:mapping=t
ex-text;!
Missing character: There is no 中 (U+4E2D) in font [lmroman10-regular]:mapping=t
ex-text;!
Missing character: There is no 、 (U+3001) in font [lmroman10-regular]:mapping=t
ex-text;!
Missing character: There is no 基 (U+57FA) in font [lmroman10-regular]:mapping=t
ex-text;!
Missing character: There is no 于 (U+4E8E) in font [lmroman10-regular]:mapping=t
ex-text;!
Missing character: There is no 小 (U+5C0F) in font [lmroman10-regular]:mapping=t
ex-text;!
Missing character: There is no 型 (U+578B) in font [lmroman10-regular]:mapping=t
ex-text;!
Missing character: There is no 无 (U+65E0) in font [lmroman10-regular]:mapping=t
ex-text;!
Missing character: There is no 人 (U+4EBA) in font [lmroman10-regular]:mapping=t
ex-text;!
Missing character: There is no 机 (U+673A) in font [lmroman10-regular]:mapping=t
ex-text;!
Missing character: There is no 平 (U+5E73) in font [lmroman10-regular]:mapping=t
ex-text;!
Missing character: There is no 台 (U+53F0) in font [lmroman10-regular]:mapping=t
ex-text;!
Missing character: There is no 进 (U+8FDB) in font [lmroman10-regular]:mapping=t
ex-text;!
Missing character: There is no 行 (U+884C) in font [lmroman10-regular]:mapping=t
ex-text;!
Missing character: There is no 了 (U+4E86) in font [lmroman10-regular]:mapping=t
ex-text;!
Missing character: There is no 验 (U+9A8C) in font [lmroman10-regular]:mapping=t
ex-text;!
Missing character: There is no 证 (U+8BC1) in font [lmroman10-regular]:mapping=t
ex-text;!
Missing character: There is no 。 (U+3002) in font [lmroman10-regular]:mapping=t
ex-text;!
Missing character: There is no 本 (U+672C) in font [lmroman10-regular]:mapping=t
ex-text;!
Missing character: There is no 文 (U+6587) in font [lmroman10-regular]:mapping=t
ex-text;!
Missing character: There is no 的 (U+7684) in font [lmroman10-regular]:mapping=t
ex-text;!
Missing character: There is no 主 (U+4E3B) in font [lmroman10-regular]:mapping=t
ex-text;!
Missing character: There is no 要 (U+8981) in font [lmroman10-regular]:mapping=t
ex-text;!
Missing character: There is no 贡 (U+8D21) in font [lmroman10-regular]:mapping=t
ex-text;!
Missing character: There is no 献 (U+732E) in font [lmroman10-regular]:mapping=t
ex-text;!
Missing character: There is no 包 (U+5305) in font [lmroman10-regular]:mapping=t
ex-text;!
Missing character: There is no 括 (U+62EC) in font [lmroman10-regular]:mapping=t
ex-text;!
Missing character: There is no ： (U+FF1A) in font [lmroman10-regular]:mapping=t
ex-text;!
Missing character: There is no 提 (U+63D0) in font [lmroman10-regular]:mapping=t
ex-text;!
Missing character: There is no 出 (U+51FA) in font [lmroman10-regular]:mapping=t
ex-text;!
Missing character: There is no 一 (U+4E00) in font [lmroman10-regular]:mapping=t
ex-text;!
Missing character: There is no 种 (U+79CD) in font [lmroman10-regular]:mapping=t
ex-text;!
Missing character: There is no 能 (U+80FD) in font [lmroman10-regular]:mapping=t
ex-text;!
Missing character: There is no 够 (U+591F) in font [lmroman10-regular]:mapping=t
ex-text;!
Missing character: There is no 解 (U+89E3) in font [lmroman10-regular]:mapping=t
ex-text;!
Missing character: There is no 决 (U+51B3) in font [lmroman10-regular]:mapping=t
ex-text;!
Missing character: There is no 经 (U+7ECF) in font [lmroman10-regular]:mapping=t
ex-text;!
Missing character: There is no 典 (U+5178) in font [lmroman10-regular]:mapping=t
ex-text;!
Missing character: There is no 方 (U+65B9) in font [lmroman10-regular]:mapping=t
ex-text;!
Missing character: There is no 法 (U+6CD5) in font [lmroman10-regular]:mapping=t
ex-text;!
Missing character: There is no 中 (U+4E2D) in font [lmroman10-regular]:mapping=t
ex-text;!
Missing character: There is no 固 (U+56FA) in font [lmroman10-regular]:mapping=t
ex-text;!
Missing character: There is no 有 (U+6709) in font [lmroman10-regular]:mapping=t
ex-text;!
Missing character: There is no 数 (U+6570) in font [lmroman10-regular]:mapping=t
ex-text;!
Missing character: There is no 值 (U+503C) in font [lmroman10-regular]:mapping=t
ex-text;!
Missing character: There is no 不 (U+4E0D) in font [lmroman10-regular]:mapping=t
ex-text;!
Missing character: There is no 稳 (U+7A33) in font [lmroman10-regular]:mapping=t
ex-text;!
Missing character: There is no 定 (U+5B9A) in font [lmroman10-regular]:mapping=t
ex-text;!
Missing character: There is no 问 (U+95EE) in font [lmroman10-regular]:mapping=t
ex-text;!
Missing character: There is no 题 (U+9898) in font [lmroman10-regular]:mapping=t
ex-text;!
Missing character: There is no 的 (U+7684) in font [lmroman10-regular]:mapping=t
ex-text;!
Missing character: There is no 解 (U+89E3) in font [lmroman10-regular]:mapping=t
ex-text;!
Missing character: There is no 析 (U+6790) in font [lmroman10-regular]:mapping=t
ex-text;!
Missing character: There is no 式 (U+5F0F) in font [lmroman10-regular]:mapping=t
ex-text;!
Missing character: There is no 教 (U+6559) in font [lmroman10-regular]:mapping=t
ex-text;!
Missing character: There is no 师 (U+5E08) in font [lmroman10-regular]:mapping=t
ex-text;!
Missing character: There is no 模 (U+6A21) in font [lmroman10-regular]:mapping=t
ex-text;!
Missing character: There is no 型 (U+578B) in font [lmroman10-regular]:mapping=t
ex-text;!
Missing character: There is no ； (U+FF1B) in font [lmroman10-regular]:mapping=t
ex-text;!
Missing character: There is no 构 (U+6784) in font [lmroman10-regular]:mapping=t
ex-text;!
Missing character: There is no 建 (U+5EFA) in font [lmroman10-regular]:mapping=t
ex-text;!
Missing character: There is no 由 (U+7531) in font [lmroman10-regular]:mapping=t
ex-text;!
Missing character: There is no 与 (U+4E0E) in font [lmroman10-regular]:mapping=t
ex-text;!
Missing character: There is no 基 (U+57FA) in font [lmroman10-regular]:mapping=t
ex-text;!
Missing character: There is no 于 (U+4E8E) in font [lmroman10-regular]:mapping=t
ex-text;!
Missing character: There is no 的 (U+7684) in font [lmroman10-regular]:mapping=t
ex-text;!
Missing character: There is no 掩 (U+63A9) in font [lmroman10-regular]:mapping=t
ex-text;!
Missing character: There is no 码 (U+7801) in font [lmroman10-regular]:mapping=t
ex-text;!
Missing character: There is no 分 (U+5206) in font [lmroman10-regular]:mapping=t
ex-text;!
Missing character: There is no 裂 (U+88C2) in font [lmroman10-regular]:mapping=t
ex-text;!
Missing character: There is no 器 (U+5668) in font [lmroman10-regular]:mapping=t
ex-text;!
Missing character: There is no 组 (U+7EC4) in font [lmroman10-regular]:mapping=t
ex-text;!
Missing character: There is no 成 (U+6210) in font [lmroman10-regular]:mapping=t
ex-text;!
Missing character: There is no 的 (U+7684) in font [lmroman10-regular]:mapping=t
ex-text;!
Missing character: There is no 两 (U+4E24) in font [lmroman10-regular]:mapping=t
ex-text;!
Missing character: There is no 阶 (U+9636) in font [lmroman10-regular]:mapping=t
ex-text;!
Missing character: There is no 段 (U+6BB5) in font [lmroman10-regular]:mapping=t
ex-text;!
Missing character: There is no 分 (U+5206) in font [lmroman10-regular]:mapping=t
ex-text;!
Missing character: There is no 割 (U+5272) in font [lmroman10-regular]:mapping=t
ex-text;!
Missing character: There is no 流 (U+6D41) in font [lmroman10-regular]:mapping=t
ex-text;!
Missing character: There is no 程 (U+7A0B) in font [lmroman10-regular]:mapping=t
ex-text;!
Missing character: There is no ， (U+FF0C) in font [lmroman10-regular]:mapping=t
ex-text;!
Missing character: There is no 用 (U+7528) in font [lmroman10-regular]:mapping=t
ex-text;!
Missing character: There is no 于 (U+4E8E) in font [lmroman10-regular]:mapping=t
ex-text;!
Missing character: There is no 稳 (U+7A33) in font [lmroman10-regular]:mapping=t
ex-text;!
Missing character: There is no 健 (U+5065) in font [lmroman10-regular]:mapping=t
ex-text;!
Missing character: There is no 地 (U+5730) in font [lmroman10-regular]:mapping=t
ex-text;!
Missing character: There is no 将 (U+5C06) in font [lmroman10-regular]:mapping=t
ex-text;!
Missing character: There is no 车 (U+8F66) in font [lmroman10-regular]:mapping=t
ex-text;!
Missing character: There is no 辆 (U+8F86) in font [lmroman10-regular]:mapping=t
ex-text;!
Missing character: There is no 前 (U+524D) in font [lmroman10-regular]:mapping=t
ex-text;!
Missing character: There is no 后 (U+540E) in font [lmroman10-regular]:mapping=t
ex-text;!
Missing character: There is no 区 (U+533A) in font [lmroman10-regular]:mapping=t
ex-text;!
Missing character: There is no 域 (U+57DF) in font [lmroman10-regular]:mapping=t
ex-text;!
Missing character: There is no 分 (U+5206) in font [lmroman10-regular]:mapping=t
ex-text;!
Missing character: There is no 开 (U+5F00) in font [lmroman10-regular]:mapping=t
ex-text;!
Missing character: There is no 并 (U+5E76) in font [lmroman10-regular]:mapping=t
ex-text;!
Missing character: There is no 正 (U+6B63) in font [lmroman10-regular]:mapping=t
ex-text;!
Missing character: There is no 确 (U+786E) in font [lmroman10-regular]:mapping=t
ex-text;!
Missing character: There is no 估 (U+4F30) in font [lmroman10-regular]:mapping=t
ex-text;!
Missing character: There is no 计 (U+8BA1) in font [lmroman10-regular]:mapping=t
ex-text;!
Missing character: There is no 目 (U+76EE) in font [lmroman10-regular]:mapping=t
ex-text;!
Missing character: There is no 标 (U+6807) in font [lmroman10-regular]:mapping=t
ex-text;!
Missing character: There is no 朝 (U+671D) in font [lmroman10-regular]:mapping=t
ex-text;!
Missing character: There is no 向 (U+5411) in font [lmroman10-regular]:mapping=t
ex-text;!
Missing character: There is no ； (U+FF1B) in font [lmroman10-regular]:mapping=t
ex-text;!
Missing character: There is no 设 (U+8BBE) in font [lmroman10-regular]:mapping=t
ex-text;!
Missing character: There is no 计 (U+8BA1) in font [lmroman10-regular]:mapping=t
ex-text;!
Missing character: There is no 一 (U+4E00) in font [lmroman10-regular]:mapping=t
ex-text;!
Missing character: There is no 种 (U+79CD) in font [lmroman10-regular]:mapping=t
ex-text;!
Missing character: There is no 高 (U+9AD8) in font [lmroman10-regular]:mapping=t
ex-text;!
Missing character: There is no 效 (U+6548) in font [lmroman10-regular]:mapping=t
ex-text;!
Missing character: There is no 的 (U+7684) in font [lmroman10-regular]:mapping=t
ex-text;!
Missing character: There is no 双 (U+53CC) in font [lmroman10-regular]:mapping=t
ex-text;!
Missing character: There is no 路 (U+8DEF) in font [lmroman10-regular]:mapping=t
ex-text;!
Missing character: There is no 径 (U+5F84) in font [lmroman10-regular]:mapping=t
ex-text;!
Missing character: There is no 知 (U+77E5) in font [lmroman10-regular]:mapping=t
ex-text;!
Missing character: There is no 识 (U+8BC6) in font [lmroman10-regular]:mapping=t
ex-text;!
Missing character: There is no 蒸 (U+84B8) in font [lmroman10-regular]:mapping=t
ex-text;!
Missing character: There is no 馏 (U+998F) in font [lmroman10-regular]:mapping=t
ex-text;!
Missing character: There is no 系 (U+7CFB) in font [lmroman10-regular]:mapping=t
ex-text;!
Missing character: There is no 统 (U+7EDF) in font [lmroman10-regular]:mapping=t
ex-text;!
Missing character: There is no ， (U+FF0C) in font [lmroman10-regular]:mapping=t
ex-text;!
Missing character: There is no 将 (U+5C06) in font [lmroman10-regular]:mapping=t
ex-text;!
Missing character: There is no 教 (U+6559) in font [lmroman10-regular]:mapping=t
ex-text;!
Missing character: There is no 师 (U+5E08) in font [lmroman10-regular]:mapping=t
ex-text;!
Missing character: There is no 模 (U+6A21) in font [lmroman10-regular]:mapping=t
ex-text;!
Missing character: There is no 型 (U+578B) in font [lmroman10-regular]:mapping=t
ex-text;!
Missing character: There is no 的 (U+7684) in font [lmroman10-regular]:mapping=t
ex-text;!
Missing character: There is no 几 (U+51E0) in font [lmroman10-regular]:mapping=t
ex-text;!
Missing character: There is no 何 (U+4F55) in font [lmroman10-regular]:mapping=t
ex-text;!
Missing character: There is no 视 (U+89C6) in font [lmroman10-regular]:mapping=t
ex-text;!
Missing character: There is no 觉 (U+89C9) in font [lmroman10-regular]:mapping=t
ex-text;!
Missing character: There is no 伺 (U+4F3A) in font [lmroman10-regular]:mapping=t
ex-text;!
Missing character: There is no 服 (U+670D) in font [lmroman10-regular]:mapping=t
ex-text;!
Missing character: There is no 能 (U+80FD) in font [lmroman10-regular]:mapping=t
ex-text;!
Missing character: There is no 力 (U+529B) in font [lmroman10-regular]:mapping=t
ex-text;!
Missing character: There is no 迁 (U+8FC1) in font [lmroman10-regular]:mapping=t
ex-text;!
Missing character: There is no 移 (U+79FB) in font [lmroman10-regular]:mapping=t
ex-text;!
Missing character: There is no 到 (U+5230) in font [lmroman10-regular]:mapping=t
ex-text;!
Missing character: There is no 紧 (U+7D27) in font [lmroman10-regular]:mapping=t
ex-text;!
Missing character: There is no 凑 (U+51D1) in font [lmroman10-regular]:mapping=t
ex-text;!
Missing character: There is no 型 (U+578B) in font [lmroman10-regular]:mapping=t
ex-text;!
Missing character: There is no 学 (U+5B66) in font [lmroman10-regular]:mapping=t
ex-text;!
Missing character: There is no 生 (U+751F) in font [lmroman10-regular]:mapping=t
ex-text;!
Missing character: There is no 神 (U+795E) in font [lmroman10-regular]:mapping=t
ex-text;!
Missing character: There is no 经 (U+7ECF) in font [lmroman10-regular]:mapping=t
ex-text;!
Missing character: There is no 网 (U+7F51) in font [lmroman10-regular]:mapping=t
ex-text;!
Missing character: There is no 络 (U+7EDC) in font [lmroman10-regular]:mapping=t
ex-text;!
Missing character: There is no 中 (U+4E2D) in font [lmroman10-regular]:mapping=t
ex-text;!
Missing character: There is no ， (U+FF0C) in font [lmroman10-regular]:mapping=t
ex-text;!
Missing character: There is no 使 (U+4F7F) in font [lmroman10-regular]:mapping=t
ex-text;!
Missing character: There is no 其 (U+5176) in font [lmroman10-regular]:mapping=t
ex-text;!
Missing character: There is no 在 (U+5728) in font [lmroman10-regular]:mapping=t
ex-text;!
Missing character: There is no 优 (U+4F18) in font [lmroman10-regular]:mapping=t
ex-text;!
Missing character: There is no 于 (U+4E8E) in font [lmroman10-regular]:mapping=t
ex-text;!
Missing character: There is no 教 (U+6559) in font [lmroman10-regular]:mapping=t
ex-text;!
Missing character: There is no 师 (U+5E08) in font [lmroman10-regular]:mapping=t
ex-text;!
Missing character: There is no 模 (U+6A21) in font [lmroman10-regular]:mapping=t
ex-text;!
Missing character: There is no 型 (U+578B) in font [lmroman10-regular]:mapping=t
ex-text;!
Missing character: There is no 的 (U+7684) in font [lmroman10-regular]:mapping=t
ex-text;!
Missing character: There is no 同 (U+540C) in font [lmroman10-regular]:mapping=t
ex-text;!
Missing character: There is no 时 (U+65F6) in font [lmroman10-regular]:mapping=t
ex-text;!
Missing character: There is no ， (U+FF0C) in font [lmroman10-regular]:mapping=t
ex-text;!
Missing character: There is no 适 (U+9002) in font [lmroman10-regular]:mapping=t
ex-text;!
Missing character: There is no 合 (U+5408) in font [lmroman10-regular]:mapping=t
ex-text;!
Missing character: There is no 实 (U+5B9E) in font [lmroman10-regular]:mapping=t
ex-text;!
Missing character: There is no 时 (U+65F6) in font [lmroman10-regular]:mapping=t
ex-text;!
Missing character: There is no 机 (U+673A) in font [lmroman10-regular]:mapping=t
ex-text;!
Missing character: There is no 载 (U+8F7D) in font [lmroman10-regular]:mapping=t
ex-text;!
Missing character: There is no 部 (U+90E8) in font [lmroman10-regular]:mapping=t
ex-text;!
Missing character: There is no 署 (U+7F72) in font [lmroman10-regular]:mapping=t
ex-text;!
Missing character: There is no 。 (U+3002) in font [lmroman10-regular]:mapping=t
ex-text;!
Missing character: There is no 引 (U+5F15) in font [lmroman12-regular]:mapping=t
ex-text;!
Missing character: There is no 言 (U+8A00) in font [lmroman12-regular]:mapping=t
ex-text;!
Missing character: There is no 四 (U+56DB) in font [lmroman10-regular]:mapping=t
ex-text;!
Missing character: There is no 旋 (U+65CB) in font [lmroman10-regular]:mapping=t
ex-text;!
Missing character: There is no 翼 (U+7FFC) in font [lmroman10-regular]:mapping=t
ex-text;!
Missing character: There is no 无 (U+65E0) in font [lmroman10-regular]:mapping=t
ex-text;!
Missing character: There is no 人 (U+4EBA) in font [lmroman10-regular]:mapping=t
ex-text;!
Missing character: There is no 机 (U+673A) in font [lmroman10-regular]:mapping=t
ex-text;!
Missing character: There is no 的 (U+7684) in font [lmroman10-regular]:mapping=t
ex-text;!
Missing character: There is no 应 (U+5E94) in font [lmroman10-regular]:mapping=t
ex-text;!
Missing character: There is no 用 (U+7528) in font [lmroman10-regular]:mapping=t
ex-text;!
Missing character: There is no 已 (U+5DF2) in font [lmroman10-regular]:mapping=t
ex-text;!
Missing character: There is no 经 (U+7ECF) in font [lmroman10-regular]:mapping=t
ex-text;!
Missing character: There is no 从 (U+4ECE) in font [lmroman10-regular]:mapping=t
ex-text;!
Missing character: There is no 遥 (U+9065) in font [lmroman10-regular]:mapping=t
ex-text;!
Missing character: There is no 控 (U+63A7) in font [lmroman10-regular]:mapping=t
ex-text;!
Missing character: There is no 飞 (U+98DE) in font [lmroman10-regular]:mapping=t
ex-text;!
Missing character: There is no 行 (U+884C) in font [lmroman10-regular]:mapping=t
ex-text;!
Missing character: There is no 器 (U+5668) in font [lmroman10-regular]:mapping=t
ex-text;!
Missing character: There is no 扩 (U+6269) in font [lmroman10-regular]:mapping=t
ex-text;!
Missing character: There is no 展 (U+5C55) in font [lmroman10-regular]:mapping=t
ex-text;!
Missing character: There is no 到 (U+5230) in font [lmroman10-regular]:mapping=t
ex-text;!
Missing character: There is no 用 (U+7528) in font [lmroman10-regular]:mapping=t
ex-text;!
Missing character: There is no 于 (U+4E8E) in font [lmroman10-regular]:mapping=t
ex-text;!
Missing character: There is no 航 (U+822A) in font [lmroman10-regular]:mapping=t
ex-text;!
Missing character: There is no 拍 (U+62CD) in font [lmroman10-regular]:mapping=t
ex-text;!
Missing character: There is no 、 (U+3001) in font [lmroman10-regular]:mapping=t
ex-text;!
Missing character: There is no 测 (U+6D4B) in font [lmroman10-regular]:mapping=t
ex-text;!
Missing character: There is no 绘 (U+7ED8) in font [lmroman10-regular]:mapping=t
ex-text;!
Missing character: There is no 和 (U+548C) in font [lmroman10-regular]:mapping=t
ex-text;!
Missing character: There is no 配 (U+914D) in font [lmroman10-regular]:mapping=t
ex-text;!
Missing character: There is no 送 (U+9001) in font [lmroman10-regular]:mapping=t
ex-text;!
Missing character: There is no 的 (U+7684) in font [lmroman10-regular]:mapping=t
ex-text;!
Missing character: There is no 自 (U+81EA) in font [lmroman10-regular]:mapping=t
ex-text;!
Missing character: There is no 主 (U+4E3B) in font [lmroman10-regular]:mapping=t
ex-text;!
Missing character: There is no 系 (U+7CFB) in font [lmroman10-regular]:mapping=t
ex-text;!
Missing character: There is no 统 (U+7EDF) in font [lmroman10-regular]:mapping=t
ex-text;!
Missing character: There is no ， (U+FF0C) in font [lmroman10-regular]:mapping=t
ex-text;!
Missing character: There is no 通 (U+901A) in font [lmroman10-regular]:mapping=t
ex-text;!
Missing character: There is no 常 (U+5E38) in font [lmroman10-regular]:mapping=t
ex-text;!
Missing character: There is no 依 (U+4F9D) in font [lmroman10-regular]:mapping=t
ex-text;!
Missing character: There is no 赖 (U+8D56) in font [lmroman10-regular]:mapping=t
ex-text;!
Missing character: There is no 、 (U+3001) in font [lmroman10-regular]:mapping=t
ex-text;!
Missing character: There is no 以 (U+4EE5) in font [lmroman10-regular]:mapping=t
ex-text;!
Missing character: There is no 及 (U+53CA) in font [lmroman10-regular]:mapping=t
ex-text;!
Missing character: There is no 自 (U+81EA) in font [lmroman10-regular]:mapping=t
ex-text;!
Missing character: There is no 由 (U+7531) in font [lmroman10-regular]:mapping=t
ex-text;!
Missing character: There is no 度 (U+5EA6) in font [lmroman10-regular]:mapping=t
ex-text;!
Missing character: There is no 传 (U+4F20) in font [lmroman10-regular]:mapping=t
ex-text;!
Missing character: There is no 感 (U+611F) in font [lmroman10-regular]:mapping=t
ex-text;!
Missing character: There is no 器 (U+5668) in font [lmroman10-regular]:mapping=t
ex-text;!
Missing character: There is no 融 (U+878D) in font [lmroman10-regular]:mapping=t
ex-text;!
Missing character: There is no 合 (U+5408) in font [lmroman10-regular]:mapping=t
ex-text;!

Package natbib Warning: Citation `arreola2018improvement' on page 1 undefined o
n input line 46.

Missing character: There is no 。 (U+3002) in font [lmroman10-regular]:mapping=t
ex-text;!
Missing character: There is no 虽 (U+867D) in font [lmroman10-regular]:mapping=t
ex-text;!
Missing character: There is no 然 (U+7136) in font [lmroman10-regular]:mapping=t
ex-text;!
Missing character: There is no 这 (U+8FD9) in font [lmroman10-regular]:mapping=t
ex-text;!
Missing character: There is no 些 (U+4E9B) in font [lmroman10-regular]:mapping=t
ex-text;!
Missing character: There is no 传 (U+4F20) in font [lmroman10-regular]:mapping=t
ex-text;!
Missing character: There is no 感 (U+611F) in font [lmroman10-regular]:mapping=t
ex-text;!
Missing character: There is no 器 (U+5668) in font [lmroman10-regular]:mapping=t
ex-text;!
Missing character: There is no 在 (U+5728) in font [lmroman10-regular]:mapping=t
ex-text;!
Missing character: There is no 室 (U+5BA4) in font [lmroman10-regular]:mapping=t
ex-text;!
Missing character: There is no 外 (U+5916) in font [lmroman10-regular]:mapping=t
ex-text;!
Missing character: There is no 环 (U+73AF) in font [lmroman10-regular]:mapping=t
ex-text;!
Missing character: There is no 境 (U+5883) in font [lmroman10-regular]:mapping=t
ex-text;!
Missing character: There is no 中 (U+4E2D) in font [lmroman10-regular]:mapping=t
ex-text;!
Missing character: There is no 效 (U+6548) in font [lmroman10-regular]:mapping=t
ex-text;!
Missing character: There is no 果 (U+679C) in font [lmroman10-regular]:mapping=t
ex-text;!
Missing character: There is no 较 (U+8F83) in font [lmroman10-regular]:mapping=t
ex-text;!
Missing character: There is no 好 (U+597D) in font [lmroman10-regular]:mapping=t
ex-text;!
Missing character: There is no ， (U+FF0C) in font [lmroman10-regular]:mapping=t
ex-text;!
Missing character: There is no 但 (U+4F46) in font [lmroman10-regular]:mapping=t
ex-text;!
Missing character: There is no 在 (U+5728) in font [lmroman10-regular]:mapping=t
ex-text;!
Missing character: There is no 室 (U+5BA4) in font [lmroman10-regular]:mapping=t
ex-text;!
Missing character: There is no 内 (U+5185) in font [lmroman10-regular]:mapping=t
ex-text;!
Missing character: There is no 环 (U+73AF) in font [lmroman10-regular]:mapping=t
ex-text;!
Missing character: There is no 境 (U+5883) in font [lmroman10-regular]:mapping=t
ex-text;!
Missing character: There is no 下 (U+4E0B) in font [lmroman10-regular]:mapping=t
ex-text;!
Missing character: There is no 会 (U+4F1A) in font [lmroman10-regular]:mapping=t
ex-text;!
Missing character: There is no 因 (U+56E0) in font [lmroman10-regular]:mapping=t
ex-text;!
Missing character: There is no 信 (U+4FE1) in font [lmroman10-regular]:mapping=t
ex-text;!
Missing character: There is no 号 (U+53F7) in font [lmroman10-regular]:mapping=t
ex-text;!
Missing character: There is no 干 (U+5E72) in font [lmroman10-regular]:mapping=t
ex-text;!
Missing character: There is no 扰 (U+6270) in font [lmroman10-regular]:mapping=t
ex-text;!
Missing character: There is no 、 (U+3001) in font [lmroman10-regular]:mapping=t
ex-text;!
Missing character: There is no 多 (U+591A) in font [lmroman10-regular]:mapping=t
ex-text;!
Missing character: There is no 路 (U+8DEF) in font [lmroman10-regular]:mapping=t
ex-text;!
Missing character: There is no 径 (U+5F84) in font [lmroman10-regular]:mapping=t
ex-text;!
Missing character: There is no 效 (U+6548) in font [lmroman10-regular]:mapping=t
ex-text;!
Missing character: There is no 应 (U+5E94) in font [lmroman10-regular]:mapping=t
ex-text;!
Missing character: There is no 和 (U+548C) in font [lmroman10-regular]:mapping=t
ex-text;!
Missing character: There is no 标 (U+6807) in font [lmroman10-regular]:mapping=t
ex-text;!
Missing character: There is no 定 (U+5B9A) in font [lmroman10-regular]:mapping=t
ex-text;!
Missing character: There is no 误 (U+8BEF) in font [lmroman10-regular]:mapping=t
ex-text;!
Missing character: There is no 差 (U+5DEE) in font [lmroman10-regular]:mapping=t
ex-text;!
Missing character: There is no 而 (U+800C) in font [lmroman10-regular]:mapping=t
ex-text;!
Missing character: There is no 性 (U+6027) in font [lmroman10-regular]:mapping=t
ex-text;!
Missing character: There is no 能 (U+80FD) in font [lmroman10-regular]:mapping=t
ex-text;!
Missing character: There is no 下 (U+4E0B) in font [lmroman10-regular]:mapping=t
ex-text;!
Missing character: There is no 降 (U+964D) in font [lmroman10-regular]:mapping=t
ex-text;!

Package natbib Warning: Citation `tang2024control' on page 1 undefined on input
 line 46.


Package natbib Warning: Citation `rebbapragada2024c2fdrone' on page 1 undefined
 on input line 46.

Missing character: There is no 。 (U+3002) in font [lmroman10-regular]:mapping=t
ex-text;!
Missing character: There is no 基 (U+57FA) in font [lmroman10-regular]:mapping=t
ex-text;!
Missing character: There is no 于 (U+4E8E) in font [lmroman10-regular]:mapping=t
ex-text;!
Missing character: There is no 视 (U+89C6) in font [lmroman10-regular]:mapping=t
ex-text;!
Missing character: There is no 觉 (U+89C9) in font [lmroman10-regular]:mapping=t
ex-text;!
Missing character: There is no 的 (U+7684) in font [lmroman10-regular]:mapping=t
ex-text;!
Missing character: There is no 传 (U+4F20) in font [lmroman10-regular]:mapping=t
ex-text;!
Missing character: There is no 感 (U+611F) in font [lmroman10-regular]:mapping=t
ex-text;!
Missing character: There is no 器 (U+5668) in font [lmroman10-regular]:mapping=t
ex-text;!
Missing character: There is no 成 (U+6210) in font [lmroman10-regular]:mapping=t
ex-text;!
Missing character: There is no 本 (U+672C) in font [lmroman10-regular]:mapping=t
ex-text;!
Missing character: There is no 更 (U+66F4) in font [lmroman10-regular]:mapping=t
ex-text;!
Missing character: There is no 低 (U+4F4E) in font [lmroman10-regular]:mapping=t
ex-text;!
Missing character: There is no ， (U+FF0C) in font [lmroman10-regular]:mapping=t
ex-text;!
Missing character: There is no 并 (U+5E76) in font [lmroman10-regular]:mapping=t
ex-text;!
Missing character: There is no 且 (U+4E14) in font [lmroman10-regular]:mapping=t
ex-text;!
Missing character: There is no 能 (U+80FD) in font [lmroman10-regular]:mapping=t
ex-text;!
Missing character: There is no 够 (U+591F) in font [lmroman10-regular]:mapping=t
ex-text;!
Missing character: There is no 通 (U+901A) in font [lmroman10-regular]:mapping=t
ex-text;!
Missing character: There is no 过 (U+8FC7) in font [lmroman10-regular]:mapping=t
ex-text;!
Missing character: There is no 直 (U+76F4) in font [lmroman10-regular]:mapping=t
ex-text;!
Missing character: There is no 接 (U+63A5) in font [lmroman10-regular]:mapping=t
ex-text;!
Missing character: There is no 感 (U+611F) in font [lmroman10-regular]:mapping=t
ex-text;!
Missing character: There is no 知 (U+77E5) in font [lmroman10-regular]:mapping=t
ex-text;!
Missing character: There is no 环 (U+73AF) in font [lmroman10-regular]:mapping=t
ex-text;!
Missing character: There is no 境 (U+5883) in font [lmroman10-regular]:mapping=t
ex-text;!
Missing character: There is no 和 (U+548C) in font [lmroman10-regular]:mapping=t
ex-text;!
Missing character: There is no 即 (U+5373) in font [lmroman10-regular]:mapping=t
ex-text;!
Missing character: There is no 时 (U+65F6) in font [lmroman10-regular]:mapping=t
ex-text;!
Missing character: There is no 视 (U+89C6) in font [lmroman10-regular]:mapping=t
ex-text;!
Missing character: There is no 觉 (U+89C9) in font [lmroman10-regular]:mapping=t
ex-text;!
Missing character: There is no 反 (U+53CD) in font [lmroman10-regular]:mapping=t
ex-text;!
Missing character: There is no 馈 (U+9988) in font [lmroman10-regular]:mapping=t
ex-text;!
Missing character: There is no 来 (U+6765) in font [lmroman10-regular]:mapping=t
ex-text;!
Missing character: There is no 弥 (U+5F25) in font [lmroman10-regular]:mapping=t
ex-text;!
Missing character: There is no 补 (U+8865) in font [lmroman10-regular]:mapping=t
ex-text;!
Missing character: There is no 这 (U+8FD9) in font [lmroman10-regular]:mapping=t
ex-text;!
Missing character: There is no 些 (U+4E9B) in font [lmroman10-regular]:mapping=t
ex-text;!
Missing character: There is no 不 (U+4E0D) in font [lmroman10-regular]:mapping=t
ex-text;!
Missing character: There is no 足 (U+8DB3) in font [lmroman10-regular]:mapping=t
ex-text;!
Missing character: There is no ， (U+FF0C) in font [lmroman10-regular]:mapping=t
ex-text;!
Missing character: There is no 从 (U+4ECE) in font [lmroman10-regular]:mapping=t
ex-text;!
Missing character: There is no 而 (U+800C) in font [lmroman10-regular]:mapping=t
ex-text;!
Missing character: There is no 在 (U+5728) in font [lmroman10-regular]:mapping=t
ex-text;!
Missing character: There is no 无 (U+65E0) in font [lmroman10-regular]:mapping=t
ex-text;!
Missing character: There is no 环 (U+73AF) in font [lmroman10-regular]:mapping=t
ex-text;!
Missing character: There is no 境 (U+5883) in font [lmroman10-regular]:mapping=t
ex-text;!
Missing character: There is no 中 (U+4E2D) in font [lmroman10-regular]:mapping=t
ex-text;!
Missing character: There is no 实 (U+5B9E) in font [lmroman10-regular]:mapping=t
ex-text;!
Missing character: There is no 现 (U+73B0) in font [lmroman10-regular]:mapping=t
ex-text;!
Missing character: There is no 实 (U+5B9E) in font [lmroman10-regular]:mapping=t
ex-text;!
Missing character: There is no 时 (U+65F6) in font [lmroman10-regular]:mapping=t
ex-text;!
Missing character: There is no 特 (U+7279) in font [lmroman10-regular]:mapping=t
ex-text;!
Missing character: There is no 征 (U+5F81) in font [lmroman10-regular]:mapping=t
ex-text;!
Missing character: There is no 提 (U+63D0) in font [lmroman10-regular]:mapping=t
ex-text;!
Missing character: There is no 取 (U+53D6) in font [lmroman10-regular]:mapping=t
ex-text;!
Missing character: There is no 和 (U+548C) in font [lmroman10-regular]:mapping=t
ex-text;!
Missing character: There is no 空 (U+7A7A) in font [lmroman10-regular]:mapping=t
ex-text;!
Missing character: There is no 间 (U+95F4) in font [lmroman10-regular]:mapping=t
ex-text;!
Missing character: There is no 感 (U+611F) in font [lmroman10-regular]:mapping=t
ex-text;!
Missing character: There is no 知 (U+77E5) in font [lmroman10-regular]:mapping=t
ex-text;!
Missing character: There is no 。 (U+3002) in font [lmroman10-regular]:mapping=t
ex-text;!
Missing character: There is no 需 (U+9700) in font [lmroman10-regular]:mapping=t
ex-text;!
Missing character: There is no 要 (U+8981) in font [lmroman10-regular]:mapping=t
ex-text;!
Missing character: There is no 四 (U+56DB) in font [lmroman10-regular]:mapping=t
ex-text;!
Missing character: There is no 旋 (U+65CB) in font [lmroman10-regular]:mapping=t
ex-text;!
Missing character: There is no 翼 (U+7FFC) in font [lmroman10-regular]:mapping=t
ex-text;!
Missing character: There is no 与 (U+4E0E) in font [lmroman10-regular]:mapping=t
ex-text;!
Missing character: There is no 目 (U+76EE) in font [lmroman10-regular]:mapping=t
ex-text;!
Missing character: There is no 标 (U+6807) in font [lmroman10-regular]:mapping=t
ex-text;!
Missing character: There is no 对 (U+5BF9) in font [lmroman10-regular]:mapping=t
ex-text;!
Missing character: There is no 象 (U+8C61) in font [lmroman10-regular]:mapping=t
ex-text;!
Missing character: There is no 之 (U+4E4B) in font [lmroman10-regular]:mapping=t
ex-text;!
Missing character: There is no 间 (U+95F4) in font [lmroman10-regular]:mapping=t
ex-text;!
Missing character: There is no 保 (U+4FDD) in font [lmroman10-regular]:mapping=t
ex-text;!
Missing character: There is no 持 (U+6301) in font [lmroman10-regular]:mapping=t
ex-text;!
Missing character: There is no 空 (U+7A7A) in font [lmroman10-regular]:mapping=t
ex-text;!
Missing character: There is no 间 (U+95F4) in font [lmroman10-regular]:mapping=t
ex-text;!
Missing character: There is no 协 (U+534F) in font [lmroman10-regular]:mapping=t
ex-text;!
Missing character: There is no 调 (U+8C03) in font [lmroman10-regular]:mapping=t
ex-text;!
Missing character: There is no 的 (U+7684) in font [lmroman10-regular]:mapping=t
ex-text;!
Missing character: There is no 任 (U+4EFB) in font [lmroman10-regular]:mapping=t
ex-text;!
Missing character: There is no 务 (U+52A1) in font [lmroman10-regular]:mapping=t
ex-text;!
Missing character: There is no ， (U+FF0C) in font [lmroman10-regular]:mapping=t
ex-text;!
Missing character: There is no 例 (U+4F8B) in font [lmroman10-regular]:mapping=t
ex-text;!
Missing character: There is no 如 (U+5982) in font [lmroman10-regular]:mapping=t
ex-text;!
Missing character: There is no 自 (U+81EA) in font [lmroman10-regular]:mapping=t
ex-text;!
Missing character: There is no 动 (U+52A8) in font [lmroman10-regular]:mapping=t
ex-text;!
Missing character: There is no 仓 (U+4ED3) in font [lmroman10-regular]:mapping=t
ex-text;!
Missing character: There is no 库 (U+5E93) in font [lmroman10-regular]:mapping=t
ex-text;!
Missing character: There is no 巡 (U+5DE1) in font [lmroman10-regular]:mapping=t
ex-text;!
Missing character: There is no 检 (U+68C0) in font [lmroman10-regular]:mapping=t
ex-text;!
Missing character: There is no 系 (U+7CFB) in font [lmroman10-regular]:mapping=t
ex-text;!
Missing character: There is no 统 (U+7EDF) in font [lmroman10-regular]:mapping=t
ex-text;!

Package natbib Warning: Citation `wawrla2019applications' on page 1 undefined o
n input line 48.

Missing character: There is no 和 (U+548C) in font [lmroman10-regular]:mapping=t
ex-text;!
Missing character: There is no 动 (U+52A8) in font [lmroman10-regular]:mapping=t
ex-text;!
Missing character: There is no 态 (U+6001) in font [lmroman10-regular]:mapping=t
ex-text;!
Missing character: There is no 影 (U+5F71) in font [lmroman10-regular]:mapping=t
ex-text;!
Missing character: There is no 视 (U+89C6) in font [lmroman10-regular]:mapping=t
ex-text;!
Missing character: There is no 拍 (U+62CD) in font [lmroman10-regular]:mapping=t
ex-text;!
Missing character: There is no 摄 (U+6444) in font [lmroman10-regular]:mapping=t
ex-text;!

Package natbib Warning: Citation `nageli2017real' on page 1 undefined on input 
line 48.

Missing character: There is no ， (U+FF0C) in font [lmroman10-regular]:mapping=t
ex-text;!
Missing character: There is no 都 (U+90FD) in font [lmroman10-regular]:mapping=t
ex-text;!
Missing character: There is no 需 (U+9700) in font [lmroman10-regular]:mapping=t
ex-text;!
Missing character: There is no 要 (U+8981) in font [lmroman10-regular]:mapping=t
ex-text;!
Missing character: There is no 鲁 (U+9C81) in font [lmroman10-regular]:mapping=t
ex-text;!
Missing character: There is no 棒 (U+68D2) in font [lmroman10-regular]:mapping=t
ex-text;!
Missing character: There is no 的 (U+7684) in font [lmroman10-regular]:mapping=t
ex-text;!
Missing character: There is no 视 (U+89C6) in font [lmroman10-regular]:mapping=t
ex-text;!
Missing character: There is no 觉 (U+89C9) in font [lmroman10-regular]:mapping=t
ex-text;!
Missing character: There is no 伺 (U+4F3A) in font [lmroman10-regular]:mapping=t
ex-text;!
Missing character: There is no 服 (U+670D) in font [lmroman10-regular]:mapping=t
ex-text;!
Missing character: There is no 方 (U+65B9) in font [lmroman10-regular]:mapping=t
ex-text;!
Missing character: There is no 法 (U+6CD5) in font [lmroman10-regular]:mapping=t
ex-text;!
Missing character: There is no 。 (U+3002) in font [lmroman10-regular]:mapping=t
ex-text;!
Missing character: There is no 在 (U+5728) in font [lmroman10-regular]:mapping=t
ex-text;!
Missing character: There is no 仓 (U+4ED3) in font [lmroman10-regular]:mapping=t
ex-text;!
Missing character: There is no 储 (U+50A8) in font [lmroman10-regular]:mapping=t
ex-text;!
Missing character: There is no 维 (U+7EF4) in font [lmroman10-regular]:mapping=t
ex-text;!
Missing character: There is no 护 (U+62A4) in font [lmroman10-regular]:mapping=t
ex-text;!
Missing character: There is no 场 (U+573A) in font [lmroman10-regular]:mapping=t
ex-text;!
Missing character: There is no 景 (U+666F) in font [lmroman10-regular]:mapping=t
ex-text;!
Missing character: There is no 中 (U+4E2D) in font [lmroman10-regular]:mapping=t
ex-text;!
Missing character: There is no ， (U+FF0C) in font [lmroman10-regular]:mapping=t
ex-text;!
Missing character: There is no 无 (U+65E0) in font [lmroman10-regular]:mapping=t
ex-text;!
Missing character: There is no 人 (U+4EBA) in font [lmroman10-regular]:mapping=t
ex-text;!
Missing character: There is no 机 (U+673A) in font [lmroman10-regular]:mapping=t
ex-text;!
Missing character: There is no 必 (U+5FC5) in font [lmroman10-regular]:mapping=t
ex-text;!
Missing character: There is no 须 (U+987B) in font [lmroman10-regular]:mapping=t
ex-text;!
Missing character: There is no 在 (U+5728) in font [lmroman10-regular]:mapping=t
ex-text;!
Missing character: There is no 补 (U+8865) in font [lmroman10-regular]:mapping=t
ex-text;!
Missing character: There is no 偿 (U+507F) in font [lmroman10-regular]:mapping=t
ex-text;!
Missing character: There is no 环 (U+73AF) in font [lmroman10-regular]:mapping=t
ex-text;!
Missing character: There is no 境 (U+5883) in font [lmroman10-regular]:mapping=t
ex-text;!
Missing character: There is no 扰 (U+6270) in font [lmroman10-regular]:mapping=t
ex-text;!
Missing character: There is no 动 (U+52A8) in font [lmroman10-regular]:mapping=t
ex-text;!
Missing character: There is no 的 (U+7684) in font [lmroman10-regular]:mapping=t
ex-text;!
Missing character: There is no 同 (U+540C) in font [lmroman10-regular]:mapping=t
ex-text;!
Missing character: There is no 时 (U+65F6) in font [lmroman10-regular]:mapping=t
ex-text;!
Missing character: There is no ， (U+FF0C) in font [lmroman10-regular]:mapping=t
ex-text;!
Missing character: There is no 与 (U+4E0E) in font [lmroman10-regular]:mapping=t
ex-text;!
Missing character: There is no 基 (U+57FA) in font [lmroman10-regular]:mapping=t
ex-text;!
Missing character: There is no 础 (U+7840) in font [lmroman10-regular]:mapping=t
ex-text;!
Missing character: There is no 设 (U+8BBE) in font [lmroman10-regular]:mapping=t
ex-text;!
Missing character: There is no 施 (U+65BD) in font [lmroman10-regular]:mapping=t
ex-text;!
Missing character: There is no 部 (U+90E8) in font [lmroman10-regular]:mapping=t
ex-text;!
Missing character: There is no 件 (U+4EF6) in font [lmroman10-regular]:mapping=t
ex-text;!
Missing character: There is no 保 (U+4FDD) in font [lmroman10-regular]:mapping=t
ex-text;!
Missing character: There is no 持 (U+6301) in font [lmroman10-regular]:mapping=t
ex-text;!
Missing character: There is no 特 (U+7279) in font [lmroman10-regular]:mapping=t
ex-text;!
Missing character: There is no 定 (U+5B9A) in font [lmroman10-regular]:mapping=t
ex-text;!
Missing character: There is no 距 (U+8DDD) in font [lmroman10-regular]:mapping=t
ex-text;!
Missing character: There is no 离 (U+79BB) in font [lmroman10-regular]:mapping=t
ex-text;!

Package natbib Warning: Citation `kouris2018learning' on page 1 undefined on in
put line 48.

Missing character: There is no 和 (U+548C) in font [lmroman10-regular]:mapping=t
ex-text;!
Missing character: There is no 观 (U+89C2) in font [lmroman10-regular]:mapping=t
ex-text;!
Missing character: There is no 看 (U+770B) in font [lmroman10-regular]:mapping=t
ex-text;!
Missing character: There is no 角 (U+89D2) in font [lmroman10-regular]:mapping=t
ex-text;!
Missing character: There is no 度 (U+5EA6) in font [lmroman10-regular]:mapping=t
ex-text;!

Package natbib Warning: Citation `wawrla2019applications' on page 1 undefined o
n input line 48.

Missing character: There is no 。 (U+3002) in font [lmroman10-regular]:mapping=t
ex-text;!
Missing character: There is no 类 (U+7C7B) in font [lmroman10-regular]:mapping=t
ex-text;!
Missing character: There is no 似 (U+4F3C) in font [lmroman10-regular]:mapping=t
ex-text;!
Missing character: There is no 地 (U+5730) in font [lmroman10-regular]:mapping=t
ex-text;!
Missing character: There is no ， (U+FF0C) in font [lmroman10-regular]:mapping=t
ex-text;!
Missing character: There is no 在 (U+5728) in font [lmroman10-regular]:mapping=t
ex-text;!
Missing character: There is no 影 (U+5F71) in font [lmroman10-regular]:mapping=t
ex-text;!
Missing character: There is no 视 (U+89C6) in font [lmroman10-regular]:mapping=t
ex-text;!
Missing character: There is no 应 (U+5E94) in font [lmroman10-regular]:mapping=t
ex-text;!
Missing character: There is no 用 (U+7528) in font [lmroman10-regular]:mapping=t
ex-text;!
Missing character: There is no 中 (U+4E2D) in font [lmroman10-regular]:mapping=t
ex-text;!
Missing character: There is no ， (U+FF0C) in font [lmroman10-regular]:mapping=t
ex-text;!
Missing character: There is no 随 (U+968F) in font [lmroman10-regular]:mapping=t
ex-text;!
Missing character: There is no 着 (U+7740) in font [lmroman10-regular]:mapping=t
ex-text;!
Missing character: There is no 目 (U+76EE) in font [lmroman10-regular]:mapping=t
ex-text;!
Missing character: There is no 标 (U+6807) in font [lmroman10-regular]:mapping=t
ex-text;!
Missing character: There is no 沿 (U+6CBF) in font [lmroman10-regular]:mapping=t
ex-text;!
Missing character: There is no 复 (U+590D) in font [lmroman10-regular]:mapping=t
ex-text;!
Missing character: There is no 杂 (U+6742) in font [lmroman10-regular]:mapping=t
ex-text;!
Missing character: There is no 轨 (U+8F68) in font [lmroman10-regular]:mapping=t
ex-text;!
Missing character: There is no 迹 (U+8FF9) in font [lmroman10-regular]:mapping=t
ex-text;!
Missing character: There is no 运 (U+8FD0) in font [lmroman10-regular]:mapping=t
ex-text;!
Missing character: There is no 动 (U+52A8) in font [lmroman10-regular]:mapping=t
ex-text;!
Missing character: There is no ， (U+FF0C) in font [lmroman10-regular]:mapping=t
ex-text;!
Missing character: There is no 系 (U+7CFB) in font [lmroman10-regular]:mapping=t
ex-text;!
Missing character: There is no 统 (U+7EDF) in font [lmroman10-regular]:mapping=t
ex-text;!
Missing character: There is no 需 (U+9700) in font [lmroman10-regular]:mapping=t
ex-text;!
Missing character: There is no 要 (U+8981) in font [lmroman10-regular]:mapping=t
ex-text;!
Missing character: There is no 持 (U+6301) in font [lmroman10-regular]:mapping=t
ex-text;!
Missing character: There is no 续 (U+7EED) in font [lmroman10-regular]:mapping=t
ex-text;!
Missing character: There is no 调 (U+8C03) in font [lmroman10-regular]:mapping=t
ex-text;!
Missing character: There is no 整 (U+6574) in font [lmroman10-regular]:mapping=t
ex-text;!
Missing character: There is no 位 (U+4F4D) in font [lmroman10-regular]:mapping=t
ex-text;!
Missing character: There is no 姿 (U+59FF) in font [lmroman10-regular]:mapping=t
ex-text;!
Missing character: There is no 以 (U+4EE5) in font [lmroman10-regular]:mapping=t
ex-text;!
Missing character: There is no 维 (U+7EF4) in font [lmroman10-regular]:mapping=t
ex-text;!
Missing character: There is no 持 (U+6301) in font [lmroman10-regular]:mapping=t
ex-text;!
Missing character: There is no 期 (U+671F) in font [lmroman10-regular]:mapping=t
ex-text;!
Missing character: There is no 望 (U+671B) in font [lmroman10-regular]:mapping=t
ex-text;!
Missing character: There is no 构 (U+6784) in font [lmroman10-regular]:mapping=t
ex-text;!
Missing character: There is no 图 (U+56FE) in font [lmroman10-regular]:mapping=t
ex-text;!

Package natbib Warning: Citation `galvane2017automated' on page 1 undefined on 
input line 48.

Missing character: There is no 。 (U+3002) in font [lmroman10-regular]:mapping=t
ex-text;!
Missing character: There is no 视 (U+89C6) in font [lmroman10-regular]:mapping=t
ex-text;!
Missing character: There is no 觉 (U+89C9) in font [lmroman10-regular]:mapping=t
ex-text;!
Missing character: There is no 伺 (U+4F3A) in font [lmroman10-regular]:mapping=t
ex-text;!
Missing character: There is no 服 (U+670D) in font [lmroman10-regular]:mapping=t
ex-text;!
Missing character: There is no 使 (U+4F7F) in font [lmroman10-regular]:mapping=t
ex-text;!
Missing character: There is no 用 (U+7528) in font [lmroman10-regular]:mapping=t
ex-text;!
Missing character: There is no 闭 (U+95ED) in font [lmroman10-regular]:mapping=t
ex-text;!
Missing character: There is no 环 (U+73AF) in font [lmroman10-regular]:mapping=t
ex-text;!
Missing character: There is no 反 (U+53CD) in font [lmroman10-regular]:mapping=t
ex-text;!
Missing character: There is no 馈 (U+9988) in font [lmroman10-regular]:mapping=t
ex-text;!
Missing character: There is no ， (U+FF0C) in font [lmroman10-regular]:mapping=t
ex-text;!
Missing character: There is no 将 (U+5C06) in font [lmroman10-regular]:mapping=t
ex-text;!
Missing character: There is no 期 (U+671F) in font [lmroman10-regular]:mapping=t
ex-text;!
Missing character: There is no 望 (U+671B) in font [lmroman10-regular]:mapping=t
ex-text;!
Missing character: There is no 图 (U+56FE) in font [lmroman10-regular]:mapping=t
ex-text;!
Missing character: There is no 像 (U+50CF) in font [lmroman10-regular]:mapping=t
ex-text;!
Missing character: There is no 特 (U+7279) in font [lmroman10-regular]:mapping=t
ex-text;!
Missing character: There is no 征 (U+5F81) in font [lmroman10-regular]:mapping=t
ex-text;!
Missing character: There is no 与 (U+4E0E) in font [lmroman10-regular]:mapping=t
ex-text;!
Missing character: There is no 当 (U+5F53) in font [lmroman10-regular]:mapping=t
ex-text;!
Missing character: There is no 前 (U+524D) in font [lmroman10-regular]:mapping=t
ex-text;!
Missing character: There is no 测 (U+6D4B) in font [lmroman10-regular]:mapping=t
ex-text;!
Missing character: There is no 量 (U+91CF) in font [lmroman10-regular]:mapping=t
ex-text;!
Missing character: There is no 值 (U+503C) in font [lmroman10-regular]:mapping=t
ex-text;!
Missing character: There is no 进 (U+8FDB) in font [lmroman10-regular]:mapping=t
ex-text;!
Missing character: There is no 行 (U+884C) in font [lmroman10-regular]:mapping=t
ex-text;!
Missing character: There is no 比 (U+6BD4) in font [lmroman10-regular]:mapping=t
ex-text;!
Missing character: There is no 较 (U+8F83) in font [lmroman10-regular]:mapping=t
ex-text;!
Missing character: There is no ， (U+FF0C) in font [lmroman10-regular]:mapping=t
ex-text;!
Missing character: There is no 并 (U+5E76) in font [lmroman10-regular]:mapping=t
ex-text;!
Missing character: There is no 把 (U+628A) in font [lmroman10-regular]:mapping=t
ex-text;!
Missing character: There is no 特 (U+7279) in font [lmroman10-regular]:mapping=t
ex-text;!
Missing character: There is no 征 (U+5F81) in font [lmroman10-regular]:mapping=t
ex-text;!
Missing character: There is no 坐 (U+5750) in font [lmroman10-regular]:mapping=t
ex-text;!
Missing character: There is no 标 (U+6807) in font [lmroman10-regular]:mapping=t
ex-text;!
Missing character: There is no 和 (U+548C) in font [lmroman10-regular]:mapping=t
ex-text;!
Missing character: There is no 几 (U+51E0) in font [lmroman10-regular]:mapping=t
ex-text;!
Missing character: There is no 何 (U+4F55) in font [lmroman10-regular]:mapping=t
ex-text;!
Missing character: There is no 属 (U+5C5E) in font [lmroman10-regular]:mapping=t
ex-text;!
Missing character: There is no 性 (U+6027) in font [lmroman10-regular]:mapping=t
ex-text;!
Missing character: There is no 直 (U+76F4) in font [lmroman10-regular]:mapping=t
ex-text;!
Missing character: There is no 接 (U+63A5) in font [lmroman10-regular]:mapping=t
ex-text;!
Missing character: There is no 作 (U+4F5C) in font [lmroman10-regular]:mapping=t
ex-text;!
Missing character: There is no 为 (U+4E3A) in font [lmroman10-regular]:mapping=t
ex-text;!
Missing character: There is no 控 (U+63A7) in font [lmroman10-regular]:mapping=t
ex-text;!
Missing character: There is no 制 (U+5236) in font [lmroman10-regular]:mapping=t
ex-text;!
Missing character: There is no 输 (U+8F93) in font [lmroman10-regular]:mapping=t
ex-text;!
Missing character: There is no 入 (U+5165) in font [lmroman10-regular]:mapping=t
ex-text;!
Missing character: There is no ， (U+FF0C) in font [lmroman10-regular]:mapping=t
ex-text;!
Missing character: There is no 而 (U+800C) in font [lmroman10-regular]:mapping=t
ex-text;!
Missing character: There is no 无 (U+65E0) in font [lmroman10-regular]:mapping=t
ex-text;!
Missing character: There is no 需 (U+9700) in font [lmroman10-regular]:mapping=t
ex-text;!
Missing character: There is no 显 (U+663E) in font [lmroman10-regular]:mapping=t
ex-text;!
Missing character: There is no 式 (U+5F0F) in font [lmroman10-regular]:mapping=t
ex-text;!
Missing character: There is no 进 (U+8FDB) in font [lmroman10-regular]:mapping=t
ex-text;!
Missing character: There is no 行 (U+884C) in font [lmroman10-regular]:mapping=t
ex-text;!
Missing character: There is no 三 (U+4E09) in font [lmroman10-regular]:mapping=t
ex-text;!
Missing character: There is no 维 (U+7EF4) in font [lmroman10-regular]:mapping=t
ex-text;!
Missing character: There is no 位 (U+4F4D) in font [lmroman10-regular]:mapping=t
ex-text;!
Missing character: There is no 姿 (U+59FF) in font [lmroman10-regular]:mapping=t
ex-text;!
Missing character: There is no 重 (U+91CD) in font [lmroman10-regular]:mapping=t
ex-text;!
Missing character: There is no 建 (U+5EFA) in font [lmroman10-regular]:mapping=t
ex-text;!

Package natbib Warning: Citation `hutchinson1996tutorial' on page 1 undefined o
n input line 50.


Package natbib Warning: Citation `guenard2008practical' on page 1 undefined on 
input line 50.

Missing character: There is no 。 (U+3002) in font [lmroman10-regular]:mapping=t
ex-text;!
Missing character: There is no 然 (U+7136) in font [lmroman10-regular]:mapping=t
ex-text;!
Missing character: There is no 而 (U+800C) in font [lmroman10-regular]:mapping=t
ex-text;!
Missing character: There is no ， (U+FF0C) in font [lmroman10-regular]:mapping=t
ex-text;!
Missing character: There is no 经 (U+7ECF) in font [lmroman10-regular]:mapping=t
ex-text;!
Missing character: There is no 典 (U+5178) in font [lmroman10-regular]:mapping=t
ex-text;!
Missing character: There is no 基 (U+57FA) in font [lmroman10-regular]:mapping=t
ex-text;!
Missing character: There is no 于 (U+4E8E) in font [lmroman10-regular]:mapping=t
ex-text;!
Missing character: There is no 图 (U+56FE) in font [lmroman10-regular]:mapping=t
ex-text;!
Missing character: There is no 像 (U+50CF) in font [lmroman10-regular]:mapping=t
ex-text;!
Missing character: There is no 的 (U+7684) in font [lmroman10-regular]:mapping=t
ex-text;!
Missing character: There is no 视 (U+89C6) in font [lmroman10-regular]:mapping=t
ex-text;!
Missing character: There is no 觉 (U+89C9) in font [lmroman10-regular]:mapping=t
ex-text;!
Missing character: There is no 伺 (U+4F3A) in font [lmroman10-regular]:mapping=t
ex-text;!
Missing character: There is no 服 (U+670D) in font [lmroman10-regular]:mapping=t
ex-text;!
Missing character: There is no （ (U+FF08) in font [lmroman10-regular]:mapping=t
ex-text;!
Missing character: There is no ） (U+FF09) in font [lmroman10-regular]:mapping=t
ex-text;!
Missing character: There is no 方 (U+65B9) in font [lmroman10-regular]:mapping=t
ex-text;!
Missing character: There is no 法 (U+6CD5) in font [lmroman10-regular]:mapping=t
ex-text;!
Missing character: There is no 常 (U+5E38) in font [lmroman10-regular]:mapping=t
ex-text;!
Missing character: There is no 常 (U+5E38) in font [lmroman10-regular]:mapping=t
ex-text;!
Missing character: There is no 会 (U+4F1A) in font [lmroman10-regular]:mapping=t
ex-text;!
Missing character: There is no 因 (U+56E0) in font [lmroman10-regular]:mapping=t
ex-text;!
Missing character: There is no 为 (U+4E3A) in font [lmroman10-regular]:mapping=t
ex-text;!
Missing character: There is no 交 (U+4EA4) in font [lmroman10-regular]:mapping=t
ex-text;!
Missing character: There is no 互 (U+4E92) in font [lmroman10-regular]:mapping=t
ex-text;!
Missing character: There is no 矩 (U+77E9) in font [lmroman10-regular]:mapping=t
ex-text;!
Missing character: There is no 阵 (U+9635) in font [lmroman10-regular]:mapping=t
ex-text;!
Missing character: There is no 中 (U+4E2D) in font [lmroman10-regular]:mapping=t
ex-text;!
Missing character: There is no 的 (U+7684) in font [lmroman10-regular]:mapping=t
ex-text;!
Missing character: There is no 奇 (U+5947) in font [lmroman10-regular]:mapping=t
ex-text;!
Missing character: There is no 异 (U+5F02) in font [lmroman10-regular]:mapping=t
ex-text;!
Missing character: There is no 性 (U+6027) in font [lmroman10-regular]:mapping=t
ex-text;!
Missing character: There is no 以 (U+4EE5) in font [lmroman10-regular]:mapping=t
ex-text;!
Missing character: There is no 及 (U+53CA) in font [lmroman10-regular]:mapping=t
ex-text;!
Missing character: There is no 大 (U+5927) in font [lmroman10-regular]:mapping=t
ex-text;!
Missing character: There is no 范 (U+8303) in font [lmroman10-regular]:mapping=t
ex-text;!
Missing character: There is no 围 (U+56F4) in font [lmroman10-regular]:mapping=t
ex-text;!
Missing character: There is no 相 (U+76F8) in font [lmroman10-regular]:mapping=t
ex-text;!
Missing character: There is no 机 (U+673A) in font [lmroman10-regular]:mapping=t
ex-text;!
Missing character: There is no 运 (U+8FD0) in font [lmroman10-regular]:mapping=t
ex-text;!
Missing character: There is no 动 (U+52A8) in font [lmroman10-regular]:mapping=t
ex-text;!
Missing character: There is no 中 (U+4E2D) in font [lmroman10-regular]:mapping=t
ex-text;!
Missing character: There is no 的 (U+7684) in font [lmroman10-regular]:mapping=t
ex-text;!
Missing character: There is no 病 (U+75C5) in font [lmroman10-regular]:mapping=t
ex-text;!
Missing character: There is no 态 (U+6001) in font [lmroman10-regular]:mapping=t
ex-text;!
Missing character: There is no 条 (U+6761) in font [lmroman10-regular]:mapping=t
ex-text;!
Missing character: There is no 件 (U+4EF6) in font [lmroman10-regular]:mapping=t
ex-text;!
Missing character: There is no 而 (U+800C) in font [lmroman10-regular]:mapping=t
ex-text;!
Missing character: There is no 产 (U+4EA7) in font [lmroman10-regular]:mapping=t
ex-text;!
Missing character: There is no 生 (U+751F) in font [lmroman10-regular]:mapping=t
ex-text;!
Missing character: There is no 数 (U+6570) in font [lmroman10-regular]:mapping=t
ex-text;!
Missing character: There is no 值 (U+503C) in font [lmroman10-regular]:mapping=t
ex-text;!
Missing character: There is no 不 (U+4E0D) in font [lmroman10-regular]:mapping=t
ex-text;!
Missing character: There is no 稳 (U+7A33) in font [lmroman10-regular]:mapping=t
ex-text;!
Missing character: There is no 定 (U+5B9A) in font [lmroman10-regular]:mapping=t
ex-text;!

Package natbib Warning: Citation `corke1996visual' on page 1 undefined on input
 line 50.

Missing character: There is no 。 (U+3002) in font [lmroman10-regular]:mapping=t
ex-text;!
Missing character: There is no 在 (U+5728) in font [lmroman10-regular]:mapping=t
ex-text;!
Missing character: There is no 目 (U+76EE) in font [lmroman10-regular]:mapping=t
ex-text;!
Missing character: There is no 标 (U+6807) in font [lmroman10-regular]:mapping=t
ex-text;!
Missing character: There is no 跟 (U+8DDF) in font [lmroman10-regular]:mapping=t
ex-text;!
Missing character: There is no 踪 (U+8E2A) in font [lmroman10-regular]:mapping=t
ex-text;!
Missing character: There is no 和 (U+548C) in font [lmroman10-regular]:mapping=t
ex-text;!
Missing character: There is no 位 (U+4F4D) in font [lmroman10-regular]:mapping=t
ex-text;!
Missing character: There is no 姿 (U+59FF) in font [lmroman10-regular]:mapping=t
ex-text;!
Missing character: There is no 对 (U+5BF9) in font [lmroman10-regular]:mapping=t
ex-text;!
Missing character: There is no 齐 (U+9F50) in font [lmroman10-regular]:mapping=t
ex-text;!
Missing character: There is no 任 (U+4EFB) in font [lmroman10-regular]:mapping=t
ex-text;!
Missing character: There is no 务 (U+52A1) in font [lmroman10-regular]:mapping=t
ex-text;!
Missing character: There is no 中 (U+4E2D) in font [lmroman10-regular]:mapping=t
ex-text;!
Missing character: There is no ， (U+FF0C) in font [lmroman10-regular]:mapping=t
ex-text;!
Missing character: There is no 通 (U+901A) in font [lmroman10-regular]:mapping=t
ex-text;!
Missing character: There is no 常 (U+5E38) in font [lmroman10-regular]:mapping=t
ex-text;!
Missing character: There is no 会 (U+4F1A) in font [lmroman10-regular]:mapping=t
ex-text;!
Missing character: There is no 使 (U+4F7F) in font [lmroman10-regular]:mapping=t
ex-text;!
Missing character: There is no 用 (U+7528) in font [lmroman10-regular]:mapping=t
ex-text;!

Package natbib Warning: Citation `kalaitzakis2021fiducial' on page 1 undefined 
on input line 50.


Package natbib Warning: Citation `mraz2020using' on page 1 undefined on input l
ine 50.


Package natbib Warning: Citation `cruz2024performance' on page 1 undefined on i
nput line 50.

Missing character: There is no 或 (U+6216) in font [lmroman10-regular]:mapping=t
ex-text;!

Package natbib Warning: Citation `olson2011apriltag' on page 1 undefined on inp
ut line 50.


Package natbib Warning: Citation `zhang2017autonomous' on page 1 undefined on i
nput line 50.


Package natbib Warning: Citation `banik2025integrating' on page 1 undefined on 
input line 50.

Missing character: There is no 等 (U+7B49) in font [lmroman10-regular]:mapping=t
ex-text;!
Missing character: There is no ， (U+FF0C) in font [lmroman10-regular]:mapping=t
ex-text;!
Missing character: There is no 这 (U+8FD9) in font [lmroman10-regular]:mapping=t
ex-text;!
Missing character: There is no 些 (U+4E9B) in font [lmroman10-regular]:mapping=t
ex-text;!
Missing character: There is no 标 (U+6807) in font [lmroman10-regular]:mapping=t
ex-text;!
Missing character: There is no 记 (U+8BB0) in font [lmroman10-regular]:mapping=t
ex-text;!
Missing character: There is no 提 (U+63D0) in font [lmroman10-regular]:mapping=t
ex-text;!
Missing character: There is no 供 (U+4F9B) in font [lmroman10-regular]:mapping=t
ex-text;!
Missing character: There is no 了 (U+4E86) in font [lmroman10-regular]:mapping=t
ex-text;!
Missing character: There is no 易 (U+6613) in font [lmroman10-regular]:mapping=t
ex-text;!
Missing character: There is no 于 (U+4E8E) in font [lmroman10-regular]:mapping=t
ex-text;!
Missing character: There is no 检 (U+68C0) in font [lmroman10-regular]:mapping=t
ex-text;!
Missing character: There is no 测 (U+6D4B) in font [lmroman10-regular]:mapping=t
ex-text;!
Missing character: There is no 且 (U+4E14) in font [lmroman10-regular]:mapping=t
ex-text;!
Missing character: There is no 具 (U+5177) in font [lmroman10-regular]:mapping=t
ex-text;!
Missing character: There is no 有 (U+6709) in font [lmroman10-regular]:mapping=t
ex-text;!
Missing character: There is no 预 (U+9884) in font [lmroman10-regular]:mapping=t
ex-text;!
Missing character: There is no 定 (U+5B9A) in font [lmroman10-regular]:mapping=t
ex-text;!
Missing character: There is no 义 (U+4E49) in font [lmroman10-regular]:mapping=t
ex-text;!
Missing character: There is no 几 (U+51E0) in font [lmroman10-regular]:mapping=t
ex-text;!
Missing character: There is no 何 (U+4F55) in font [lmroman10-regular]:mapping=t
ex-text;!
Missing character: There is no 特 (U+7279) in font [lmroman10-regular]:mapping=t
ex-text;!
Missing character: There is no 征 (U+5F81) in font [lmroman10-regular]:mapping=t
ex-text;!
Missing character: There is no 的 (U+7684) in font [lmroman10-regular]:mapping=t
ex-text;!
Missing character: There is no 目 (U+76EE) in font [lmroman10-regular]:mapping=t
ex-text;!
Missing character: There is no 标 (U+6807) in font [lmroman10-regular]:mapping=t
ex-text;!
Missing character: There is no ， (U+FF0C) in font [lmroman10-regular]:mapping=t
ex-text;!
Missing character: There is no 但 (U+4F46) in font [lmroman10-regular]:mapping=t
ex-text;!
Missing character: There is no 这 (U+8FD9) in font [lmroman10-regular]:mapping=t
ex-text;!
Missing character: There is no 类 (U+7C7B) in font [lmroman10-regular]:mapping=t
ex-text;!
Missing character: There is no 方 (U+65B9) in font [lmroman10-regular]:mapping=t
ex-text;!
Missing character: There is no 法 (U+6CD5) in font [lmroman10-regular]:mapping=t
ex-text;!
Missing character: There is no 仍 (U+4ECD) in font [lmroman10-regular]:mapping=t
ex-text;!
Missing character: There is no 然 (U+7136) in font [lmroman10-regular]:mapping=t
ex-text;!
Missing character: There is no 面 (U+9762) in font [lmroman10-regular]:mapping=t
ex-text;!
Missing character: There is no 临 (U+4E34) in font [lmroman10-regular]:mapping=t
ex-text;!
Missing character: There is no 计 (U+8BA1) in font [lmroman10-regular]:mapping=t
ex-text;!
Missing character: There is no 算 (U+7B97) in font [lmroman10-regular]:mapping=t
ex-text;!
Missing character: There is no 挑 (U+6311) in font [lmroman10-regular]:mapping=t
ex-text;!
Missing character: There is no 战 (U+6218) in font [lmroman10-regular]:mapping=t
ex-text;!
Missing character: There is no 以 (U+4EE5) in font [lmroman10-regular]:mapping=t
ex-text;!
Missing character: There is no 及 (U+53CA) in font [lmroman10-regular]:mapping=t
ex-text;!
Missing character: There is no 对 (U+5BF9) in font [lmroman10-regular]:mapping=t
ex-text;!
Missing character: There is no 标 (U+6807) in font [lmroman10-regular]:mapping=t
ex-text;!
Missing character: There is no 记 (U+8BB0) in font [lmroman10-regular]:mapping=t
ex-text;!
Missing character: There is no 的 (U+7684) in font [lmroman10-regular]:mapping=t
ex-text;!
Missing character: There is no 依 (U+4F9D) in font [lmroman10-regular]:mapping=t
ex-text;!
Missing character: There is no 赖 (U+8D56) in font [lmroman10-regular]:mapping=t
ex-text;!
Missing character: There is no ， (U+FF0C) in font [lmroman10-regular]:mapping=t
ex-text;!
Missing character: There is no 从 (U+4ECE) in font [lmroman10-regular]:mapping=t
ex-text;!
Missing character: There is no 而 (U+800C) in font [lmroman10-regular]:mapping=t
ex-text;!
Missing character: There is no 限 (U+9650) in font [lmroman10-regular]:mapping=t
ex-text;!
Missing character: There is no 制 (U+5236) in font [lmroman10-regular]:mapping=t
ex-text;!
Missing character: There is no 了 (U+4E86) in font [lmroman10-regular]:mapping=t
ex-text;!
Missing character: There is no 其 (U+5176) in font [lmroman10-regular]:mapping=t
ex-text;!
Missing character: There is no 在 (U+5728) in font [lmroman10-regular]:mapping=t
ex-text;!
Missing character: There is no 动 (U+52A8) in font [lmroman10-regular]:mapping=t
ex-text;!
Missing character: There is no 态 (U+6001) in font [lmroman10-regular]:mapping=t
ex-text;!
Missing character: There is no 、 (U+3001) in font [lmroman10-regular]:mapping=t
ex-text;!
Missing character: There is no 无 (U+65E0) in font [lmroman10-regular]:mapping=t
ex-text;!
Missing character: There is no 结 (U+7ED3) in font [lmroman10-regular]:mapping=t
ex-text;!
Missing character: There is no 构 (U+6784) in font [lmroman10-regular]:mapping=t
ex-text;!
Missing character: There is no 室 (U+5BA4) in font [lmroman10-regular]:mapping=t
ex-text;!
Missing character: There is no 内 (U+5185) in font [lmroman10-regular]:mapping=t
ex-text;!
Missing character: There is no 环 (U+73AF) in font [lmroman10-regular]:mapping=t
ex-text;!
Missing character: There is no 境 (U+5883) in font [lmroman10-regular]:mapping=t
ex-text;!
Missing character: There is no 中 (U+4E2D) in font [lmroman10-regular]:mapping=t
ex-text;!
Missing character: There is no 的 (U+7684) in font [lmroman10-regular]:mapping=t
ex-text;!
Missing character: There is no 部 (U+90E8) in font [lmroman10-regular]:mapping=t
ex-text;!
Missing character: There is no 署 (U+7F72) in font [lmroman10-regular]:mapping=t
ex-text;!
Missing character: There is no 。 (U+3002) in font [lmroman10-regular]:mapping=t
ex-text;!
Missing character: There is no 本 (U+672C) in font [lmroman10-regular]:mapping=t
ex-text;!
Missing character: There is no 文 (U+6587) in font [lmroman10-regular]:mapping=t
ex-text;!
Missing character: There is no 提 (U+63D0) in font [lmroman10-regular]:mapping=t
ex-text;!
Missing character: There is no 出 (U+51FA) in font [lmroman10-regular]:mapping=t
ex-text;!
Missing character: There is no 一 (U+4E00) in font [lmroman10-regular]:mapping=t
ex-text;!
Missing character: There is no 种 (U+79CD) in font [lmroman10-regular]:mapping=t
ex-text;!
Missing character: There is no 高 (U+9AD8) in font [lmroman10-regular]:mapping=t
ex-text;!
Missing character: There is no 效 (U+6548) in font [lmroman10-regular]:mapping=t
ex-text;!
Missing character: There is no 的 (U+7684) in font [lmroman10-regular]:mapping=t
ex-text;!
Missing character: There is no 无 (U+65E0) in font [lmroman10-regular]:mapping=t
ex-text;!
Missing character: There is no 标 (U+6807) in font [lmroman10-regular]:mapping=t
ex-text;!
Missing character: There is no 记 (U+8BB0) in font [lmroman10-regular]:mapping=t
ex-text;!
Missing character: There is no 方 (U+65B9) in font [lmroman10-regular]:mapping=t
ex-text;!
Missing character: There is no 法 (U+6CD5) in font [lmroman10-regular]:mapping=t
ex-text;!
Missing character: There is no 。 (U+3002) in font [lmroman10-regular]:mapping=t
ex-text;!
Missing character: There is no 该 (U+8BE5) in font [lmroman10-regular]:mapping=t
ex-text;!
Missing character: There is no 方 (U+65B9) in font [lmroman10-regular]:mapping=t
ex-text;!
Missing character: There is no 法 (U+6CD5) in font [lmroman10-regular]:mapping=t
ex-text;!
Missing character: There is no 使 (U+4F7F) in font [lmroman10-regular]:mapping=t
ex-text;!
Missing character: There is no 用 (U+7528) in font [lmroman10-regular]:mapping=t
ex-text;!
Missing character: There is no 一 (U+4E00) in font [lmroman10-regular]:mapping=t
ex-text;!
Missing character: There is no 个 (U+4E2A) in font [lmroman10-regular]:mapping=t
ex-text;!
Missing character: There is no 自 (U+81EA) in font [lmroman10-regular]:mapping=t
ex-text;!
Missing character: There is no 监 (U+76D1) in font [lmroman10-regular]:mapping=t
ex-text;!
Missing character: There is no 督 (U+7763) in font [lmroman10-regular]:mapping=t
ex-text;!
Missing character: There is no 的 (U+7684) in font [lmroman10-regular]:mapping=t
ex-text;!
Missing character: There is no 解 (U+89E3) in font [lmroman10-regular]:mapping=t
ex-text;!
Missing character: There is no 析 (U+6790) in font [lmroman10-regular]:mapping=t
ex-text;!
Missing character: There is no 式 (U+5F0F) in font [lmroman10-regular]:mapping=t
ex-text;!
Missing character: There is no 教 (U+6559) in font [lmroman10-regular]:mapping=t
ex-text;!
Missing character: There is no 师 (U+5E08) in font [lmroman10-regular]:mapping=t
ex-text;!
Missing character: There is no 模 (U+6A21) in font [lmroman10-regular]:mapping=t
ex-text;!
Missing character: There is no 型 (U+578B) in font [lmroman10-regular]:mapping=t
ex-text;!
Missing character: There is no ， (U+FF0C) in font [lmroman10-regular]:mapping=t
ex-text;!
Missing character: There is no 通 (U+901A) in font [lmroman10-regular]:mapping=t
ex-text;!
Missing character: There is no 过 (U+8FC7) in font [lmroman10-regular]:mapping=t
ex-text;!
Missing character: There is no 对 (U+5BF9) in font [lmroman10-regular]:mapping=t
ex-text;!
Missing character: There is no 经 (U+7ECF) in font [lmroman10-regular]:mapping=t
ex-text;!
Missing character: There is no 典 (U+5178) in font [lmroman10-regular]:mapping=t
ex-text;!
Missing character: There is no 方 (U+65B9) in font [lmroman10-regular]:mapping=t
ex-text;!
Missing character: There is no 程 (U+7A0B) in font [lmroman10-regular]:mapping=t
ex-text;!
Missing character: There is no 进 (U+8FDB) in font [lmroman10-regular]:mapping=t
ex-text;!
Missing character: There is no 行 (U+884C) in font [lmroman10-regular]:mapping=t
ex-text;!
Missing character: There is no 简 (U+7B80) in font [lmroman10-regular]:mapping=t
ex-text;!
Missing character: There is no 化 (U+5316) in font [lmroman10-regular]:mapping=t
ex-text;!
Missing character: There is no 并 (U+5E76) in font [lmroman10-regular]:mapping=t
ex-text;!
Missing character: There is no 增 (U+589E) in font [lmroman10-regular]:mapping=t
ex-text;!
Missing character: There is no 强 (U+5F3A) in font [lmroman10-regular]:mapping=t
ex-text;!
Missing character: There is no 图 (U+56FE) in font [lmroman10-regular]:mapping=t
ex-text;!
Missing character: There is no 像 (U+50CF) in font [lmroman10-regular]:mapping=t
ex-text;!
Missing character: There is no 特 (U+7279) in font [lmroman10-regular]:mapping=t
ex-text;!
Missing character: There is no 征 (U+5F81) in font [lmroman10-regular]:mapping=t
ex-text;!
Missing character: There is no 检 (U+68C0) in font [lmroman10-regular]:mapping=t
ex-text;!
Missing character: There is no 测 (U+6D4B) in font [lmroman10-regular]:mapping=t
ex-text;!
Missing character: There is no ， (U+FF0C) in font [lmroman10-regular]:mapping=t
ex-text;!
Missing character: There is no 来 (U+6765) in font [lmroman10-regular]:mapping=t
ex-text;!
Missing character: There is no 解 (U+89E3) in font [lmroman10-regular]:mapping=t
ex-text;!
Missing character: There is no 决 (U+51B3) in font [lmroman10-regular]:mapping=t
ex-text;!
Missing character: There is no 数 (U+6570) in font [lmroman10-regular]:mapping=t
ex-text;!
Missing character: There is no 值 (U+503C) in font [lmroman10-regular]:mapping=t
ex-text;!
Missing character: There is no 不 (U+4E0D) in font [lmroman10-regular]:mapping=t
ex-text;!
Missing character: There is no 稳 (U+7A33) in font [lmroman10-regular]:mapping=t
ex-text;!
Missing character: There is no 定 (U+5B9A) in font [lmroman10-regular]:mapping=t
ex-text;!
Missing character: There is no 问 (U+95EE) in font [lmroman10-regular]:mapping=t
ex-text;!
Missing character: There is no 题 (U+9898) in font [lmroman10-regular]:mapping=t
ex-text;!
Missing character: There is no ； (U+FF1B) in font [lmroman10-regular]:mapping=t
ex-text;!
Missing character: There is no 同 (U+540C) in font [lmroman10-regular]:mapping=t
ex-text;!
Missing character: There is no 时 (U+65F6) in font [lmroman10-regular]:mapping=t
ex-text;!
Missing character: There is no 结 (U+7ED3) in font [lmroman10-regular]:mapping=t
ex-text;!
Missing character: There is no 合 (U+5408) in font [lmroman10-regular]:mapping=t
ex-text;!
Missing character: There is no 一 (U+4E00) in font [lmroman10-regular]:mapping=t
ex-text;!
Missing character: There is no 个 (U+4E2A) in font [lmroman10-regular]:mapping=t
ex-text;!
Missing character: There is no 轻 (U+8F7B) in font [lmroman10-regular]:mapping=t
ex-text;!
Missing character: There is no 量 (U+91CF) in font [lmroman10-regular]:mapping=t
ex-text;!
Missing character: There is no 级 (U+7EA7) in font [lmroman10-regular]:mapping=t
ex-text;!
Missing character: There is no 学 (U+5B66) in font [lmroman10-regular]:mapping=t
ex-text;!
Missing character: There is no 生 (U+751F) in font [lmroman10-regular]:mapping=t
ex-text;!
Missing character: There is no 神 (U+795E) in font [lmroman10-regular]:mapping=t
ex-text;!
Missing character: There is no 经 (U+7ECF) in font [lmroman10-regular]:mapping=t
ex-text;!
Missing character: There is no 网 (U+7F51) in font [lmroman10-regular]:mapping=t
ex-text;!
Missing character: There is no 络 (U+7EDC) in font [lmroman10-regular]:mapping=t
ex-text;!
Missing character: There is no ， (U+FF0C) in font [lmroman10-regular]:mapping=t
ex-text;!
Missing character: There is no 以 (U+4EE5) in font [lmroman10-regular]:mapping=t
ex-text;!
Missing character: There is no 获 (U+83B7) in font [lmroman10-regular]:mapping=t
ex-text;!
Missing character: There is no 得 (U+5F97) in font [lmroman10-regular]:mapping=t
ex-text;!
Missing character: There is no 更 (U+66F4) in font [lmroman10-regular]:mapping=t
ex-text;!
Missing character: There is no 优 (U+4F18) in font [lmroman10-regular]:mapping=t
ex-text;!
Missing character: There is no 的 (U+7684) in font [lmroman10-regular]:mapping=t
ex-text;!
Missing character: There is no 实 (U+5B9E) in font [lmroman10-regular]:mapping=t
ex-text;!
Missing character: There is no 时 (U+65F6) in font [lmroman10-regular]:mapping=t
ex-text;!
Missing character: There is no 性 (U+6027) in font [lmroman10-regular]:mapping=t
ex-text;!
Missing character: There is no 能 (U+80FD) in font [lmroman10-regular]:mapping=t
ex-text;!
Missing character: There is no 。 (U+3002) in font [lmroman10-regular]:mapping=t
ex-text;!
Missing character: There is no 所 (U+6240) in font [lmroman10-regular]:mapping=t
ex-text;!
Missing character: There is no 提 (U+63D0) in font [lmroman10-regular]:mapping=t
ex-text;!
Missing character: There is no 自 (U+81EA) in font [lmroman10-regular]:mapping=t
ex-text;!
Missing character: There is no 监 (U+76D1) in font [lmroman10-regular]:mapping=t
ex-text;!
Missing character: There is no 督 (U+7763) in font [lmroman10-regular]:mapping=t
ex-text;!
Missing character: There is no 教 (U+6559) in font [lmroman10-regular]:mapping=t
ex-text;!
Missing character: There is no 师 (U+5E08) in font [lmroman10-regular]:mapping=t
ex-text;!
Missing character: There is no 方 (U+65B9) in font [lmroman10-regular]:mapping=t
ex-text;!
Missing character: There is no 法 (U+6CD5) in font [lmroman10-regular]:mapping=t
ex-text;!
Missing character: There is no 采 (U+91C7) in font [lmroman10-regular]:mapping=t
ex-text;!
Missing character: There is no 用 (U+7528) in font [lmroman10-regular]:mapping=t
ex-text;!
Missing character: There is no 两 (U+4E24) in font [lmroman10-regular]:mapping=t
ex-text;!
Missing character: There is no 阶 (U+9636) in font [lmroman10-regular]:mapping=t
ex-text;!
Missing character: There is no 段 (U+6BB5) in font [lmroman10-regular]:mapping=t
ex-text;!
Missing character: There is no 神 (U+795E) in font [lmroman10-regular]:mapping=t
ex-text;!
Missing character: There is no 经 (U+7ECF) in font [lmroman10-regular]:mapping=t
ex-text;!
Missing character: There is no 网 (U+7F51) in font [lmroman10-regular]:mapping=t
ex-text;!
Missing character: There is no 络 (U+7EDC) in font [lmroman10-regular]:mapping=t
ex-text;!
Missing character: There is no 流 (U+6D41) in font [lmroman10-regular]:mapping=t
ex-text;!
Missing character: There is no 程 (U+7A0B) in font [lmroman10-regular]:mapping=t
ex-text;!
Missing character: There is no ： (U+FF1A) in font [lmroman10-regular]:mapping=t
ex-text;!
Missing character: There is no 第 (U+7B2C) in font [lmroman10-regular]:mapping=t
ex-text;!
Missing character: There is no 一 (U+4E00) in font [lmroman10-regular]:mapping=t
ex-text;!
Missing character: There is no 阶 (U+9636) in font [lmroman10-regular]:mapping=t
ex-text;!
Missing character: There is no 段 (U+6BB5) in font [lmroman10-regular]:mapping=t
ex-text;!
Missing character: There is no 使 (U+4F7F) in font [lmroman10-regular]:mapping=t
ex-text;!
Missing character: There is no 用 (U+7528) in font [lmroman10-regular]:mapping=t
ex-text;!

Package natbib Warning: Citation `redmon2016you' on page 1 undefined on input l
ine 52.


Package natbib Warning: Citation `riftiarrasyid2024suitability' on page 1 undef
ined on input line 52.


Package natbib Warning: Citation `yang2025comparative' on page 1 undefined on i
nput line 52.

Missing character: There is no 实 (U+5B9E) in font [lmroman10-regular]:mapping=t
ex-text;!
Missing character: There is no 例 (U+4F8B) in font [lmroman10-regular]:mapping=t
ex-text;!
Missing character: There is no 分 (U+5206) in font [lmroman10-regular]:mapping=t
ex-text;!
Missing character: There is no 割 (U+5272) in font [lmroman10-regular]:mapping=t
ex-text;!
Missing character: There is no 网 (U+7F51) in font [lmroman10-regular]:mapping=t
ex-text;!
Missing character: There is no 络 (U+7EDC) in font [lmroman10-regular]:mapping=t
ex-text;!
Missing character: There is no 完 (U+5B8C) in font [lmroman10-regular]:mapping=t
ex-text;!
Missing character: There is no 成 (U+6210) in font [lmroman10-regular]:mapping=t
ex-text;!
Missing character: There is no 目 (U+76EE) in font [lmroman10-regular]:mapping=t
ex-text;!
Missing character: There is no 标 (U+6807) in font [lmroman10-regular]:mapping=t
ex-text;!
Missing character: There is no 检 (U+68C0) in font [lmroman10-regular]:mapping=t
ex-text;!
Missing character: There is no 测 (U+6D4B) in font [lmroman10-regular]:mapping=t
ex-text;!
Missing character: There is no ； (U+FF1B) in font [lmroman10-regular]:mapping=t
ex-text;!
Missing character: There is no 第 (U+7B2C) in font [lmroman10-regular]:mapping=t
ex-text;!
Missing character: There is no 二 (U+4E8C) in font [lmroman10-regular]:mapping=t
ex-text;!
Missing character: There is no 阶 (U+9636) in font [lmroman10-regular]:mapping=t
ex-text;!
Missing character: There is no 段 (U+6BB5) in font [lmroman10-regular]:mapping=t
ex-text;!
Missing character: There is no 将 (U+5C06) in font [lmroman10-regular]:mapping=t
ex-text;!
Missing character: There is no 生 (U+751F) in font [lmroman10-regular]:mapping=t
ex-text;!
Missing character: There is no 成 (U+6210) in font [lmroman10-regular]:mapping=t
ex-text;!
Missing character: There is no 的 (U+7684) in font [lmroman10-regular]:mapping=t
ex-text;!
Missing character: There is no 掩 (U+63A9) in font [lmroman10-regular]:mapping=t
ex-text;!
Missing character: There is no 码 (U+7801) in font [lmroman10-regular]:mapping=t
ex-text;!
Missing character: There is no 一 (U+4E00) in font [lmroman10-regular]:mapping=t
ex-text;!
Missing character: There is no 分 (U+5206) in font [lmroman10-regular]:mapping=t
ex-text;!
Missing character: There is no 为 (U+4E3A) in font [lmroman10-regular]:mapping=t
ex-text;!
Missing character: There is no 二 (U+4E8C) in font [lmroman10-regular]:mapping=t
ex-text;!
Missing character: There is no ， (U+FF0C) in font [lmroman10-regular]:mapping=t
ex-text;!
Missing character: There is no 以 (U+4EE5) in font [lmroman10-regular]:mapping=t
ex-text;!
Missing character: There is no 估 (U+4F30) in font [lmroman10-regular]:mapping=t
ex-text;!
Missing character: There is no 计 (U+8BA1) in font [lmroman10-regular]:mapping=t
ex-text;!
Missing character: There is no 玩 (U+73A9) in font [lmroman10-regular]:mapping=t
ex-text;!
Missing character: There is no 具 (U+5177) in font [lmroman10-regular]:mapping=t
ex-text;!
Missing character: There is no 车 (U+8F66) in font [lmroman10-regular]:mapping=t
ex-text;!
Missing character: There is no 目 (U+76EE) in font [lmroman10-regular]:mapping=t
ex-text;!
Missing character: There is no 标 (U+6807) in font [lmroman10-regular]:mapping=t
ex-text;!
Missing character: There is no 的 (U+7684) in font [lmroman10-regular]:mapping=t
ex-text;!
Missing character: There is no 朝 (U+671D) in font [lmroman10-regular]:mapping=t
ex-text;!
Missing character: There is no 向 (U+5411) in font [lmroman10-regular]:mapping=t
ex-text;!
Missing character: There is no （ (U+FF08) in font [lmroman10-regular]:mapping=t
ex-text;!
Missing character: There is no 前 (U+524D) in font [lmroman10-regular]:mapping=t
ex-text;!
Missing character: There is no 后 (U+540E) in font [lmroman10-regular]:mapping=t
ex-text;!
Missing character: There is no 分 (U+5206) in font [lmroman10-regular]:mapping=t
ex-text;!
Missing character: There is no 割 (U+5272) in font [lmroman10-regular]:mapping=t
ex-text;!
Missing character: There is no ） (U+FF09) in font [lmroman10-regular]:mapping=t
ex-text;!
Missing character: There is no ， (U+FF0C) in font [lmroman10-regular]:mapping=t
ex-text;!
Missing character: There is no 从 (U+4ECE) in font [lmroman10-regular]:mapping=t
ex-text;!
Missing character: There is no 而 (U+800C) in font [lmroman10-regular]:mapping=t
ex-text;!
Missing character: There is no 在 (U+5728) in font [lmroman10-regular]:mapping=t
ex-text;!
Missing character: There is no 不 (U+4E0D) in font [lmroman10-regular]:mapping=t
ex-text;!
Missing character: There is no 依 (U+4F9D) in font [lmroman10-regular]:mapping=t
ex-text;!
Missing character: There is no 赖 (U+8D56) in font [lmroman10-regular]:mapping=t
ex-text;!
Missing character: There is no 的 (U+7684) in font [lmroman10-regular]:mapping=t
ex-text;!
Missing character: There is no 情 (U+60C5) in font [lmroman10-regular]:mapping=t
ex-text;!
Missing character: There is no 况 (U+51B5) in font [lmroman10-regular]:mapping=t
ex-text;!
Missing character: There is no 下 (U+4E0B) in font [lmroman10-regular]:mapping=t
ex-text;!
Missing character: There is no 实 (U+5B9E) in font [lmroman10-regular]:mapping=t
ex-text;!
Missing character: There is no 现 (U+73B0) in font [lmroman10-regular]:mapping=t
ex-text;!
Missing character: There is no 精 (U+7CBE) in font [lmroman10-regular]:mapping=t
ex-text;!
Missing character: There is no 确 (U+786E) in font [lmroman10-regular]:mapping=t
ex-text;!
Missing character: There is no 的 (U+7684) in font [lmroman10-regular]:mapping=t
ex-text;!
Missing character: There is no 无 (U+65E0) in font [lmroman10-regular]:mapping=t
ex-text;!
Missing character: There is no 人 (U+4EBA) in font [lmroman10-regular]:mapping=t
ex-text;!
Missing character: There is no 机 (U+673A) in font [lmroman10-regular]:mapping=t
ex-text;!
Missing character: There is no 定 (U+5B9A) in font [lmroman10-regular]:mapping=t
ex-text;!
Missing character: There is no 位 (U+4F4D) in font [lmroman10-regular]:mapping=t
ex-text;!
Missing character: There is no 。 (U+3002) in font [lmroman10-regular]:mapping=t
ex-text;!
Missing character: There is no 该 (U+8BE5) in font [lmroman10-regular]:mapping=t
ex-text;!
Missing character: There is no 知 (U+77E5) in font [lmroman10-regular]:mapping=t
ex-text;!
Missing character: There is no 识 (U+8BC6) in font [lmroman10-regular]:mapping=t
ex-text;!
Missing character: There is no 蒸 (U+84B8) in font [lmroman10-regular]:mapping=t
ex-text;!
Missing character: There is no 馏 (U+998F) in font [lmroman10-regular]:mapping=t
ex-text;!
Missing character: There is no 框 (U+6846) in font [lmroman10-regular]:mapping=t
ex-text;!
Missing character: There is no 架 (U+67B6) in font [lmroman10-regular]:mapping=t
ex-text;!
Missing character: There is no 把 (U+628A) in font [lmroman10-regular]:mapping=t
ex-text;!
Missing character: There is no 改 (U+6539) in font [lmroman10-regular]:mapping=t
ex-text;!
Missing character: There is no 进 (U+8FDB) in font [lmroman10-regular]:mapping=t
ex-text;!
Missing character: There is no 教 (U+6559) in font [lmroman10-regular]:mapping=t
ex-text;!
Missing character: There is no 师 (U+5E08) in font [lmroman10-regular]:mapping=t
ex-text;!
Missing character: There is no 的 (U+7684) in font [lmroman10-regular]:mapping=t
ex-text;!
Missing character: There is no 解 (U+89E3) in font [lmroman10-regular]:mapping=t
ex-text;!
Missing character: There is no 析 (U+6790) in font [lmroman10-regular]:mapping=t
ex-text;!
Missing character: There is no 稳 (U+7A33) in font [lmroman10-regular]:mapping=t
ex-text;!
Missing character: There is no 定 (U+5B9A) in font [lmroman10-regular]:mapping=t
ex-text;!
Missing character: There is no 性 (U+6027) in font [lmroman10-regular]:mapping=t
ex-text;!
Missing character: There is no 迁 (U+8FC1) in font [lmroman10-regular]:mapping=t
ex-text;!
Missing character: There is no 移 (U+79FB) in font [lmroman10-regular]:mapping=t
ex-text;!
Missing character: There is no 到 (U+5230) in font [lmroman10-regular]:mapping=t
ex-text;!
Missing character: There is no 一 (U+4E00) in font [lmroman10-regular]:mapping=t
ex-text;!
Missing character: There is no 个 (U+4E2A) in font [lmroman10-regular]:mapping=t
ex-text;!
Missing character: There is no 更 (U+66F4) in font [lmroman10-regular]:mapping=t
ex-text;!
Missing character: There is no 高 (U+9AD8) in font [lmroman10-regular]:mapping=t
ex-text;!
Missing character: There is no 效 (U+6548) in font [lmroman10-regular]:mapping=t
ex-text;!
Missing character: There is no 、 (U+3001) in font [lmroman10-regular]:mapping=t
ex-text;!
Missing character: There is no 成 (U+6210) in font [lmroman10-regular]:mapping=t
ex-text;!
Missing character: There is no 本 (U+672C) in font [lmroman10-regular]:mapping=t
ex-text;!
Missing character: There is no 更 (U+66F4) in font [lmroman10-regular]:mapping=t
ex-text;!
Missing character: There is no 低 (U+4F4E) in font [lmroman10-regular]:mapping=t
ex-text;!
Missing character: There is no 的 (U+7684) in font [lmroman10-regular]:mapping=t
ex-text;!
Missing character: There is no 学 (U+5B66) in font [lmroman10-regular]:mapping=t
ex-text;!
Missing character: There is no 生 (U+751F) in font [lmroman10-regular]:mapping=t
ex-text;!
Missing character: There is no 网 (U+7F51) in font [lmroman10-regular]:mapping=t
ex-text;!
Missing character: There is no 络 (U+7EDC) in font [lmroman10-regular]:mapping=t
ex-text;!
Missing character: There is no 中 (U+4E2D) in font [lmroman10-regular]:mapping=t
ex-text;!
Missing character: There is no ， (U+FF0C) in font [lmroman10-regular]:mapping=t
ex-text;!
Missing character: There is no 同 (U+540C) in font [lmroman10-regular]:mapping=t
ex-text;!
Missing character: There is no 时 (U+65F6) in font [lmroman10-regular]:mapping=t
ex-text;!
Missing character: There is no 还 (U+8FD8) in font [lmroman10-regular]:mapping=t
ex-text;!
Missing character: There is no 获 (U+83B7) in font [lmroman10-regular]:mapping=t
ex-text;!
Missing character: There is no 得 (U+5F97) in font [lmroman10-regular]:mapping=t
ex-text;!
Missing character: There is no 了 (U+4E86) in font [lmroman10-regular]:mapping=t
ex-text;!
Missing character: There is no 更 (U+66F4) in font [lmroman10-regular]:mapping=t
ex-text;!
Missing character: There is no 好 (U+597D) in font [lmroman10-regular]:mapping=t
ex-text;!
Missing character: There is no 的 (U+7684) in font [lmroman10-regular]:mapping=t
ex-text;!
Missing character: There is no 控 (U+63A7) in font [lmroman10-regular]:mapping=t
ex-text;!
Missing character: There is no 制 (U+5236) in font [lmroman10-regular]:mapping=t
ex-text;!
Missing character: There is no 性 (U+6027) in font [lmroman10-regular]:mapping=t
ex-text;!
Missing character: There is no 能 (U+80FD) in font [lmroman10-regular]:mapping=t
ex-text;!
Missing character: There is no 。 (U+3002) in font [lmroman10-regular]:mapping=t
ex-text;!
Missing character: There is no 系 (U+7CFB) in font [lmroman10-regular]:mapping=t
ex-text;!
Missing character: There is no 统 (U+7EDF) in font [lmroman10-regular]:mapping=t
ex-text;!
Missing character: There is no 验 (U+9A8C) in font [lmroman10-regular]:mapping=t
ex-text;!
Missing character: There is no 证 (U+8BC1) in font [lmroman10-regular]:mapping=t
ex-text;!
Missing character: There is no 采 (U+91C7) in font [lmroman10-regular]:mapping=t
ex-text;!
Missing character: There is no 用 (U+7528) in font [lmroman10-regular]:mapping=t
ex-text;!
Missing character: There is no 渐 (U+6E10) in font [lmroman10-regular]:mapping=t
ex-text;!
Missing character: There is no 进 (U+8FDB) in font [lmroman10-regular]:mapping=t
ex-text;!
Missing character: There is no 式 (U+5F0F) in font [lmroman10-regular]:mapping=t
ex-text;!
Missing character: There is no 流 (U+6D41) in font [lmroman10-regular]:mapping=t
ex-text;!
Missing character: There is no 程 (U+7A0B) in font [lmroman10-regular]:mapping=t
ex-text;!
Missing character: There is no ， (U+FF0C) in font [lmroman10-regular]:mapping=t
ex-text;!
Missing character: There is no 先 (U+5148) in font [lmroman10-regular]:mapping=t
ex-text;!
Missing character: There is no 进 (U+8FDB) in font [lmroman10-regular]:mapping=t
ex-text;!
Missing character: There is no 行 (U+884C) in font [lmroman10-regular]:mapping=t
ex-text;!
Missing character: There is no 仿 (U+4EFF) in font [lmroman10-regular]:mapping=t
ex-text;!
Missing character: There is no 真 (U+771F) in font [lmroman10-regular]:mapping=t
ex-text;!
Missing character: There is no 训 (U+8BAD) in font [lmroman10-regular]:mapping=t
ex-text;!
Missing character: There is no 练 (U+7EC3) in font [lmroman10-regular]:mapping=t
ex-text;!
Missing character: There is no ， (U+FF0C) in font [lmroman10-regular]:mapping=t
ex-text;!
Missing character: There is no 再 (U+518D) in font [lmroman10-regular]:mapping=t
ex-text;!
Missing character: There is no 引 (U+5F15) in font [lmroman10-regular]:mapping=t
ex-text;!
Missing character: There is no 入 (U+5165) in font [lmroman10-regular]:mapping=t
ex-text;!
Missing character: There is no 真 (U+771F) in font [lmroman10-regular]:mapping=t
ex-text;!
Missing character: There is no 实 (U+5B9E) in font [lmroman10-regular]:mapping=t
ex-text;!
Missing character: There is no 世 (U+4E16) in font [lmroman10-regular]:mapping=t
ex-text;!
Missing character: There is no 界 (U+754C) in font [lmroman10-regular]:mapping=t
ex-text;!
Missing character: There is no 数 (U+6570) in font [lmroman10-regular]:mapping=t
ex-text;!
Missing character: There is no 据 (U+636E) in font [lmroman10-regular]:mapping=t
ex-text;!
Missing character: There is no 进 (U+8FDB) in font [lmroman10-regular]:mapping=t
ex-text;!
Missing character: There is no 行 (U+884C) in font [lmroman10-regular]:mapping=t
ex-text;!
Missing character: There is no 微 (U+5FAE) in font [lmroman10-regular]:mapping=t
ex-text;!
Missing character: There is no 调 (U+8C03) in font [lmroman10-regular]:mapping=t
ex-text;!
Missing character: There is no 。 (U+3002) in font [lmroman10-regular]:mapping=t
ex-text;!
Missing character: There is no 实 (U+5B9E) in font [lmroman10-regular]:mapping=t
ex-text;!
Missing character: There is no 验 (U+9A8C) in font [lmroman10-regular]:mapping=t
ex-text;!
Missing character: There is no 装 (U+88C5) in font [lmroman10-regular]:mapping=t
ex-text;!
Missing character: There is no 置 (U+7F6E) in font [lmroman10-regular]:mapping=t
ex-text;!
Missing character: There is no 只 (U+53EA) in font [lmroman10-regular]:mapping=t
ex-text;!
Missing character: There is no 需 (U+9700) in font [lmroman10-regular]:mapping=t
ex-text;!
Missing character: There is no 要 (U+8981) in font [lmroman10-regular]:mapping=t
ex-text;!
Missing character: There is no 一 (U+4E00) in font [lmroman10-regular]:mapping=t
ex-text;!
Missing character: There is no 台 (U+53F0) in font [lmroman10-regular]:mapping=t
ex-text;!
Missing character: There is no 普 (U+666E) in font [lmroman10-regular]:mapping=t
ex-text;!
Missing character: There is no 通 (U+901A) in font [lmroman10-regular]:mapping=t
ex-text;!
Missing character: There is no 笔 (U+7B14) in font [lmroman10-regular]:mapping=t
ex-text;!
Missing character: There is no 记 (U+8BB0) in font [lmroman10-regular]:mapping=t
ex-text;!
Missing character: There is no 本 (U+672C) in font [lmroman10-regular]:mapping=t
ex-text;!
Missing character: There is no 电 (U+7535) in font [lmroman10-regular]:mapping=t
ex-text;!
Missing character: There is no 脑 (U+8111) in font [lmroman10-regular]:mapping=t
ex-text;!
Missing character: There is no 和 (U+548C) in font [lmroman10-regular]:mapping=t
ex-text;!
Missing character: There is no 一 (U+4E00) in font [lmroman10-regular]:mapping=t
ex-text;!
Missing character: There is no 条 (U+6761) in font [lmroman10-regular]:mapping=t
ex-text;!
Missing character: There is no 与 (U+4E0E) in font [lmroman10-regular]:mapping=t
ex-text;!
Missing character: There is no 四 (U+56DB) in font [lmroman10-regular]:mapping=t
ex-text;!
Missing character: There is no 旋 (U+65CB) in font [lmroman10-regular]:mapping=t
ex-text;!
Missing character: There is no 翼 (U+7FFC) in font [lmroman10-regular]:mapping=t
ex-text;!
Missing character: There is no 平 (U+5E73) in font [lmroman10-regular]:mapping=t
ex-text;!
Missing character: There is no 台 (U+53F0) in font [lmroman10-regular]:mapping=t
ex-text;!
Missing character: There is no 相 (U+76F8) in font [lmroman10-regular]:mapping=t
ex-text;!
Missing character: There is no 连 (U+8FDE) in font [lmroman10-regular]:mapping=t
ex-text;!
Missing character: There is no 的 (U+7684) in font [lmroman10-regular]:mapping=t
ex-text;!
Missing character: There is no 无 (U+65E0) in font [lmroman10-regular]:mapping=t
ex-text;!
Missing character: There is no 线 (U+7EBF) in font [lmroman10-regular]:mapping=t
ex-text;!
Missing character: There is no 通 (U+901A) in font [lmroman10-regular]:mapping=t
ex-text;!
Missing character: There is no 信 (U+4FE1) in font [lmroman10-regular]:mapping=t
ex-text;!
Missing character: There is no 链 (U+94FE) in font [lmroman10-regular]:mapping=t
ex-text;!
Missing character: There is no 路 (U+8DEF) in font [lmroman10-regular]:mapping=t
ex-text;!
Missing character: There is no ， (U+FF0C) in font [lmroman10-regular]:mapping=t
ex-text;!
Missing character: There is no 硬 (U+786C) in font [lmroman10-regular]:mapping=t
ex-text;!
Missing character: There is no 件 (U+4EF6) in font [lmroman10-regular]:mapping=t
ex-text;!
Missing character: There is no 需 (U+9700) in font [lmroman10-regular]:mapping=t
ex-text;!
Missing character: There is no 求 (U+6C42) in font [lmroman10-regular]:mapping=t
ex-text;!
Missing character: There is no 极 (U+6781) in font [lmroman10-regular]:mapping=t
ex-text;!
Missing character: There is no 低 (U+4F4E) in font [lmroman10-regular]:mapping=t
ex-text;!
Missing character: There is no ， (U+FF0C) in font [lmroman10-regular]:mapping=t
ex-text;!
Missing character: There is no 这 (U+8FD9) in font [lmroman10-regular]:mapping=t
ex-text;!
Missing character: There is no 说 (U+8BF4) in font [lmroman10-regular]:mapping=t
ex-text;!
Missing character: There is no 明 (U+660E) in font [lmroman10-regular]:mapping=t
ex-text;!
Missing character: There is no 该 (U+8BE5) in font [lmroman10-regular]:mapping=t
ex-text;!
Missing character: There is no 方 (U+65B9) in font [lmroman10-regular]:mapping=t
ex-text;!
Missing character: There is no 法 (U+6CD5) in font [lmroman10-regular]:mapping=t
ex-text;!
Missing character: There is no 在 (U+5728) in font [lmroman10-regular]:mapping=t
ex-text;!
Missing character: There is no 室 (U+5BA4) in font [lmroman10-regular]:mapping=t
ex-text;!
Missing character: There is no 内 (U+5185) in font [lmroman10-regular]:mapping=t
ex-text;!
Missing character: There is no 自 (U+81EA) in font [lmroman10-regular]:mapping=t
ex-text;!
Missing character: There is no 主 (U+4E3B) in font [lmroman10-regular]:mapping=t
ex-text;!
Missing character: There is no 运 (U+8FD0) in font [lmroman10-regular]:mapping=t
ex-text;!
Missing character: There is no 行 (U+884C) in font [lmroman10-regular]:mapping=t
ex-text;!
Missing character: There is no 方 (U+65B9) in font [lmroman10-regular]:mapping=t
ex-text;!
Missing character: There is no 面 (U+9762) in font [lmroman10-regular]:mapping=t
ex-text;!
Missing character: There is no 具 (U+5177) in font [lmroman10-regular]:mapping=t
ex-text;!
Missing character: There is no 有 (U+6709) in font [lmroman10-regular]:mapping=t
ex-text;!
Missing character: There is no 现 (U+73B0) in font [lmroman10-regular]:mapping=t
ex-text;!
Missing character: There is no 实 (U+5B9E) in font [lmroman10-regular]:mapping=t
ex-text;!
Missing character: There is no 可 (U+53EF) in font [lmroman10-regular]:mapping=t
ex-text;!
Missing character: There is no 行 (U+884C) in font [lmroman10-regular]:mapping=t
ex-text;!
Missing character: There is no 性 (U+6027) in font [lmroman10-regular]:mapping=t
ex-text;!
Missing character: There is no ， (U+FF0C) in font [lmroman10-regular]:mapping=t
ex-text;!
Missing character: There is no 同 (U+540C) in font [lmroman10-regular]:mapping=t
ex-text;!
Missing character: There is no 时 (U+65F6) in font [lmroman10-regular]:mapping=t
ex-text;!
Missing character: There is no 也 (U+4E5F) in font [lmroman10-regular]:mapping=t
ex-text;!
Missing character: There is no 面 (U+9762) in font [lmroman10-regular]:mapping=t
ex-text;!
Missing character: There is no 向 (U+5411) in font [lmroman10-regular]:mapping=t
ex-text;!
Missing character: There is no 未 (U+672A) in font [lmroman10-regular]:mapping=t
ex-text;!
Missing character: There is no 来 (U+6765) in font [lmroman10-regular]:mapping=t
ex-text;!
Missing character: There is no 的 (U+7684) in font [lmroman10-regular]:mapping=t
ex-text;!
Missing character: There is no 边 (U+8FB9) in font [lmroman10-regular]:mapping=t
ex-text;!
Missing character: There is no 缘 (U+7F18) in font [lmroman10-regular]:mapping=t
ex-text;!
Missing character: There is no 部 (U+90E8) in font [lmroman10-regular]:mapping=t
ex-text;!
Missing character: There is no 署 (U+7F72) in font [lmroman10-regular]:mapping=t
ex-text;!
Missing character: There is no 应 (U+5E94) in font [lmroman10-regular]:mapping=t
ex-text;!
Missing character: There is no 用 (U+7528) in font [lmroman10-regular]:mapping=t
ex-text;!
Missing character: There is no 。 (U+3002) in font [lmroman10-regular]:mapping=t
ex-text;!
Missing character: There is no 基 (U+57FA) in font [lmroman12-regular]:mapping=t
ex-text;!
Missing character: There is no 于 (U+4E8E) in font [lmroman12-regular]:mapping=t
ex-text;!
Missing character: There is no 视 (U+89C6) in font [lmroman12-regular]:mapping=t
ex-text;!
Missing character: There is no 觉 (U+89C9) in font [lmroman12-regular]:mapping=t
ex-text;!
Missing character: There is no 的 (U+7684) in font [lmroman12-regular]:mapping=t
ex-text;!
Missing character: There is no 伺 (U+4F3A) in font [lmroman12-regular]:mapping=t
ex-text;!
Missing character: There is no 服 (U+670D) in font [lmroman12-regular]:mapping=t
ex-text;!
Missing character: There is no 视 (U+89C6) in font [lmroman10-regular]:mapping=t
ex-text;!
Missing character: There is no 觉 (U+89C9) in font [lmroman10-regular]:mapping=t
ex-text;!
Missing character: There is no 伺 (U+4F3A) in font [lmroman10-regular]:mapping=t
ex-text;!
Missing character: There is no 服 (U+670D) in font [lmroman10-regular]:mapping=t
ex-text;!
Missing character: There is no 是 (U+662F) in font [lmroman10-regular]:mapping=t
ex-text;!
Missing character: There is no 移 (U+79FB) in font [lmroman10-regular]:mapping=t
ex-text;!
Missing character: There is no 动 (U+52A8) in font [lmroman10-regular]:mapping=t
ex-text;!
Missing character: There is no 机 (U+673A) in font [lmroman10-regular]:mapping=t
ex-text;!
Missing character: There is no 器 (U+5668) in font [lmroman10-regular]:mapping=t
ex-text;!
Missing character: There is no 人 (U+4EBA) in font [lmroman10-regular]:mapping=t
ex-text;!
Missing character: There is no 中 (U+4E2D) in font [lmroman10-regular]:mapping=t
ex-text;!
Missing character: There is no 一 (U+4E00) in font [lmroman10-regular]:mapping=t
ex-text;!
Missing character: There is no 种 (U+79CD) in font [lmroman10-regular]:mapping=t
ex-text;!
Missing character: There is no 基 (U+57FA) in font [lmroman10-regular]:mapping=t
ex-text;!
Missing character: There is no 础 (U+7840) in font [lmroman10-regular]:mapping=t
ex-text;!
Missing character: There is no 的 (U+7684) in font [lmroman10-regular]:mapping=t
ex-text;!
Missing character: There is no 控 (U+63A7) in font [lmroman10-regular]:mapping=t
ex-text;!
Missing character: There is no 制 (U+5236) in font [lmroman10-regular]:mapping=t
ex-text;!
Missing character: There is no 范 (U+8303) in font [lmroman10-regular]:mapping=t
ex-text;!
Missing character: There is no 式 (U+5F0F) in font [lmroman10-regular]:mapping=t
ex-text;!
Missing character: There is no ， (U+FF0C) in font [lmroman10-regular]:mapping=t
ex-text;!
Missing character: There is no 它 (U+5B83) in font [lmroman10-regular]:mapping=t
ex-text;!
Missing character: There is no 利 (U+5229) in font [lmroman10-regular]:mapping=t
ex-text;!
Missing character: There is no 用 (U+7528) in font [lmroman10-regular]:mapping=t
ex-text;!
Missing character: There is no 基 (U+57FA) in font [lmroman10-regular]:mapping=t
ex-text;!
Missing character: There is no 于 (U+4E8E) in font [lmroman10-regular]:mapping=t
ex-text;!
Missing character: There is no 摄 (U+6444) in font [lmroman10-regular]:mapping=t
ex-text;!
Missing character: There is no 像 (U+50CF) in font [lmroman10-regular]:mapping=t
ex-text;!
Missing character: There is no 头 (U+5934) in font [lmroman10-regular]:mapping=t
ex-text;!
Missing character: There is no 的 (U+7684) in font [lmroman10-regular]:mapping=t
ex-text;!
Missing character: There is no 反 (U+53CD) in font [lmroman10-regular]:mapping=t
ex-text;!
Missing character: There is no 馈 (U+9988) in font [lmroman10-regular]:mapping=t
ex-text;!
Missing character: There is no 进 (U+8FDB) in font [lmroman10-regular]:mapping=t
ex-text;!
Missing character: There is no 行 (U+884C) in font [lmroman10-regular]:mapping=t
ex-text;!
Missing character: There is no 运 (U+8FD0) in font [lmroman10-regular]:mapping=t
ex-text;!
Missing character: There is no 动 (U+52A8) in font [lmroman10-regular]:mapping=t
ex-text;!
Missing character: There is no 引 (U+5F15) in font [lmroman10-regular]:mapping=t
ex-text;!
Missing character: There is no 导 (U+5BFC) in font [lmroman10-regular]:mapping=t
ex-text;!
Missing character: There is no 。 (U+3002) in font [lmroman10-regular]:mapping=t
ex-text;!
Missing character: There is no 经 (U+7ECF) in font [lmroman10-regular]:mapping=t
ex-text;!
Missing character: There is no 典 (U+5178) in font [lmroman10-regular]:mapping=t
ex-text;!
Missing character: There is no 方 (U+65B9) in font [lmroman10-regular]:mapping=t
ex-text;!
Missing character: There is no 法 (U+6CD5) in font [lmroman10-regular]:mapping=t
ex-text;!
Missing character: There is no 通 (U+901A) in font [lmroman10-regular]:mapping=t
ex-text;!
Missing character: There is no 常 (U+5E38) in font [lmroman10-regular]:mapping=t
ex-text;!
Missing character: There is no 分 (U+5206) in font [lmroman10-regular]:mapping=t
ex-text;!
Missing character: There is no 为 (U+4E3A) in font [lmroman10-regular]:mapping=t
ex-text;!
Missing character: There is no 基 (U+57FA) in font [lmroman10-regular]:mapping=t
ex-text;!
Missing character: There is no 于 (U+4E8E) in font [lmroman10-regular]:mapping=t
ex-text;!
Missing character: There is no 位 (U+4F4D) in font [lmroman10-regular]:mapping=t
ex-text;!
Missing character: There is no 置 (U+7F6E) in font [lmroman10-regular]:mapping=t
ex-text;!
Missing character: There is no 的 (U+7684) in font [lmroman10-regular]:mapping=t
ex-text;!
Missing character: There is no 视 (U+89C6) in font [lmroman10-regular]:mapping=t
ex-text;!
Missing character: There is no 觉 (U+89C9) in font [lmroman10-regular]:mapping=t
ex-text;!
Missing character: There is no 伺 (U+4F3A) in font [lmroman10-regular]:mapping=t
ex-text;!
Missing character: There is no 服 (U+670D) in font [lmroman10-regular]:mapping=t
ex-text;!
Missing character: There is no （ (U+FF08) in font [lmroman10-regular]:mapping=t
ex-text;!
Missing character: There is no ） (U+FF09) in font [lmroman10-regular]:mapping=t
ex-text;!
Missing character: There is no 和 (U+548C) in font [lmroman10-regular]:mapping=t
ex-text;!
Missing character: There is no 基 (U+57FA) in font [lmroman10-regular]:mapping=t
ex-text;!
Missing character: There is no 于 (U+4E8E) in font [lmroman10-regular]:mapping=t
ex-text;!
Missing character: There is no 图 (U+56FE) in font [lmroman10-regular]:mapping=t
ex-text;!
Missing character: There is no 像 (U+50CF) in font [lmroman10-regular]:mapping=t
ex-text;!
Missing character: There is no 的 (U+7684) in font [lmroman10-regular]:mapping=t
ex-text;!
Missing character: There is no 视 (U+89C6) in font [lmroman10-regular]:mapping=t
ex-text;!
Missing character: There is no 觉 (U+89C9) in font [lmroman10-regular]:mapping=t
ex-text;!
Missing character: There is no 伺 (U+4F3A) in font [lmroman10-regular]:mapping=t
ex-text;!
Missing character: There is no 服 (U+670D) in font [lmroman10-regular]:mapping=t
ex-text;!
Missing character: There is no （ (U+FF08) in font [lmroman10-regular]:mapping=t
ex-text;!
Missing character: There is no ） (U+FF09) in font [lmroman10-regular]:mapping=t
ex-text;!
Missing character: There is no 两 (U+4E24) in font [lmroman10-regular]:mapping=t
ex-text;!
Missing character: There is no 类 (U+7C7B) in font [lmroman10-regular]:mapping=t
ex-text;!
Missing character: There is no 。 (U+3002) in font [lmroman10-regular]:mapping=t
ex-text;!
Missing character: There is no 通 (U+901A) in font [lmroman10-regular]:mapping=t
ex-text;!
Missing character: There is no 过 (U+8FC7) in font [lmroman10-regular]:mapping=t
ex-text;!
Missing character: There is no 图 (U+56FE) in font [lmroman10-regular]:mapping=t
ex-text;!
Missing character: There is no 像 (U+50CF) in font [lmroman10-regular]:mapping=t
ex-text;!
Missing character: There is no 特 (U+7279) in font [lmroman10-regular]:mapping=t
ex-text;!
Missing character: There is no 征 (U+5F81) in font [lmroman10-regular]:mapping=t
ex-text;!
Missing character: There is no 重 (U+91CD) in font [lmroman10-regular]:mapping=t
ex-text;!
Missing character: There is no 建 (U+5EFA) in font [lmroman10-regular]:mapping=t
ex-text;!
Missing character: There is no 三 (U+4E09) in font [lmroman10-regular]:mapping=t
ex-text;!
Missing character: There is no 维 (U+7EF4) in font [lmroman10-regular]:mapping=t
ex-text;!
Missing character: There is no 位 (U+4F4D) in font [lmroman10-regular]:mapping=t
ex-text;!
Missing character: There is no 姿 (U+59FF) in font [lmroman10-regular]:mapping=t
ex-text;!
Missing character: There is no ， (U+FF0C) in font [lmroman10-regular]:mapping=t
ex-text;!
Missing character: There is no 并 (U+5E76) in font [lmroman10-regular]:mapping=t
ex-text;!
Missing character: There is no 在 (U+5728) in font [lmroman10-regular]:mapping=t
ex-text;!
Missing character: There is no 笛 (U+7B1B) in font [lmroman10-regular]:mapping=t
ex-text;!
Missing character: There is no 卡 (U+5361) in font [lmroman10-regular]:mapping=t
ex-text;!
Missing character: There is no 尔 (U+5C14) in font [lmroman10-regular]:mapping=t
ex-text;!
Missing character: There is no 空 (U+7A7A) in font [lmroman10-regular]:mapping=t
ex-text;!
Missing character: There is no 间 (U+95F4) in font [lmroman10-regular]:mapping=t
ex-text;!
Missing character: There is no 中 (U+4E2D) in font [lmroman10-regular]:mapping=t
ex-text;!
Missing character: There is no 进 (U+8FDB) in font [lmroman10-regular]:mapping=t
ex-text;!
Missing character: There is no 行 (U+884C) in font [lmroman10-regular]:mapping=t
ex-text;!
Missing character: There is no 控 (U+63A7) in font [lmroman10-regular]:mapping=t
ex-text;!
Missing character: There is no 制 (U+5236) in font [lmroman10-regular]:mapping=t
ex-text;!

Package natbib Warning: Citation `qin2023perception' on page 1 undefined on inp
ut line 58.


Package natbib Warning: Citation `sun2025towards' on page 1 undefined on input 
line 58.

Missing character: There is no ； (U+FF1B) in font [lmroman10-regular]:mapping=t
ex-text;!
Missing character: There is no 而 (U+800C) in font [lmroman10-regular]:mapping=t
ex-text;!
Missing character: There is no 则 (U+5219) in font [lmroman10-regular]:mapping=t
ex-text;!
Missing character: There is no 直 (U+76F4) in font [lmroman10-regular]:mapping=t
ex-text;!
Missing character: There is no 接 (U+63A5) in font [lmroman10-regular]:mapping=t
ex-text;!
Missing character: There is no 把 (U+628A) in font [lmroman10-regular]:mapping=t
ex-text;!
Missing character: There is no 图 (U+56FE) in font [lmroman10-regular]:mapping=t
ex-text;!
Missing character: There is no 像 (U+50CF) in font [lmroman10-regular]:mapping=t
ex-text;!
Missing character: There is no 特 (U+7279) in font [lmroman10-regular]:mapping=t
ex-text;!
Missing character: There is no 征 (U+5F81) in font [lmroman10-regular]:mapping=t
ex-text;!
Missing character: There is no 作 (U+4F5C) in font [lmroman10-regular]:mapping=t
ex-text;!
Missing character: There is no 为 (U+4E3A) in font [lmroman10-regular]:mapping=t
ex-text;!
Missing character: There is no 反 (U+53CD) in font [lmroman10-regular]:mapping=t
ex-text;!
Missing character: There is no 馈 (U+9988) in font [lmroman10-regular]:mapping=t
ex-text;!
Missing character: There is no 信 (U+4FE1) in font [lmroman10-regular]:mapping=t
ex-text;!
Missing character: There is no 号 (U+53F7) in font [lmroman10-regular]:mapping=t
ex-text;!
Missing character: There is no ， (U+FF0C) in font [lmroman10-regular]:mapping=t
ex-text;!
Missing character: There is no 从 (U+4ECE) in font [lmroman10-regular]:mapping=t
ex-text;!
Missing character: There is no 而 (U+800C) in font [lmroman10-regular]:mapping=t
ex-text;!
Missing character: There is no 规 (U+89C4) in font [lmroman10-regular]:mapping=t
ex-text;!
Missing character: There is no 避 (U+907F) in font [lmroman10-regular]:mapping=t
ex-text;!
Missing character: There is no 位 (U+4F4D) in font [lmroman10-regular]:mapping=t
ex-text;!
Missing character: There is no 姿 (U+59FF) in font [lmroman10-regular]:mapping=t
ex-text;!
Missing character: There is no 估 (U+4F30) in font [lmroman10-regular]:mapping=t
ex-text;!
Missing character: There is no 计 (U+8BA1) in font [lmroman10-regular]:mapping=t
ex-text;!
Missing character: There is no 的 (U+7684) in font [lmroman10-regular]:mapping=t
ex-text;!
Missing character: There is no 不 (U+4E0D) in font [lmroman10-regular]:mapping=t
ex-text;!
Missing character: There is no 确 (U+786E) in font [lmroman10-regular]:mapping=t
ex-text;!
Missing character: There is no 定 (U+5B9A) in font [lmroman10-regular]:mapping=t
ex-text;!
Missing character: There is no 性 (U+6027) in font [lmroman10-regular]:mapping=t
ex-text;!

Package natbib Warning: Citation `corke1996visual' on page 1 undefined on input
 line 58.


Package natbib Warning: Citation `yang2020autonomous' on page 1 undefined on in
put line 58.


Package natbib Warning: Citation `lee2012adaptive' on page 1 undefined on input
 line 58.

Missing character: There is no 。 (U+3002) in font [lmroman10-regular]:mapping=t
ex-text;!
Missing character: There is no 对 (U+5BF9) in font [lmroman10-regular]:mapping=t
ex-text;!
Missing character: There is no 于 (U+4E8E) in font [lmroman10-regular]:mapping=t
ex-text;!
Missing character: There is no 实 (U+5B9E) in font [lmroman10-regular]:mapping=t
ex-text;!
Missing character: There is no 时 (U+65F6) in font [lmroman10-regular]:mapping=t
ex-text;!
Missing character: There is no 机 (U+673A) in font [lmroman10-regular]:mapping=t
ex-text;!
Missing character: There is no 器 (U+5668) in font [lmroman10-regular]:mapping=t
ex-text;!
Missing character: There is no 人 (U+4EBA) in font [lmroman10-regular]:mapping=t
ex-text;!
Missing character: There is no 应 (U+5E94) in font [lmroman10-regular]:mapping=t
ex-text;!
Missing character: There is no 用 (U+7528) in font [lmroman10-regular]:mapping=t
ex-text;!
Missing character: There is no ， (U+FF0C) in font [lmroman10-regular]:mapping=t
ex-text;!
Missing character: There is no 由 (U+7531) in font [lmroman10-regular]:mapping=t
ex-text;!
Missing character: There is no 于 (U+4E8E) in font [lmroman10-regular]:mapping=t
ex-text;!
Missing character: There is no 其 (U+5176) in font [lmroman10-regular]:mapping=t
ex-text;!
Missing character: There is no 计 (U+8BA1) in font [lmroman10-regular]:mapping=t
ex-text;!
Missing character: There is no 算 (U+7B97) in font [lmroman10-regular]:mapping=t
ex-text;!
Missing character: There is no 效 (U+6548) in font [lmroman10-regular]:mapping=t
ex-text;!
Missing character: There is no 率 (U+7387) in font [lmroman10-regular]:mapping=t
ex-text;!
Missing character: There is no 高 (U+9AD8) in font [lmroman10-regular]:mapping=t
ex-text;!
Missing character: There is no 且 (U+4E14) in font [lmroman10-regular]:mapping=t
ex-text;!
Missing character: There is no 鲁 (U+9C81) in font [lmroman10-regular]:mapping=t
ex-text;!
Missing character: There is no 棒 (U+68D2) in font [lmroman10-regular]:mapping=t
ex-text;!
Missing character: There is no 性 (U+6027) in font [lmroman10-regular]:mapping=t
ex-text;!
Missing character: There is no 较 (U+8F83) in font [lmroman10-regular]:mapping=t
ex-text;!
Missing character: There is no 好 (U+597D) in font [lmroman10-regular]:mapping=t
ex-text;!
Missing character: There is no ， (U+FF0C) in font [lmroman10-regular]:mapping=t
ex-text;!
Missing character: There is no 更 (U+66F4) in font [lmroman10-regular]:mapping=t
ex-text;!
Missing character: There is no 常 (U+5E38) in font [lmroman10-regular]:mapping=t
ex-text;!
Missing character: There is no 被 (U+88AB) in font [lmroman10-regular]:mapping=t
ex-text;!
Missing character: There is no 采 (U+91C7) in font [lmroman10-regular]:mapping=t
ex-text;!
Missing character: There is no 用 (U+7528) in font [lmroman10-regular]:mapping=t
ex-text;!

Package natbib Warning: Citation `yang2024high' on page 1 undefined on input li
ne 58.


Package natbib Warning: Citation `kumar2024tracking' on page 1 undefined on inp
ut line 58.

Missing character: There is no 。 (U+3002) in font [lmroman10-regular]:mapping=t
ex-text;!

Overfull \hbox (44.91405pt too wide) in paragraph at lines 58--59
\TU/ptm/b/n/10 视觉伺服是移动机器人中一种基础的控制范式，它利用基于摄像头的反馈进行运动引导。经典方法通常分为基于位置的视觉伺服（PBVS）和基
于图像的视觉伺服（IBVS）两类。PBVS
 []

Missing character: There is no 控 (U+63A7) in font [lmroman10-regular]:mapping=t
ex-text;!
Missing character: There is no 制 (U+5236) in font [lmroman10-regular]:mapping=t
ex-text;!
Missing character: There is no 律 (U+5F8B) in font [lmroman10-regular]:mapping=t
ex-text;!
Missing character: There is no 可 (U+53EF) in font [lmroman10-regular]:mapping=t
ex-text;!
Missing character: There is no 表 (U+8868) in font [lmroman10-regular]:mapping=t
ex-text;!
Missing character: There is no 示 (U+793A) in font [lmroman10-regular]:mapping=t
ex-text;!
Missing character: There is no 为 (U+4E3A) in font [lmroman10-regular]:mapping=t
ex-text;!
Missing character: There is no ： (U+FF1A) in font [lmroman10-regular]:mapping=t
ex-text;!
Missing character: There is no 其 (U+5176) in font [lmroman10-regular]:mapping=t
ex-text;!
Missing character: There is no 中 (U+4E2D) in font [lmroman10-regular]:mapping=t
ex-text;!
Missing character: There is no ， (U+FF0C) in font [lmroman10-regular]:mapping=t
ex-text;!
Missing character: There is no 表 (U+8868) in font [lmroman10-regular]:mapping=t
ex-text;!
Missing character: There is no 示 (U+793A) in font [lmroman10-regular]:mapping=t
ex-text;!
Missing character: There is no 摄 (U+6444) in font [lmroman10-regular]:mapping=t
ex-text;!
Missing character: There is no 像 (U+50CF) in font [lmroman10-regular]:mapping=t
ex-text;!
Missing character: There is no 机 (U+673A) in font [lmroman10-regular]:mapping=t
ex-text;!
Missing character: There is no 速 (U+901F) in font [lmroman10-regular]:mapping=t
ex-text;!
Missing character: There is no 度 (U+5EA6) in font [lmroman10-regular]:mapping=t
ex-text;!
Missing character: There is no 螺 (U+87BA) in font [lmroman10-regular]:mapping=t
ex-text;!
Missing character: There is no 旋 (U+65CB) in font [lmroman10-regular]:mapping=t
ex-text;!
Missing character: There is no 量 (U+91CF) in font [lmroman10-regular]:mapping=t
ex-text;!
Missing character: There is no （ (U+FF08) in font [lmroman10-regular]:mapping=t
ex-text;!
Missing character: There is no 线 (U+7EBF) in font [lmroman10-regular]:mapping=t
ex-text;!
Missing character: There is no 速 (U+901F) in font [lmroman10-regular]:mapping=t
ex-text;!
Missing character: There is no 度 (U+5EA6) in font [lmroman10-regular]:mapping=t
ex-text;!
Missing character: There is no 和 (U+548C) in font [lmroman10-regular]:mapping=t
ex-text;!
Missing character: There is no 角 (U+89D2) in font [lmroman10-regular]:mapping=t
ex-text;!
Missing character: There is no 速 (U+901F) in font [lmroman10-regular]:mapping=t
ex-text;!
Missing character: There is no 度 (U+5EA6) in font [lmroman10-regular]:mapping=t
ex-text;!
Missing character: There is no ） (U+FF09) in font [lmroman10-regular]:mapping=t
ex-text;!
Missing character: There is no ， (U+FF0C) in font [lmroman10-regular]:mapping=t
ex-text;!
Missing character: There is no 为 (U+4E3A) in font [lmroman10-regular]:mapping=t
ex-text;!
Missing character: There is no 控 (U+63A7) in font [lmroman10-regular]:mapping=t
ex-text;!
Missing character: There is no 制 (U+5236) in font [lmroman10-regular]:mapping=t
ex-text;!
Missing character: There is no 增 (U+589E) in font [lmroman10-regular]:mapping=t
ex-text;!
Missing character: There is no 益 (U+76CA) in font [lmroman10-regular]:mapping=t
ex-text;!
Missing character: There is no ， (U+FF0C) in font [lmroman10-regular]:mapping=t
ex-text;!
Missing character: There is no 为 (U+4E3A) in font [lmroman10-regular]:mapping=t
ex-text;!
Missing character: There is no 当 (U+5F53) in font [lmroman10-regular]:mapping=t
ex-text;!
Missing character: There is no 前 (U+524D) in font [lmroman10-regular]:mapping=t
ex-text;!
Missing character: There is no 图 (U+56FE) in font [lmroman10-regular]:mapping=t
ex-text;!
Missing character: There is no 像 (U+50CF) in font [lmroman10-regular]:mapping=t
ex-text;!
Missing character: There is no 特 (U+7279) in font [lmroman10-regular]:mapping=t
ex-text;!
Missing character: There is no 征 (U+5F81) in font [lmroman10-regular]:mapping=t
ex-text;!
Missing character: There is no ， (U+FF0C) in font [lmroman10-regular]:mapping=t
ex-text;!
Missing character: There is no 为 (U+4E3A) in font [lmroman10-regular]:mapping=t
ex-text;!
Missing character: There is no 期 (U+671F) in font [lmroman10-regular]:mapping=t
ex-text;!
Missing character: There is no 望 (U+671B) in font [lmroman10-regular]:mapping=t
ex-text;!
Missing character: There is no 特 (U+7279) in font [lmroman10-regular]:mapping=t
ex-text;!
Missing character: There is no 征 (U+5F81) in font [lmroman10-regular]:mapping=t
ex-text;!
Missing character: There is no 。 (U+3002) in font [lmroman10-regular]:mapping=t
ex-text;!
Missing character: There is no 交 (U+4EA4) in font [lmroman10-regular]:mapping=t
ex-text;!
Missing character: There is no 互 (U+4E92) in font [lmroman10-regular]:mapping=t
ex-text;!
Missing character: There is no 矩 (U+77E9) in font [lmroman10-regular]:mapping=t
ex-text;!
Missing character: There is no 阵 (U+9635) in font [lmroman10-regular]:mapping=t
ex-text;!
Missing character: There is no （ (U+FF08) in font [lmroman10-regular]:mapping=t
ex-text;!
Missing character: There is no 图 (U+56FE) in font [lmroman10-regular]:mapping=t
ex-text;!
Missing character: There is no 像 (U+50CF) in font [lmroman10-regular]:mapping=t
ex-text;!
Missing character: There is no 雅 (U+96C5) in font [lmroman10-regular]:mapping=t
ex-text;!
Missing character: There is no 可 (U+53EF) in font [lmroman10-regular]:mapping=t
ex-text;!
Missing character: There is no 比 (U+6BD4) in font [lmroman10-regular]:mapping=t
ex-text;!
Missing character: There is no ） (U+FF09) in font [lmroman10-regular]:mapping=t
ex-text;!
Missing character: There is no 描 (U+63CF) in font [lmroman10-regular]:mapping=t
ex-text;!
Missing character: There is no 述 (U+8FF0) in font [lmroman10-regular]:mapping=t
ex-text;!
Missing character: There is no 了 (U+4E86) in font [lmroman10-regular]:mapping=t
ex-text;!
Missing character: There is no 特 (U+7279) in font [lmroman10-regular]:mapping=t
ex-text;!
Missing character: There is no 征 (U+5F81) in font [lmroman10-regular]:mapping=t
ex-text;!
Missing character: There is no 运 (U+8FD0) in font [lmroman10-regular]:mapping=t
ex-text;!
Missing character: There is no 动 (U+52A8) in font [lmroman10-regular]:mapping=t
ex-text;!
Missing character: There is no 与 (U+4E0E) in font [lmroman10-regular]:mapping=t
ex-text;!
Missing character: There is no 相 (U+76F8) in font [lmroman10-regular]:mapping=t
ex-text;!
Missing character: There is no 机 (U+673A) in font [lmroman10-regular]:mapping=t
ex-text;!
Missing character: There is no 运 (U+8FD0) in font [lmroman10-regular]:mapping=t
ex-text;!
Missing character: There is no 动 (U+52A8) in font [lmroman10-regular]:mapping=t
ex-text;!
Missing character: There is no 之 (U+4E4B) in font [lmroman10-regular]:mapping=t
ex-text;!
Missing character: There is no 间 (U+95F4) in font [lmroman10-regular]:mapping=t
ex-text;!
Missing character: There is no 的 (U+7684) in font [lmroman10-regular]:mapping=t
ex-text;!
Missing character: There is no 关 (U+5173) in font [lmroman10-regular]:mapping=t
ex-text;!
Missing character: There is no 系 (U+7CFB) in font [lmroman10-regular]:mapping=t
ex-text;!
Missing character: There is no ： (U+FF1A) in font [lmroman10-regular]:mapping=t
ex-text;!
Missing character: There is no 对 (U+5BF9) in font [lmroman10-regular]:mapping=t
ex-text;!
Missing character: There is no 于 (U+4E8E) in font [lmroman10-regular]:mapping=t
ex-text;!
Missing character: There is no 像 (U+50CF) in font [lmroman10-regular]:mapping=t
ex-text;!
Missing character: There is no 素 (U+7D20) in font [lmroman10-regular]:mapping=t
ex-text;!
Missing character: There is no 坐 (U+5750) in font [lmroman10-regular]:mapping=t
ex-text;!
Missing character: There is no 标 (U+6807) in font [lmroman10-regular]:mapping=t
ex-text;!
Missing character: There is no 为 (U+4E3A) in font [lmroman10-regular]:mapping=t
ex-text;!
Missing character: There is no 、 (U+3001) in font [lmroman10-regular]:mapping=t
ex-text;!
Missing character: There is no 深 (U+6DF1) in font [lmroman10-regular]:mapping=t
ex-text;!
Missing character: There is no 度 (U+5EA6) in font [lmroman10-regular]:mapping=t
ex-text;!
Missing character: There is no 为 (U+4E3A) in font [lmroman10-regular]:mapping=t
ex-text;!
Missing character: There is no 的 (U+7684) in font [lmroman10-regular]:mapping=t
ex-text;!
Missing character: There is no 每 (U+6BCF) in font [lmroman10-regular]:mapping=t
ex-text;!
Missing character: There is no 个 (U+4E2A) in font [lmroman10-regular]:mapping=t
ex-text;!
Missing character: There is no 点 (U+70B9) in font [lmroman10-regular]:mapping=t
ex-text;!
Missing character: There is no ， (U+FF0C) in font [lmroman10-regular]:mapping=t
ex-text;!
Missing character: There is no 其 (U+5176) in font [lmroman10-regular]:mapping=t
ex-text;!
Missing character: There is no 交 (U+4EA4) in font [lmroman10-regular]:mapping=t
ex-text;!
Missing character: There is no 互 (U+4E92) in font [lmroman10-regular]:mapping=t
ex-text;!
Missing character: There is no 矩 (U+77E9) in font [lmroman10-regular]:mapping=t
ex-text;!
Missing character: There is no 阵 (U+9635) in font [lmroman10-regular]:mapping=t
ex-text;!
Missing character: There is no 为 (U+4E3A) in font [lmroman10-regular]:mapping=t
ex-text;!
Missing character: There is no ： (U+FF1A) in font [lmroman10-regular]:mapping=t
ex-text;!
Missing character: There is no 其 (U+5176) in font [lmroman10-regular]:mapping=t
ex-text;!
Missing character: There is no 中 (U+4E2D) in font [lmroman10-regular]:mapping=t
ex-text;!
Missing character: There is no ， (U+FF0C) in font [lmroman10-regular]:mapping=t
ex-text;!
Missing character: There is no 和 (U+548C) in font [lmroman10-regular]:mapping=t
ex-text;!
Missing character: There is no 是 (U+662F) in font [lmroman10-regular]:mapping=t
ex-text;!
Missing character: There is no 相 (U+76F8) in font [lmroman10-regular]:mapping=t
ex-text;!
Missing character: There is no 对 (U+5BF9) in font [lmroman10-regular]:mapping=t
ex-text;!
Missing character: There is no 于 (U+4E8E) in font [lmroman10-regular]:mapping=t
ex-text;!
Missing character: There is no 主 (U+4E3B) in font [lmroman10-regular]:mapping=t
ex-text;!
Missing character: There is no 点 (U+70B9) in font [lmroman10-regular]:mapping=t
ex-text;!
Missing character: There is no 的 (U+7684) in font [lmroman10-regular]:mapping=t
ex-text;!
Missing character: There is no 像 (U+50CF) in font [lmroman10-regular]:mapping=t
ex-text;!
Missing character: There is no 素 (U+7D20) in font [lmroman10-regular]:mapping=t
ex-text;!
Missing character: There is no 坐 (U+5750) in font [lmroman10-regular]:mapping=t
ex-text;!
Missing character: There is no 标 (U+6807) in font [lmroman10-regular]:mapping=t
ex-text;!
Missing character: There is no ， (U+FF0C) in font [lmroman10-regular]:mapping=t
ex-text;!
Missing character: There is no 是 (U+662F) in font [lmroman10-regular]:mapping=t
ex-text;!
Missing character: There is no 以 (U+4EE5) in font [lmroman10-regular]:mapping=t
ex-text;!
Missing character: There is no 像 (U+50CF) in font [lmroman10-regular]:mapping=t
ex-text;!
Missing character: There is no 素 (U+7D20) in font [lmroman10-regular]:mapping=t
ex-text;!
Missing character: There is no 为 (U+4E3A) in font [lmroman10-regular]:mapping=t
ex-text;!
Missing character: There is no 单 (U+5355) in font [lmroman10-regular]:mapping=t
ex-text;!
Missing character: There is no 位 (U+4F4D) in font [lmroman10-regular]:mapping=t
ex-text;!
Missing character: There is no 表 (U+8868) in font [lmroman10-regular]:mapping=t
ex-text;!
Missing character: There is no 示 (U+793A) in font [lmroman10-regular]:mapping=t
ex-text;!
Missing character: There is no 的 (U+7684) in font [lmroman10-regular]:mapping=t
ex-text;!
Missing character: There is no 焦 (U+7126) in font [lmroman10-regular]:mapping=t
ex-text;!
Missing character: There is no 距 (U+8DDD) in font [lmroman10-regular]:mapping=t
ex-text;!
Missing character: There is no 。 (U+3002) in font [lmroman10-regular]:mapping=t
ex-text;!
Missing character: There is no 伪 (U+4F2A) in font [lmroman10-regular]:mapping=t
ex-text;!
Missing character: There is no 逆 (U+9006) in font [lmroman10-regular]:mapping=t
ex-text;!
Missing character: There is no 可 (U+53EF) in font [lmroman10-regular]:mapping=t
ex-text;!
Missing character: There is no 表 (U+8868) in font [lmroman10-regular]:mapping=t
ex-text;!
Missing character: There is no 示 (U+793A) in font [lmroman10-regular]:mapping=t
ex-text;!
Missing character: There is no 为 (U+4E3A) in font [lmroman10-regular]:mapping=t
ex-text;!
Missing character: There is no ： (U+FF1A) in font [lmroman10-regular]:mapping=t
ex-text;!
Missing character: There is no 特 (U+7279) in font [lmroman10-regular]:mapping=t
ex-text;!
Missing character: There is no 征 (U+5F81) in font [lmroman10-regular]:mapping=t
ex-text;!
Missing character: There is no 检 (U+68C0) in font [lmroman10-regular]:mapping=t
ex-text;!
Missing character: There is no 测 (U+6D4B) in font [lmroman10-regular]:mapping=t
ex-text;!
Missing character: There is no 是 (U+662F) in font [lmroman10-regular]:mapping=t
ex-text;!
Missing character: There is no 实 (U+5B9E) in font [lmroman10-regular]:mapping=t
ex-text;!
Missing character: There is no 现 (U+73B0) in font [lmroman10-regular]:mapping=t
ex-text;!
Missing character: There is no 中 (U+4E2D) in font [lmroman10-regular]:mapping=t
ex-text;!
Missing character: There is no 的 (U+7684) in font [lmroman10-regular]:mapping=t
ex-text;!
Missing character: There is no 关 (U+5173) in font [lmroman10-regular]:mapping=t
ex-text;!
Missing character: There is no 键 (U+952E) in font [lmroman10-regular]:mapping=t
ex-text;!
Missing character: There is no 环 (U+73AF) in font [lmroman10-regular]:mapping=t
ex-text;!
Missing character: There is no 节 (U+8282) in font [lmroman10-regular]:mapping=t
ex-text;!
Missing character: There is no 。 (U+3002) in font [lmroman10-regular]:mapping=t
ex-text;!
Missing character: There is no 由 (U+7531) in font [lmroman10-regular]:mapping=t
ex-text;!
Missing character: There is no 于 (U+4E8E) in font [lmroman10-regular]:mapping=t
ex-text;!
Missing character: There is no 可 (U+53EF) in font [lmroman10-regular]:mapping=t
ex-text;!
Missing character: There is no 靠 (U+9760) in font [lmroman10-regular]:mapping=t
ex-text;!
Missing character: There is no 性 (U+6027) in font [lmroman10-regular]:mapping=t
ex-text;!
Missing character: There is no 高 (U+9AD8) in font [lmroman10-regular]:mapping=t
ex-text;!
Missing character: There is no 且 (U+4E14) in font [lmroman10-regular]:mapping=t
ex-text;!
Missing character: There is no 实 (U+5B9E) in font [lmroman10-regular]:mapping=t
ex-text;!
Missing character: There is no 现 (U+73B0) in font [lmroman10-regular]:mapping=t
ex-text;!
Missing character: There is no 简 (U+7B80) in font [lmroman10-regular]:mapping=t
ex-text;!
Missing character: There is no 单 (U+5355) in font [lmroman10-regular]:mapping=t
ex-text;!
Missing character: There is no ， (U+FF0C) in font [lmroman10-regular]:mapping=t
ex-text;!
Missing character: There is no 基 (U+57FA) in font [lmroman10-regular]:mapping=t
ex-text;!
Missing character: There is no 于 (U+4E8E) in font [lmroman10-regular]:mapping=t
ex-text;!
Missing character: There is no 标 (U+6807) in font [lmroman10-regular]:mapping=t
ex-text;!
Missing character: There is no 记 (U+8BB0) in font [lmroman10-regular]:mapping=t
ex-text;!
Missing character: There is no 点 (U+70B9) in font [lmroman10-regular]:mapping=t
ex-text;!
Missing character: There is no 的 (U+7684) in font [lmroman10-regular]:mapping=t
ex-text;!
Missing character: There is no 方 (U+65B9) in font [lmroman10-regular]:mapping=t
ex-text;!
Missing character: There is no 法 (U+6CD5) in font [lmroman10-regular]:mapping=t
ex-text;!
Missing character: There is no 长 (U+957F) in font [lmroman10-regular]:mapping=t
ex-text;!
Missing character: There is no 期 (U+671F) in font [lmroman10-regular]:mapping=t
ex-text;!
Missing character: There is no 占 (U+5360) in font [lmroman10-regular]:mapping=t
ex-text;!
Missing character: There is no 据 (U+636E) in font [lmroman10-regular]:mapping=t
ex-text;!
Missing character: There is no 主 (U+4E3B) in font [lmroman10-regular]:mapping=t
ex-text;!
Missing character: There is no 流 (U+6D41) in font [lmroman10-regular]:mapping=t
ex-text;!
Missing character: There is no 。 (U+3002) in font [lmroman10-regular]:mapping=t
ex-text;!
Missing character: There is no 已 (U+5DF2) in font [lmroman10-regular]:mapping=t
ex-text;!
Missing character: There is no 在 (U+5728) in font [lmroman10-regular]:mapping=t
ex-text;!
Missing character: There is no 平 (U+5E73) in font [lmroman10-regular]:mapping=t
ex-text;!
Missing character: There is no 台 (U+53F0) in font [lmroman10-regular]:mapping=t
ex-text;!
Missing character: There is no 上 (U+4E0A) in font [lmroman10-regular]:mapping=t
ex-text;!
Missing character: There is no 演 (U+6F14) in font [lmroman10-regular]:mapping=t
ex-text;!
Missing character: There is no 示 (U+793A) in font [lmroman10-regular]:mapping=t
ex-text;!
Missing character: There is no 了 (U+4E86) in font [lmroman10-regular]:mapping=t
ex-text;!
Missing character: There is no 用 (U+7528) in font [lmroman10-regular]:mapping=t
ex-text;!
Missing character: There is no 于 (U+4E8E) in font [lmroman10-regular]:mapping=t
ex-text;!
Missing character: There is no 运 (U+8FD0) in font [lmroman10-regular]:mapping=t
ex-text;!
Missing character: There is no 动 (U+52A8) in font [lmroman10-regular]:mapping=t
ex-text;!
Missing character: There is no 目 (U+76EE) in font [lmroman10-regular]:mapping=t
ex-text;!
Missing character: There is no 标 (U+6807) in font [lmroman10-regular]:mapping=t
ex-text;!
Missing character: There is no 任 (U+4EFB) in font [lmroman10-regular]:mapping=t
ex-text;!
Missing character: There is no 务 (U+52A1) in font [lmroman10-regular]:mapping=t
ex-text;!
Missing character: There is no 的 (U+7684) in font [lmroman10-regular]:mapping=t
ex-text;!
Missing character: There is no 标 (U+6807) in font [lmroman10-regular]:mapping=t
ex-text;!
Missing character: There is no 记 (U+8BB0) in font [lmroman10-regular]:mapping=t
ex-text;!
Missing character: There is no 跟 (U+8DDF) in font [lmroman10-regular]:mapping=t
ex-text;!
Missing character: There is no 踪 (U+8E2A) in font [lmroman10-regular]:mapping=t
ex-text;!

Package natbib Warning: Citation `Marchand05b' on page 1 undefined on input lin
e 92.

Missing character: There is no ， (U+FF0C) in font [lmroman10-regular]:mapping=t
ex-text;!
Missing character: There is no 也 (U+4E5F) in font [lmroman10-regular]:mapping=t
ex-text;!
Missing character: There is no 演 (U+6F14) in font [lmroman10-regular]:mapping=t
ex-text;!
Missing character: There is no 示 (U+793A) in font [lmroman10-regular]:mapping=t
ex-text;!
Missing character: There is no 了 (U+4E86) in font [lmroman10-regular]:mapping=t
ex-text;!
Missing character: There is no 基 (U+57FA) in font [lmroman10-regular]:mapping=t
ex-text;!
Missing character: There is no 于 (U+4E8E) in font [lmroman10-regular]:mapping=t
ex-text;!
Missing character: There is no 的 (U+7684) in font [lmroman10-regular]:mapping=t
ex-text;!
Missing character: There is no 运 (U+8FD0) in font [lmroman10-regular]:mapping=t
ex-text;!
Missing character: There is no 动 (U+52A8) in font [lmroman10-regular]:mapping=t
ex-text;!
Missing character: There is no 目 (U+76EE) in font [lmroman10-regular]:mapping=t
ex-text;!
Missing character: There is no 标 (U+6807) in font [lmroman10-regular]:mapping=t
ex-text;!
Missing character: There is no 跟 (U+8DDF) in font [lmroman10-regular]:mapping=t
ex-text;!
Missing character: There is no 踪 (U+8E2A) in font [lmroman10-regular]:mapping=t
ex-text;!

Package natbib Warning: Citation `teuliere2011chasing' on page 1 undefined on i
nput line 92.

Missing character: There is no 。 (U+3002) in font [lmroman10-regular]:mapping=t
ex-text;!
Missing character: There is no 类 (U+7C7B) in font [lmroman10-regular]:mapping=t
ex-text;!
Missing character: There is no 似 (U+4F3C) in font [lmroman10-regular]:mapping=t
ex-text;!
Missing character: There is no 的 (U+7684) in font [lmroman10-regular]:mapping=t
ex-text;!
Missing character: There is no 基 (U+57FA) in font [lmroman10-regular]:mapping=t
ex-text;!
Missing character: There is no 于 (U+4E8E) in font [lmroman10-regular]:mapping=t
ex-text;!
Missing character: There is no 标 (U+6807) in font [lmroman10-regular]:mapping=t
ex-text;!
Missing character: There is no 记 (U+8BB0) in font [lmroman10-regular]:mapping=t
ex-text;!
Missing character: There is no 点 (U+70B9) in font [lmroman10-regular]:mapping=t
ex-text;!
Missing character: There is no 系 (U+7CFB) in font [lmroman10-regular]:mapping=t
ex-text;!
Missing character: There is no 统 (U+7EDF) in font [lmroman10-regular]:mapping=t
ex-text;!
Missing character: There is no 也 (U+4E5F) in font [lmroman10-regular]:mapping=t
ex-text;!
Missing character: There is no 已 (U+5DF2) in font [lmroman10-regular]:mapping=t
ex-text;!
Missing character: There is no 应 (U+5E94) in font [lmroman10-regular]:mapping=t
ex-text;!
Missing character: There is no 用 (U+7528) in font [lmroman10-regular]:mapping=t
ex-text;!
Missing character: There is no 于 (U+4E8E) in font [lmroman10-regular]:mapping=t
ex-text;!
Missing character: There is no 自 (U+81EA) in font [lmroman10-regular]:mapping=t
ex-text;!
Missing character: There is no 动 (U+52A8) in font [lmroman10-regular]:mapping=t
ex-text;!
Missing character: There is no 降 (U+964D) in font [lmroman10-regular]:mapping=t
ex-text;!
Missing character: There is no 落 (U+843D) in font [lmroman10-regular]:mapping=t
ex-text;!
Missing character: There is no 和 (U+548C) in font [lmroman10-regular]:mapping=t
ex-text;!
Missing character: There is no 表 (U+8868) in font [lmroman10-regular]:mapping=t
ex-text;!
Missing character: There is no 面 (U+9762) in font [lmroman10-regular]:mapping=t
ex-text;!
Missing character: There is no 检 (U+68C0) in font [lmroman10-regular]:mapping=t
ex-text;!
Missing character: There is no 测 (U+6D4B) in font [lmroman10-regular]:mapping=t
ex-text;!
Missing character: There is no 任 (U+4EFB) in font [lmroman10-regular]:mapping=t
ex-text;!
Missing character: There is no 务 (U+52A1) in font [lmroman10-regular]:mapping=t
ex-text;!

Package natbib Warning: Citation `keipour2022visual' on page 1 undefined on inp
ut line 92.


Package natbib Warning: Citation `drones8110605' on page 1 undefined on input l
ine 92.

Missing character: There is no ， (U+FF0C) in font [lmroman10-regular]:mapping=t
ex-text;!
Missing character: There is no 并 (U+5E76) in font [lmroman10-regular]:mapping=t
ex-text;!
Missing character: There is no 在 (U+5728) in font [lmroman10-regular]:mapping=t
ex-text;!
Missing character: There is no 真 (U+771F) in font [lmroman10-regular]:mapping=t
ex-text;!
Missing character: There is no 实 (U+5B9E) in font [lmroman10-regular]:mapping=t
ex-text;!
Missing character: There is no 场 (U+573A) in font [lmroman10-regular]:mapping=t
ex-text;!
Missing character: There is no 景 (U+666F) in font [lmroman10-regular]:mapping=t
ex-text;!
Missing character: There is no 中 (U+4E2D) in font [lmroman10-regular]:mapping=t
ex-text;!
Missing character: There is no 证 (U+8BC1) in font [lmroman10-regular]:mapping=t
ex-text;!
Missing character: There is no 明 (U+660E) in font [lmroman10-regular]:mapping=t
ex-text;!
Missing character: There is no 了 (U+4E86) in font [lmroman10-regular]:mapping=t
ex-text;!
Missing character: There is no 其 (U+5176) in font [lmroman10-regular]:mapping=t
ex-text;!
Missing character: There is no 有 (U+6709) in font [lmroman10-regular]:mapping=t
ex-text;!
Missing character: There is no 效 (U+6548) in font [lmroman10-regular]:mapping=t
ex-text;!
Missing character: There is no 性 (U+6027) in font [lmroman10-regular]:mapping=t
ex-text;!
Missing character: There is no 。 (U+3002) in font [lmroman10-regular]:mapping=t
ex-text;!
Missing character: There is no 然 (U+7136) in font [lmroman10-regular]:mapping=t
ex-text;!
Missing character: There is no 而 (U+800C) in font [lmroman10-regular]:mapping=t
ex-text;!
Missing character: There is no ， (U+FF0C) in font [lmroman10-regular]:mapping=t
ex-text;!
Missing character: There is no 基 (U+57FA) in font [lmroman10-regular]:mapping=t
ex-text;!
Missing character: There is no 于 (U+4E8E) in font [lmroman10-regular]:mapping=t
ex-text;!
Missing character: There is no 标 (U+6807) in font [lmroman10-regular]:mapping=t
ex-text;!
Missing character: There is no 记 (U+8BB0) in font [lmroman10-regular]:mapping=t
ex-text;!
Missing character: There is no 点 (U+70B9) in font [lmroman10-regular]:mapping=t
ex-text;!
Missing character: There is no 的 (U+7684) in font [lmroman10-regular]:mapping=t
ex-text;!
Missing character: There is no 方 (U+65B9) in font [lmroman10-regular]:mapping=t
ex-text;!
Missing character: There is no 法 (U+6CD5) in font [lmroman10-regular]:mapping=t
ex-text;!
Missing character: There is no 在 (U+5728) in font [lmroman10-regular]:mapping=t
ex-text;!
Missing character: There is no 实 (U+5B9E) in font [lmroman10-regular]:mapping=t
ex-text;!
Missing character: There is no 际 (U+9645) in font [lmroman10-regular]:mapping=t
ex-text;!
Missing character: There is no 应 (U+5E94) in font [lmroman10-regular]:mapping=t
ex-text;!
Missing character: There is no 用 (U+7528) in font [lmroman10-regular]:mapping=t
ex-text;!
Missing character: There is no 中 (U+4E2D) in font [lmroman10-regular]:mapping=t
ex-text;!
Missing character: There is no 存 (U+5B58) in font [lmroman10-regular]:mapping=t
ex-text;!
Missing character: There is no 在 (U+5728) in font [lmroman10-regular]:mapping=t
ex-text;!
Missing character: There is no 局 (U+5C40) in font [lmroman10-regular]:mapping=t
ex-text;!
Missing character: There is no 限 (U+9650) in font [lmroman10-regular]:mapping=t
ex-text;!
Missing character: There is no ， (U+FF0C) in font [lmroman10-regular]:mapping=t
ex-text;!
Missing character: There is no 例 (U+4F8B) in font [lmroman10-regular]:mapping=t
ex-text;!
Missing character: There is no 如 (U+5982) in font [lmroman10-regular]:mapping=t
ex-text;!
Missing character: There is no 对 (U+5BF9) in font [lmroman10-regular]:mapping=t
ex-text;!
Missing character: There is no 环 (U+73AF) in font [lmroman10-regular]:mapping=t
ex-text;!
Missing character: There is no 境 (U+5883) in font [lmroman10-regular]:mapping=t
ex-text;!
Missing character: There is no 条 (U+6761) in font [lmroman10-regular]:mapping=t
ex-text;!
Missing character: There is no 件 (U+4EF6) in font [lmroman10-regular]:mapping=t
ex-text;!
Missing character: There is no 变 (U+53D8) in font [lmroman10-regular]:mapping=t
ex-text;!
Missing character: There is no 化 (U+5316) in font [lmroman10-regular]:mapping=t
ex-text;!
Missing character: There is no 敏 (U+654F) in font [lmroman10-regular]:mapping=t
ex-text;!
Missing character: There is no 感 (U+611F) in font [lmroman10-regular]:mapping=t
ex-text;!
Missing character: There is no ， (U+FF0C) in font [lmroman10-regular]:mapping=t
ex-text;!
Missing character: There is no 如 (U+5982) in font [lmroman10-regular]:mapping=t
ex-text;!
Missing character: There is no 光 (U+5149) in font [lmroman10-regular]:mapping=t
ex-text;!
Missing character: There is no 照 (U+7167) in font [lmroman10-regular]:mapping=t
ex-text;!
Missing character: There is no 变 (U+53D8) in font [lmroman10-regular]:mapping=t
ex-text;!
Missing character: There is no 化 (U+5316) in font [lmroman10-regular]:mapping=t
ex-text;!
Missing character: There is no 、 (U+3001) in font [lmroman10-regular]:mapping=t
ex-text;!
Missing character: There is no 部 (U+90E8) in font [lmroman10-regular]:mapping=t
ex-text;!
Missing character: There is no 分 (U+5206) in font [lmroman10-regular]:mapping=t
ex-text;!
Missing character: There is no 遮 (U+906E) in font [lmroman10-regular]:mapping=t
ex-text;!
Missing character: There is no 挡 (U+6321) in font [lmroman10-regular]:mapping=t
ex-text;!
Missing character: There is no 和 (U+548C) in font [lmroman10-regular]:mapping=t
ex-text;!
Missing character: There is no 标 (U+6807) in font [lmroman10-regular]:mapping=t
ex-text;!
Missing character: There is no 记 (U+8BB0) in font [lmroman10-regular]:mapping=t
ex-text;!
Missing character: There is no 退 (U+9000) in font [lmroman10-regular]:mapping=t
ex-text;!
Missing character: There is no 化 (U+5316) in font [lmroman10-regular]:mapping=t
ex-text;!
Missing character: There is no 等 (U+7B49) in font [lmroman10-regular]:mapping=t
ex-text;!
Missing character: There is no 。 (U+3002) in font [lmroman10-regular]:mapping=t
ex-text;!
Missing character: There is no 此 (U+6B64) in font [lmroman10-regular]:mapping=t
ex-text;!
Missing character: There is no 外 (U+5916) in font [lmroman10-regular]:mapping=t
ex-text;!
Missing character: There is no ， (U+FF0C) in font [lmroman10-regular]:mapping=t
ex-text;!
Missing character: There is no 标 (U+6807) in font [lmroman10-regular]:mapping=t
ex-text;!
Missing character: There is no 记 (U+8BB0) in font [lmroman10-regular]:mapping=t
ex-text;!
Missing character: There is no 的 (U+7684) in font [lmroman10-regular]:mapping=t
ex-text;!
Missing character: There is no 安 (U+5B89) in font [lmroman10-regular]:mapping=t
ex-text;!
Missing character: There is no 装 (U+88C5) in font [lmroman10-regular]:mapping=t
ex-text;!
Missing character: There is no 和 (U+548C) in font [lmroman10-regular]:mapping=t
ex-text;!
Missing character: There is no 维 (U+7EF4) in font [lmroman10-regular]:mapping=t
ex-text;!
Missing character: There is no 护 (U+62A4) in font [lmroman10-regular]:mapping=t
ex-text;!
Missing character: There is no 要 (U+8981) in font [lmroman10-regular]:mapping=t
ex-text;!
Missing character: There is no 求 (U+6C42) in font [lmroman10-regular]:mapping=t
ex-text;!
Missing character: There is no 也 (U+4E5F) in font [lmroman10-regular]:mapping=t
ex-text;!
Missing character: There is no 限 (U+9650) in font [lmroman10-regular]:mapping=t
ex-text;!
Missing character: There is no 制 (U+5236) in font [lmroman10-regular]:mapping=t
ex-text;!
Missing character: There is no 了 (U+4E86) in font [lmroman10-regular]:mapping=t
ex-text;!
Missing character: There is no 其 (U+5176) in font [lmroman10-regular]:mapping=t
ex-text;!
Missing character: There is no 在 (U+5728) in font [lmroman10-regular]:mapping=t
ex-text;!
Missing character: There is no 动 (U+52A8) in font [lmroman10-regular]:mapping=t
ex-text;!
Missing character: There is no 态 (U+6001) in font [lmroman10-regular]:mapping=t
ex-text;!
Missing character: There is no 或 (U+6216) in font [lmroman10-regular]:mapping=t
ex-text;!
Missing character: There is no 难 (U+96BE) in font [lmroman10-regular]:mapping=t
ex-text;!
Missing character: There is no 以 (U+4EE5) in font [lmroman10-regular]:mapping=t
ex-text;!
Missing character: There is no 进 (U+8FDB) in font [lmroman10-regular]:mapping=t
ex-text;!
Missing character: There is no 入 (U+5165) in font [lmroman10-regular]:mapping=t
ex-text;!
Missing character: There is no 的 (U+7684) in font [lmroman10-regular]:mapping=t
ex-text;!
Missing character: There is no 环 (U+73AF) in font [lmroman10-regular]:mapping=t
ex-text;!
Missing character: There is no 境 (U+5883) in font [lmroman10-regular]:mapping=t
ex-text;!
Missing character: There is no 中 (U+4E2D) in font [lmroman10-regular]:mapping=t
ex-text;!
Missing character: There is no 的 (U+7684) in font [lmroman10-regular]:mapping=t
ex-text;!
Missing character: There is no 适 (U+9002) in font [lmroman10-regular]:mapping=t
ex-text;!
Missing character: There is no 用 (U+7528) in font [lmroman10-regular]:mapping=t
ex-text;!
Missing character: There is no 性 (U+6027) in font [lmroman10-regular]:mapping=t
ex-text;!

Package natbib Warning: Citation `liang2020moving' on page 1 undefined on input
 line 94.

Missing character: There is no 。 (U+3002) in font [lmroman10-regular]:mapping=t
ex-text;!
Missing character: There is no 近 (U+8FD1) in font [lmroman10-regular]:mapping=t
ex-text;!
Missing character: There is no 年 (U+5E74) in font [lmroman10-regular]:mapping=t
ex-text;!
Missing character: There is no 来 (U+6765) in font [lmroman10-regular]:mapping=t
ex-text;!
Missing character: There is no ， (U+FF0C) in font [lmroman10-regular]:mapping=t
ex-text;!
Missing character: There is no 深 (U+6DF1) in font [lmroman10-regular]:mapping=t
ex-text;!
Missing character: There is no 度 (U+5EA6) in font [lmroman10-regular]:mapping=t
ex-text;!
Missing character: There is no 学 (U+5B66) in font [lmroman10-regular]:mapping=t
ex-text;!
Missing character: There is no 习 (U+4E60) in font [lmroman10-regular]:mapping=t
ex-text;!
Missing character: There is no 的 (U+7684) in font [lmroman10-regular]:mapping=t
ex-text;!
Missing character: There is no 发 (U+53D1) in font [lmroman10-regular]:mapping=t
ex-text;!
Missing character: There is no 展 (U+5C55) in font [lmroman10-regular]:mapping=t
ex-text;!
Missing character: There is no 引 (U+5F15) in font [lmroman10-regular]:mapping=t
ex-text;!
Missing character: There is no 入 (U+5165) in font [lmroman10-regular]:mapping=t
ex-text;!
Missing character: There is no 了 (U+4E86) in font [lmroman10-regular]:mapping=t
ex-text;!
Missing character: There is no 其 (U+5176) in font [lmroman10-regular]:mapping=t
ex-text;!
Missing character: There is no 他 (U+4ED6) in font [lmroman10-regular]:mapping=t
ex-text;!
Missing character: There is no 特 (U+7279) in font [lmroman10-regular]:mapping=t
ex-text;!
Missing character: There is no 征 (U+5F81) in font [lmroman10-regular]:mapping=t
ex-text;!
Missing character: There is no 检 (U+68C0) in font [lmroman10-regular]:mapping=t
ex-text;!
Missing character: There is no 测 (U+6D4B) in font [lmroman10-regular]:mapping=t
ex-text;!
Missing character: There is no 方 (U+65B9) in font [lmroman10-regular]:mapping=t
ex-text;!
Missing character: There is no 法 (U+6CD5) in font [lmroman10-regular]:mapping=t
ex-text;!
Missing character: There is no 。 (U+3002) in font [lmroman10-regular]:mapping=t
ex-text;!
Missing character: There is no 神 (U+795E) in font [lmroman10-regular]:mapping=t
ex-text;!
Missing character: There is no 经 (U+7ECF) in font [lmroman10-regular]:mapping=t
ex-text;!
Missing character: There is no 网 (U+7F51) in font [lmroman10-regular]:mapping=t
ex-text;!
Missing character: There is no 络 (U+7EDC) in font [lmroman10-regular]:mapping=t
ex-text;!
Missing character: There is no 作 (U+4F5C) in font [lmroman10-regular]:mapping=t
ex-text;!
Missing character: There is no 为 (U+4E3A) in font [lmroman10-regular]:mapping=t
ex-text;!
Missing character: There is no 关 (U+5173) in font [lmroman10-regular]:mapping=t
ex-text;!
Missing character: There is no 键 (U+952E) in font [lmroman10-regular]:mapping=t
ex-text;!
Missing character: There is no 点 (U+70B9) in font [lmroman10-regular]:mapping=t
ex-text;!
Missing character: There is no 检 (U+68C0) in font [lmroman10-regular]:mapping=t
ex-text;!
Missing character: There is no 测 (U+6D4B) in font [lmroman10-regular]:mapping=t
ex-text;!
Missing character: There is no 器 (U+5668) in font [lmroman10-regular]:mapping=t
ex-text;!
Missing character: There is no 已 (U+5DF2) in font [lmroman10-regular]:mapping=t
ex-text;!
Missing character: There is no 被 (U+88AB) in font [lmroman10-regular]:mapping=t
ex-text;!
Missing character: There is no 用 (U+7528) in font [lmroman10-regular]:mapping=t
ex-text;!
Missing character: There is no 于 (U+4E8E) in font [lmroman10-regular]:mapping=t
ex-text;!
Missing character: There is no 特 (U+7279) in font [lmroman10-regular]:mapping=t
ex-text;!
Missing character: There is no 定 (U+5B9A) in font [lmroman10-regular]:mapping=t
ex-text;!
Missing character: There is no 目 (U+76EE) in font [lmroman10-regular]:mapping=t
ex-text;!
Missing character: There is no 标 (U+6807) in font [lmroman10-regular]:mapping=t
ex-text;!
Missing character: There is no 跟 (U+8DDF) in font [lmroman10-regular]:mapping=t
ex-text;!
Missing character: There is no 踪 (U+8E2A) in font [lmroman10-regular]:mapping=t
ex-text;!
Missing character: There is no ， (U+FF0C) in font [lmroman10-regular]:mapping=t
ex-text;!
Missing character: There is no 例 (U+4F8B) in font [lmroman10-regular]:mapping=t
ex-text;!
Missing character: There is no 如 (U+5982) in font [lmroman10-regular]:mapping=t
ex-text;!

Package natbib Warning: Citation `sepahvand2025deep' on page 1 undefined on inp
ut line 96.

Missing character: There is no 中 (U+4E2D) in font [lmroman10-regular]:mapping=t
ex-text;!
Missing character: There is no 使 (U+4F7F) in font [lmroman10-regular]:mapping=t
ex-text;!
Missing character: There is no 用 (U+7528) in font [lmroman10-regular]:mapping=t
ex-text;!
Missing character: There is no 在 (U+5728) in font [lmroman10-regular]:mapping=t
ex-text;!
Missing character: There is no 不 (U+4E0D) in font [lmroman10-regular]:mapping=t
ex-text;!
Missing character: There is no 同 (U+540C) in font [lmroman10-regular]:mapping=t
ex-text;!
Missing character: There is no 光 (U+5149) in font [lmroman10-regular]:mapping=t
ex-text;!
Missing character: There is no 照 (U+7167) in font [lmroman10-regular]:mapping=t
ex-text;!
Missing character: There is no 和 (U+548C) in font [lmroman10-regular]:mapping=t
ex-text;!
Missing character: There is no 遮 (U+906E) in font [lmroman10-regular]:mapping=t
ex-text;!
Missing character: There is no 挡 (U+6321) in font [lmroman10-regular]:mapping=t
ex-text;!
Missing character: There is no 条 (U+6761) in font [lmroman10-regular]:mapping=t
ex-text;!
Missing character: There is no 件 (U+4EF6) in font [lmroman10-regular]:mapping=t
ex-text;!
Missing character: There is no 下 (U+4E0B) in font [lmroman10-regular]:mapping=t
ex-text;!
Missing character: There is no 检 (U+68C0) in font [lmroman10-regular]:mapping=t
ex-text;!
Missing character: There is no 测 (U+6D4B) in font [lmroman10-regular]:mapping=t
ex-text;!
Missing character: There is no 矩 (U+77E9) in font [lmroman10-regular]:mapping=t
ex-text;!
Missing character: There is no 形 (U+5F62) in font [lmroman10-regular]:mapping=t
ex-text;!
Missing character: There is no 目 (U+76EE) in font [lmroman10-regular]:mapping=t
ex-text;!
Missing character: There is no 标 (U+6807) in font [lmroman10-regular]:mapping=t
ex-text;!
Missing character: There is no 的 (U+7684) in font [lmroman10-regular]:mapping=t
ex-text;!
Missing character: There is no 关 (U+5173) in font [lmroman10-regular]:mapping=t
ex-text;!
Missing character: There is no 键 (U+952E) in font [lmroman10-regular]:mapping=t
ex-text;!
Missing character: There is no 点 (U+70B9) in font [lmroman10-regular]:mapping=t
ex-text;!
Missing character: There is no 。 (U+3002) in font [lmroman10-regular]:mapping=t
ex-text;!
Missing character: There is no 其 (U+5176) in font [lmroman10-regular]:mapping=t
ex-text;!
Missing character: There is no 他 (U+4ED6) in font [lmroman10-regular]:mapping=t
ex-text;!
Missing character: There is no 工 (U+5DE5) in font [lmroman10-regular]:mapping=t
ex-text;!
Missing character: There is no 作 (U+4F5C) in font [lmroman10-regular]:mapping=t
ex-text;!
Missing character: There is no 则 (U+5219) in font [lmroman10-regular]:mapping=t
ex-text;!
Missing character: There is no 关 (U+5173) in font [lmroman10-regular]:mapping=t
ex-text;!
Missing character: There is no 注 (U+6CE8) in font [lmroman10-regular]:mapping=t
ex-text;!
Missing character: There is no 在 (U+5728) in font [lmroman10-regular]:mapping=t
ex-text;!
Missing character: There is no 激 (U+6FC0) in font [lmroman10-regular]:mapping=t
ex-text;!
Missing character: There is no 烈 (U+70C8) in font [lmroman10-regular]:mapping=t
ex-text;!
Missing character: There is no 机 (U+673A) in font [lmroman10-regular]:mapping=t
ex-text;!
Missing character: There is no 动 (U+52A8) in font [lmroman10-regular]:mapping=t
ex-text;!
Missing character: There is no 过 (U+8FC7) in font [lmroman10-regular]:mapping=t
ex-text;!
Missing character: There is no 程 (U+7A0B) in font [lmroman10-regular]:mapping=t
ex-text;!
Missing character: There is no 中 (U+4E2D) in font [lmroman10-regular]:mapping=t
ex-text;!
Missing character: There is no 进 (U+8FDB) in font [lmroman10-regular]:mapping=t
ex-text;!
Missing character: There is no 行 (U+884C) in font [lmroman10-regular]:mapping=t
ex-text;!
Missing character: There is no 边 (U+8FB9) in font [lmroman10-regular]:mapping=t
ex-text;!
Missing character: There is no 界 (U+754C) in font [lmroman10-regular]:mapping=t
ex-text;!
Missing character: There is no 框 (U+6846) in font [lmroman10-regular]:mapping=t
ex-text;!
Missing character: There is no 检 (U+68C0) in font [lmroman10-regular]:mapping=t
ex-text;!
Missing character: There is no 测 (U+6D4B) in font [lmroman10-regular]:mapping=t
ex-text;!
Missing character: There is no 和 (U+548C) in font [lmroman10-regular]:mapping=t
ex-text;!
Missing character: There is no 目 (U+76EE) in font [lmroman10-regular]:mapping=t
ex-text;!
Missing character: There is no 标 (U+6807) in font [lmroman10-regular]:mapping=t
ex-text;!
Missing character: There is no 中 (U+4E2D) in font [lmroman10-regular]:mapping=t
ex-text;!
Missing character: There is no 心 (U+5FC3) in font [lmroman10-regular]:mapping=t
ex-text;!
Missing character: There is no 跟 (U+8DDF) in font [lmroman10-regular]:mapping=t
ex-text;!
Missing character: There is no 踪 (U+8E2A) in font [lmroman10-regular]:mapping=t
ex-text;!

Package natbib Warning: Citation `10140151' on page 1 undefined on input line 9
6.

Missing character: There is no 。 (U+3002) in font [lmroman10-regular]:mapping=t
ex-text;!
Missing character: There is no 系 (U+7CFB) in font [lmroman10-regular]:mapping=t
ex-text;!
Missing character: There is no 列 (U+5217) in font [lmroman10-regular]:mapping=t
ex-text;!
Missing character: There is no 模 (U+6A21) in font [lmroman10-regular]:mapping=t
ex-text;!
Missing character: There is no 型 (U+578B) in font [lmroman10-regular]:mapping=t
ex-text;!
Missing character: There is no 已 (U+5DF2) in font [lmroman10-regular]:mapping=t
ex-text;!
Missing character: There is no 被 (U+88AB) in font [lmroman10-regular]:mapping=t
ex-text;!
Missing character: There is no 广 (U+5E7F) in font [lmroman10-regular]:mapping=t
ex-text;!
Missing character: There is no 泛 (U+6CDB) in font [lmroman10-regular]:mapping=t
ex-text;!
Missing character: There is no 应 (U+5E94) in font [lmroman10-regular]:mapping=t
ex-text;!
Missing character: There is no 用 (U+7528) in font [lmroman10-regular]:mapping=t
ex-text;!
Missing character: There is no 于 (U+4E8E) in font [lmroman10-regular]:mapping=t
ex-text;!
Missing character: There is no 机 (U+673A) in font [lmroman10-regular]:mapping=t
ex-text;!
Missing character: There is no 器 (U+5668) in font [lmroman10-regular]:mapping=t
ex-text;!
Missing character: There is no 人 (U+4EBA) in font [lmroman10-regular]:mapping=t
ex-text;!
Missing character: There is no 领 (U+9886) in font [lmroman10-regular]:mapping=t
ex-text;!
Missing character: There is no 域 (U+57DF) in font [lmroman10-regular]:mapping=t
ex-text;!

Package natbib Warning: Citation `li2023design' on page 1 undefined on input li
ne 97.


Package natbib Warning: Citation `zhang2024vision' on page 1 undefined on input
 line 97.

Missing character: There is no ， (U+FF0C) in font [lmroman10-regular]:mapping=t
ex-text;!
Missing character: There is no 包 (U+5305) in font [lmroman10-regular]:mapping=t
ex-text;!
Missing character: There is no 括 (U+62EC) in font [lmroman10-regular]:mapping=t
ex-text;!
Missing character: There is no 实 (U+5B9E) in font [lmroman10-regular]:mapping=t
ex-text;!
Missing character: There is no 例 (U+4F8B) in font [lmroman10-regular]:mapping=t
ex-text;!
Missing character: There is no 分 (U+5206) in font [lmroman10-regular]:mapping=t
ex-text;!
Missing character: There is no 割 (U+5272) in font [lmroman10-regular]:mapping=t
ex-text;!

Package natbib Warning: Citation `mohamed2021insta' on page 1 undefined on inpu
t line 97.


Package natbib Warning: Citation `tang2024visual' on page 1 undefined on input 
line 97.

Missing character: There is no 、 (U+3001) in font [lmroman10-regular]:mapping=t
ex-text;!
Missing character: There is no 目 (U+76EE) in font [lmroman10-regular]:mapping=t
ex-text;!
Missing character: There is no 标 (U+6807) in font [lmroman10-regular]:mapping=t
ex-text;!
Missing character: There is no 检 (U+68C0) in font [lmroman10-regular]:mapping=t
ex-text;!
Missing character: There is no 测 (U+6D4B) in font [lmroman10-regular]:mapping=t
ex-text;!

Package natbib Warning: Citation `drones8110605' on page 1 undefined on input l
ine 97.

Missing character: There is no 和 (U+548C) in font [lmroman10-regular]:mapping=t
ex-text;!
Missing character: There is no 图 (U+56FE) in font [lmroman10-regular]:mapping=t
ex-text;!
Missing character: There is no 像 (U+50CF) in font [lmroman10-regular]:mapping=t
ex-text;!
Missing character: There is no 分 (U+5206) in font [lmroman10-regular]:mapping=t
ex-text;!
Missing character: There is no 类 (U+7C7B) in font [lmroman10-regular]:mapping=t
ex-text;!

Package natbib Warning: Citation `zhao2024real' on page 1 undefined on input li
ne 97.

Missing character: There is no ， (U+FF0C) in font [lmroman10-regular]:mapping=t
ex-text;!
Missing character: There is no 这 (U+8FD9) in font [lmroman10-regular]:mapping=t
ex-text;!
Missing character: There is no 说 (U+8BF4) in font [lmroman10-regular]:mapping=t
ex-text;!
Missing character: There is no 明 (U+660E) in font [lmroman10-regular]:mapping=t
ex-text;!
Missing character: There is no 深 (U+6DF1) in font [lmroman10-regular]:mapping=t
ex-text;!
Missing character: There is no 度 (U+5EA6) in font [lmroman10-regular]:mapping=t
ex-text;!
Missing character: There is no 学 (U+5B66) in font [lmroman10-regular]:mapping=t
ex-text;!
Missing character: There is no 习 (U+4E60) in font [lmroman10-regular]:mapping=t
ex-text;!
Missing character: There is no 方 (U+65B9) in font [lmroman10-regular]:mapping=t
ex-text;!
Missing character: There is no 法 (U+6CD5) in font [lmroman10-regular]:mapping=t
ex-text;!
Missing character: There is no 在 (U+5728) in font [lmroman10-regular]:mapping=t
ex-text;!
Missing character: There is no 视 (U+89C6) in font [lmroman10-regular]:mapping=t
ex-text;!
Missing character: There is no 觉 (U+89C9) in font [lmroman10-regular]:mapping=t
ex-text;!
Missing character: There is no 伺 (U+4F3A) in font [lmroman10-regular]:mapping=t
ex-text;!
Missing character: There is no 服 (U+670D) in font [lmroman10-regular]:mapping=t
ex-text;!
Missing character: There is no 特 (U+7279) in font [lmroman10-regular]:mapping=t
ex-text;!
Missing character: There is no 征 (U+5F81) in font [lmroman10-regular]:mapping=t
ex-text;!
Missing character: There is no 提 (U+63D0) in font [lmroman10-regular]:mapping=t
ex-text;!
Missing character: There is no 取 (U+53D6) in font [lmroman10-regular]:mapping=t
ex-text;!
Missing character: There is no 中 (U+4E2D) in font [lmroman10-regular]:mapping=t
ex-text;!
Missing character: There is no 的 (U+7684) in font [lmroman10-regular]:mapping=t
ex-text;!
Missing character: There is no 通 (U+901A) in font [lmroman10-regular]:mapping=t
ex-text;!
Missing character: There is no 用 (U+7528) in font [lmroman10-regular]:mapping=t
ex-text;!
Missing character: There is no 性 (U+6027) in font [lmroman10-regular]:mapping=t
ex-text;!

Package natbib Warning: Citation `pathre2024imagine2servo' on page 1 undefined 
on input line 97.

Missing character: There is no 。 (U+3002) in font [lmroman10-regular]:mapping=t
ex-text;!
Missing character: There is no 近 (U+8FD1) in font [lmroman10-regular]:mapping=t
ex-text;!
Missing character: There is no 期 (U+671F) in font [lmroman10-regular]:mapping=t
ex-text;!
Missing character: There is no 方 (U+65B9) in font [lmroman10-regular]:mapping=t
ex-text;!
Missing character: There is no 法 (U+6CD5) in font [lmroman10-regular]:mapping=t
ex-text;!
Missing character: There is no 开 (U+5F00) in font [lmroman10-regular]:mapping=t
ex-text;!
Missing character: There is no 始 (U+59CB) in font [lmroman10-regular]:mapping=t
ex-text;!
Missing character: There is no 将 (U+5C06) in font [lmroman10-regular]:mapping=t
ex-text;!
Missing character: There is no 神 (U+795E) in font [lmroman10-regular]:mapping=t
ex-text;!
Missing character: There is no 经 (U+7ECF) in font [lmroman10-regular]:mapping=t
ex-text;!
Missing character: There is no 网 (U+7F51) in font [lmroman10-regular]:mapping=t
ex-text;!
Missing character: There is no 络 (U+7EDC) in font [lmroman10-regular]:mapping=t
ex-text;!
Missing character: There is no 与 (U+4E0E) in font [lmroman10-regular]:mapping=t
ex-text;!
Missing character: There is no 视 (U+89C6) in font [lmroman10-regular]:mapping=t
ex-text;!
Missing character: There is no 觉 (U+89C9) in font [lmroman10-regular]:mapping=t
ex-text;!
Missing character: There is no 伺 (U+4F3A) in font [lmroman10-regular]:mapping=t
ex-text;!
Missing character: There is no 服 (U+670D) in font [lmroman10-regular]:mapping=t
ex-text;!
Missing character: There is no 算 (U+7B97) in font [lmroman10-regular]:mapping=t
ex-text;!
Missing character: There is no 法 (U+6CD5) in font [lmroman10-regular]:mapping=t
ex-text;!
Missing character: There is no 结 (U+7ED3) in font [lmroman10-regular]:mapping=t
ex-text;!
Missing character: There is no 合 (U+5408) in font [lmroman10-regular]:mapping=t
ex-text;!
Missing character: There is no ， (U+FF0C) in font [lmroman10-regular]:mapping=t
ex-text;!
Missing character: There is no 以 (U+4EE5) in font [lmroman10-regular]:mapping=t
ex-text;!
Missing character: There is no 增 (U+589E) in font [lmroman10-regular]:mapping=t
ex-text;!
Missing character: There is no 强 (U+5F3A) in font [lmroman10-regular]:mapping=t
ex-text;!
Missing character: There is no 机 (U+673A) in font [lmroman10-regular]:mapping=t
ex-text;!
Missing character: There is no 器 (U+5668) in font [lmroman10-regular]:mapping=t
ex-text;!
Missing character: There is no 人 (U+4EBA) in font [lmroman10-regular]:mapping=t
ex-text;!
Missing character: There is no 控 (U+63A7) in font [lmroman10-regular]:mapping=t
ex-text;!
Missing character: There is no 制 (U+5236) in font [lmroman10-regular]:mapping=t
ex-text;!
Missing character: There is no 能 (U+80FD) in font [lmroman10-regular]:mapping=t
ex-text;!
Missing character: There is no 力 (U+529B) in font [lmroman10-regular]:mapping=t
ex-text;!
Missing character: There is no 。 (U+3002) in font [lmroman10-regular]:mapping=t
ex-text;!
Missing character: There is no 等 (U+7B49) in font [lmroman10-regular]:mapping=t
ex-text;!
Missing character: There is no 人 (U+4EBA) in font [lmroman10-regular]:mapping=t
ex-text;!

Package natbib Warning: Citation `liu2019image' on page 1 undefined on input li
ne 99.

Missing character: There is no 提 (U+63D0) in font [lmroman10-regular]:mapping=t
ex-text;!
Missing character: There is no 出 (U+51FA) in font [lmroman10-regular]:mapping=t
ex-text;!
Missing character: There is no 了 (U+4E86) in font [lmroman10-regular]:mapping=t
ex-text;!
Missing character: There is no 一 (U+4E00) in font [lmroman10-regular]:mapping=t
ex-text;!
Missing character: There is no 种 (U+79CD) in font [lmroman10-regular]:mapping=t
ex-text;!
Missing character: There is no 用 (U+7528) in font [lmroman10-regular]:mapping=t
ex-text;!
Missing character: There is no 于 (U+4E8E) in font [lmroman10-regular]:mapping=t
ex-text;!
Missing character: There is no 机 (U+673A) in font [lmroman10-regular]:mapping=t
ex-text;!
Missing character: There is no 械 (U+68B0) in font [lmroman10-regular]:mapping=t
ex-text;!
Missing character: There is no 臂 (U+81C2) in font [lmroman10-regular]:mapping=t
ex-text;!
Missing character: There is no 操 (U+64CD) in font [lmroman10-regular]:mapping=t
ex-text;!
Missing character: There is no 作 (U+4F5C) in font [lmroman10-regular]:mapping=t
ex-text;!
Missing character: There is no 的 (U+7684) in font [lmroman10-regular]:mapping=t
ex-text;!
Missing character: There is no 双 (U+53CC) in font [lmroman10-regular]:mapping=t
ex-text;!
Missing character: There is no 流 (U+6D41) in font [lmroman10-regular]:mapping=t
ex-text;!
Missing character: There is no 网 (U+7F51) in font [lmroman10-regular]:mapping=t
ex-text;!
Missing character: There is no 络 (U+7EDC) in font [lmroman10-regular]:mapping=t
ex-text;!
Missing character: There is no ， (U+FF0C) in font [lmroman10-regular]:mapping=t
ex-text;!
Missing character: There is no 可 (U+53EF) in font [lmroman10-regular]:mapping=t
ex-text;!
Missing character: There is no 直 (U+76F4) in font [lmroman10-regular]:mapping=t
ex-text;!
Missing character: There is no 接 (U+63A5) in font [lmroman10-regular]:mapping=t
ex-text;!
Missing character: There is no 输 (U+8F93) in font [lmroman10-regular]:mapping=t
ex-text;!
Missing character: There is no 出 (U+51FA) in font [lmroman10-regular]:mapping=t
ex-text;!
Missing character: There is no 速 (U+901F) in font [lmroman10-regular]:mapping=t
ex-text;!
Missing character: There is no 度 (U+5EA6) in font [lmroman10-regular]:mapping=t
ex-text;!
Missing character: There is no 命 (U+547D) in font [lmroman10-regular]:mapping=t
ex-text;!
Missing character: There is no 令 (U+4EE4) in font [lmroman10-regular]:mapping=t
ex-text;!
Missing character: There is no ， (U+FF0C) in font [lmroman10-regular]:mapping=t
ex-text;!
Missing character: There is no 在 (U+5728) in font [lmroman10-regular]:mapping=t
ex-text;!
Missing character: There is no 无 (U+65E0) in font [lmroman10-regular]:mapping=t
ex-text;!
Missing character: There is no 需 (U+9700) in font [lmroman10-regular]:mapping=t
ex-text;!
Missing character: There is no 显 (U+663E) in font [lmroman10-regular]:mapping=t
ex-text;!
Missing character: There is no 式 (U+5F0F) in font [lmroman10-regular]:mapping=t
ex-text;!
Missing character: There is no 视 (U+89C6) in font [lmroman10-regular]:mapping=t
ex-text;!
Missing character: There is no 觉 (U+89C9) in font [lmroman10-regular]:mapping=t
ex-text;!
Missing character: There is no 伺 (U+4F3A) in font [lmroman10-regular]:mapping=t
ex-text;!
Missing character: There is no 服 (U+670D) in font [lmroman10-regular]:mapping=t
ex-text;!
Missing character: There is no 计 (U+8BA1) in font [lmroman10-regular]:mapping=t
ex-text;!
Missing character: There is no 算 (U+7B97) in font [lmroman10-regular]:mapping=t
ex-text;!
Missing character: There is no 的 (U+7684) in font [lmroman10-regular]:mapping=t
ex-text;!
Missing character: There is no 情 (U+60C5) in font [lmroman10-regular]:mapping=t
ex-text;!
Missing character: There is no 况 (U+51B5) in font [lmroman10-regular]:mapping=t
ex-text;!
Missing character: There is no 下 (U+4E0B) in font [lmroman10-regular]:mapping=t
ex-text;!
Missing character: There is no 实 (U+5B9E) in font [lmroman10-regular]:mapping=t
ex-text;!
Missing character: There is no 现 (U+73B0) in font [lmroman10-regular]:mapping=t
ex-text;!
Missing character: There is no 期 (U+671F) in font [lmroman10-regular]:mapping=t
ex-text;!
Missing character: There is no 望 (U+671B) in font [lmroman10-regular]:mapping=t
ex-text;!
Missing character: There is no 位 (U+4F4D) in font [lmroman10-regular]:mapping=t
ex-text;!
Missing character: There is no 姿 (U+59FF) in font [lmroman10-regular]:mapping=t
ex-text;!
Missing character: There is no 。 (U+3002) in font [lmroman10-regular]:mapping=t
ex-text;!
Missing character: There is no 知 (U+77E5) in font [lmroman10-regular]:mapping=t
ex-text;!
Missing character: There is no 识 (U+8BC6) in font [lmroman10-regular]:mapping=t
ex-text;!
Missing character: There is no 蒸 (U+84B8) in font [lmroman10-regular]:mapping=t
ex-text;!
Missing character: There is no 馏 (U+998F) in font [lmroman10-regular]:mapping=t
ex-text;!
Missing character: There is no 技 (U+6280) in font [lmroman10-regular]:mapping=t
ex-text;!
Missing character: There is no 术 (U+672F) in font [lmroman10-regular]:mapping=t
ex-text;!
Missing character: There is no 在 (U+5728) in font [lmroman10-regular]:mapping=t
ex-text;!
Missing character: There is no 轻 (U+8F7B) in font [lmroman10-regular]:mapping=t
ex-text;!
Missing character: There is no 量 (U+91CF) in font [lmroman10-regular]:mapping=t
ex-text;!
Missing character: There is no 化 (U+5316) in font [lmroman10-regular]:mapping=t
ex-text;!
Missing character: There is no 伺 (U+4F3A) in font [lmroman10-regular]:mapping=t
ex-text;!
Missing character: There is no 服 (U+670D) in font [lmroman10-regular]:mapping=t
ex-text;!
Missing character: There is no 网 (U+7F51) in font [lmroman10-regular]:mapping=t
ex-text;!
Missing character: There is no 络 (U+7EDC) in font [lmroman10-regular]:mapping=t
ex-text;!
Missing character: There is no 中 (U+4E2D) in font [lmroman10-regular]:mapping=t
ex-text;!
Missing character: There is no 也 (U+4E5F) in font [lmroman10-regular]:mapping=t
ex-text;!
Missing character: There is no 显 (U+663E) in font [lmroman10-regular]:mapping=t
ex-text;!
Missing character: There is no 示 (U+793A) in font [lmroman10-regular]:mapping=t
ex-text;!
Missing character: There is no 出 (U+51FA) in font [lmroman10-regular]:mapping=t
ex-text;!
Missing character: There is no 潜 (U+6F5C) in font [lmroman10-regular]:mapping=t
ex-text;!
Missing character: There is no 力 (U+529B) in font [lmroman10-regular]:mapping=t
ex-text;!
Missing character: There is no ， (U+FF0C) in font [lmroman10-regular]:mapping=t
ex-text;!
Missing character: There is no 例 (U+4F8B) in font [lmroman10-regular]:mapping=t
ex-text;!
Missing character: There is no 如 (U+5982) in font [lmroman10-regular]:mapping=t
ex-text;!

Package natbib Warning: Citation `drones8110605' on page 1 undefined on input l
ine 99.

Missing character: There is no 中 (U+4E2D) in font [lmroman10-regular]:mapping=t
ex-text;!
Missing character: There is no ， (U+FF0C) in font [lmroman10-regular]:mapping=t
ex-text;!
Missing character: There is no 学 (U+5B66) in font [lmroman10-regular]:mapping=t
ex-text;!
Missing character: There is no 生 (U+751F) in font [lmroman10-regular]:mapping=t
ex-text;!
Missing character: There is no 网 (U+7F51) in font [lmroman10-regular]:mapping=t
ex-text;!
Missing character: There is no 络 (U+7EDC) in font [lmroman10-regular]:mapping=t
ex-text;!
Missing character: There is no 学 (U+5B66) in font [lmroman10-regular]:mapping=t
ex-text;!
Missing character: There is no 习 (U+4E60) in font [lmroman10-regular]:mapping=t
ex-text;!
Missing character: There is no 了 (U+4E86) in font [lmroman10-regular]:mapping=t
ex-text;!
Missing character: There is no 树 (U+6811) in font [lmroman10-regular]:mapping=t
ex-text;!
Missing character: There is no 枝 (U+679D) in font [lmroman10-regular]:mapping=t
ex-text;!
Missing character: There is no 操 (U+64CD) in font [lmroman10-regular]:mapping=t
ex-text;!
Missing character: There is no 作 (U+4F5C) in font [lmroman10-regular]:mapping=t
ex-text;!
Missing character: There is no 中 (U+4E2D) in font [lmroman10-regular]:mapping=t
ex-text;!
Missing character: There is no 的 (U+7684) in font [lmroman10-regular]:mapping=t
ex-text;!
Missing character: There is no 最 (U+6700) in font [lmroman10-regular]:mapping=t
ex-text;!
Missing character: There is no 佳 (U+4F73) in font [lmroman10-regular]:mapping=t
ex-text;!
Missing character: There is no 抓 (U+6293) in font [lmroman10-regular]:mapping=t
ex-text;!
Missing character: There is no 取 (U+53D6) in font [lmroman10-regular]:mapping=t
ex-text;!
Missing character: There is no 点 (U+70B9) in font [lmroman10-regular]:mapping=t
ex-text;!
Missing character: There is no 识 (U+8BC6) in font [lmroman10-regular]:mapping=t
ex-text;!
Missing character: There is no 别 (U+522B) in font [lmroman10-regular]:mapping=t
ex-text;!
Missing character: There is no 。 (U+3002) in font [lmroman10-regular]:mapping=t
ex-text;!
Missing character: There is no 本 (U+672C) in font [lmroman10-regular]:mapping=t
ex-text;!
Missing character: There is no 文 (U+6587) in font [lmroman10-regular]:mapping=t
ex-text;!
Missing character: There is no 在 (U+5728) in font [lmroman10-regular]:mapping=t
ex-text;!
Missing character: There is no 这 (U+8FD9) in font [lmroman10-regular]:mapping=t
ex-text;!
Missing character: There is no 些 (U+4E9B) in font [lmroman10-regular]:mapping=t
ex-text;!
Missing character: There is no 研 (U+7814) in font [lmroman10-regular]:mapping=t
ex-text;!
Missing character: There is no 究 (U+7A76) in font [lmroman10-regular]:mapping=t
ex-text;!
Missing character: There is no 基 (U+57FA) in font [lmroman10-regular]:mapping=t
ex-text;!
Missing character: There is no 础 (U+7840) in font [lmroman10-regular]:mapping=t
ex-text;!
Missing character: There is no 上 (U+4E0A) in font [lmroman10-regular]:mapping=t
ex-text;!
Missing character: There is no 继 (U+7EE7) in font [lmroman10-regular]:mapping=t
ex-text;!
Missing character: There is no 续 (U+7EED) in font [lmroman10-regular]:mapping=t
ex-text;!
Missing character: There is no 推 (U+63A8) in font [lmroman10-regular]:mapping=t
ex-text;!
Missing character: There is no 进 (U+8FDB) in font [lmroman10-regular]:mapping=t
ex-text;!
Missing character: There is no ， (U+FF0C) in font [lmroman10-regular]:mapping=t
ex-text;!
Missing character: There is no 将 (U+5C06) in font [lmroman10-regular]:mapping=t
ex-text;!
Missing character: There is no 分 (U+5206) in font [lmroman10-regular]:mapping=t
ex-text;!
Missing character: There is no 割 (U+5272) in font [lmroman10-regular]:mapping=t
ex-text;!
Missing character: There is no 网 (U+7F51) in font [lmroman10-regular]:mapping=t
ex-text;!
Missing character: There is no 络 (U+7EDC) in font [lmroman10-regular]:mapping=t
ex-text;!
Missing character: There is no 与 (U+4E0E) in font [lmroman10-regular]:mapping=t
ex-text;!
Missing character: There is no 算 (U+7B97) in font [lmroman10-regular]:mapping=t
ex-text;!
Missing character: There is no 法 (U+6CD5) in font [lmroman10-regular]:mapping=t
ex-text;!
Missing character: There is no 结 (U+7ED3) in font [lmroman10-regular]:mapping=t
ex-text;!
Missing character: There is no 合 (U+5408) in font [lmroman10-regular]:mapping=t
ex-text;!
Missing character: There is no 并 (U+5E76) in font [lmroman10-regular]:mapping=t
ex-text;!
Missing character: There is no 进 (U+8FDB) in font [lmroman10-regular]:mapping=t
ex-text;!
Missing character: There is no 行 (U+884C) in font [lmroman10-regular]:mapping=t
ex-text;!
Missing character: There is no 知 (U+77E5) in font [lmroman10-regular]:mapping=t
ex-text;!
Missing character: There is no 识 (U+8BC6) in font [lmroman10-regular]:mapping=t
ex-text;!
Missing character: There is no 蒸 (U+84B8) in font [lmroman10-regular]:mapping=t
ex-text;!
Missing character: There is no 馏 (U+998F) in font [lmroman10-regular]:mapping=t
ex-text;!
Missing character: There is no ， (U+FF0C) in font [lmroman10-regular]:mapping=t
ex-text;!
Missing character: There is no 从 (U+4ECE) in font [lmroman10-regular]:mapping=t
ex-text;!
Missing character: There is no 而 (U+800C) in font [lmroman10-regular]:mapping=t
ex-text;!
Missing character: There is no 在 (U+5728) in font [lmroman10-regular]:mapping=t
ex-text;!
Missing character: There is no 保 (U+4FDD) in font [lmroman10-regular]:mapping=t
ex-text;!
Missing character: There is no 持 (U+6301) in font [lmroman10-regular]:mapping=t
ex-text;!
Missing character: There is no 计 (U+8BA1) in font [lmroman10-regular]:mapping=t
ex-text;!
Missing character: There is no 算 (U+7B97) in font [lmroman10-regular]:mapping=t
ex-text;!
Missing character: There is no 效 (U+6548) in font [lmroman10-regular]:mapping=t
ex-text;!
Missing character: There is no 率 (U+7387) in font [lmroman10-regular]:mapping=t
ex-text;!
Missing character: There is no 的 (U+7684) in font [lmroman10-regular]:mapping=t
ex-text;!
Missing character: There is no 同 (U+540C) in font [lmroman10-regular]:mapping=t
ex-text;!
Missing character: There is no 时 (U+65F6) in font [lmroman10-regular]:mapping=t
ex-text;!
Missing character: There is no 消 (U+6D88) in font [lmroman10-regular]:mapping=t
ex-text;!
Missing character: There is no 除 (U+9664) in font [lmroman10-regular]:mapping=t
ex-text;!
Missing character: There is no 对 (U+5BF9) in font [lmroman10-regular]:mapping=t
ex-text;!
Missing character: There is no 的 (U+7684) in font [lmroman10-regular]:mapping=t
ex-text;!
Missing character: There is no 依 (U+4F9D) in font [lmroman10-regular]:mapping=t
ex-text;!
Missing character: There is no 赖 (U+8D56) in font [lmroman10-regular]:mapping=t
ex-text;!
Missing character: There is no 。 (U+3002) in font [lmroman10-regular]:mapping=t
ex-text;!
Missing character: There is no 所 (U+6240) in font [lmroman10-regular]:mapping=t
ex-text;!
Missing character: There is no 提 (U+63D0) in font [lmroman10-regular]:mapping=t
ex-text;!
Missing character: There is no 出 (U+51FA) in font [lmroman10-regular]:mapping=t
ex-text;!
Missing character: There is no 的 (U+7684) in font [lmroman10-regular]:mapping=t
ex-text;!
Missing character: There is no 轻 (U+8F7B) in font [lmroman10-regular]:mapping=t
ex-text;!
Missing character: There is no 量 (U+91CF) in font [lmroman10-regular]:mapping=t
ex-text;!
Missing character: There is no 级 (U+7EA7) in font [lmroman10-regular]:mapping=t
ex-text;!
Missing character: There is no 网 (U+7F51) in font [lmroman10-regular]:mapping=t
ex-text;!
Missing character: There is no 络 (U+7EDC) in font [lmroman10-regular]:mapping=t
ex-text;!
Missing character: There is no 能 (U+80FD) in font [lmroman10-regular]:mapping=t
ex-text;!
Missing character: There is no 够 (U+591F) in font [lmroman10-regular]:mapping=t
ex-text;!
Missing character: There is no 直 (U+76F4) in font [lmroman10-regular]:mapping=t
ex-text;!
Missing character: There is no 接 (U+63A5) in font [lmroman10-regular]:mapping=t
ex-text;!
Missing character: There is no 从 (U+4ECE) in font [lmroman10-regular]:mapping=t
ex-text;!
Missing character: There is no 单 (U+5355) in font [lmroman10-regular]:mapping=t
ex-text;!
Missing character: There is no 帧 (U+5E27) in font [lmroman10-regular]:mapping=t
ex-text;!
Missing character: There is no 相 (U+76F8) in font [lmroman10-regular]:mapping=t
ex-text;!
Missing character: There is no 机 (U+673A) in font [lmroman10-regular]:mapping=t
ex-text;!
Missing character: There is no 图 (U+56FE) in font [lmroman10-regular]:mapping=t
ex-text;!
Missing character: There is no 像 (U+50CF) in font [lmroman10-regular]:mapping=t
ex-text;!
Missing character: There is no 生 (U+751F) in font [lmroman10-regular]:mapping=t
ex-text;!
Missing character: There is no 成 (U+6210) in font [lmroman10-regular]:mapping=t
ex-text;!
Missing character: There is no 速 (U+901F) in font [lmroman10-regular]:mapping=t
ex-text;!
Missing character: There is no 度 (U+5EA6) in font [lmroman10-regular]:mapping=t
ex-text;!
Missing character: There is no 命 (U+547D) in font [lmroman10-regular]:mapping=t
ex-text;!
Missing character: There is no 令 (U+4EE4) in font [lmroman10-regular]:mapping=t
ex-text;!
Missing character: There is no 。 (U+3002) in font [lmroman10-regular]:mapping=t
ex-text;!
Missing character: There is no 此 (U+6B64) in font [lmroman10-regular]:mapping=t
ex-text;!
Missing character: There is no 外 (U+5916) in font [lmroman10-regular]:mapping=t
ex-text;!
Missing character: There is no ， (U+FF0C) in font [lmroman10-regular]:mapping=t
ex-text;!
Missing character: There is no 本 (U+672C) in font [lmroman10-regular]:mapping=t
ex-text;!
Missing character: There is no 文 (U+6587) in font [lmroman10-regular]:mapping=t
ex-text;!
Missing character: There is no 还 (U+8FD8) in font [lmroman10-regular]:mapping=t
ex-text;!
Missing character: There is no 通 (U+901A) in font [lmroman10-regular]:mapping=t
ex-text;!
Missing character: There is no 过 (U+8FC7) in font [lmroman10-regular]:mapping=t
ex-text;!
Missing character: There is no 持 (U+6301) in font [lmroman10-regular]:mapping=t
ex-text;!
Missing character: There is no 续 (U+7EED) in font [lmroman10-regular]:mapping=t
ex-text;!
Missing character: There is no 学 (U+5B66) in font [lmroman10-regular]:mapping=t
ex-text;!
Missing character: There is no 习 (U+4E60) in font [lmroman10-regular]:mapping=t
ex-text;!
Missing character: There is no 来 (U+6765) in font [lmroman10-regular]:mapping=t
ex-text;!
Missing character: There is no 缩 (U+7F29) in font [lmroman10-regular]:mapping=t
ex-text;!
Missing character: There is no 小 (U+5C0F) in font [lmroman10-regular]:mapping=t
ex-text;!
Missing character: There is no 仿 (U+4EFF) in font [lmroman10-regular]:mapping=t
ex-text;!
Missing character: There is no 真 (U+771F) in font [lmroman10-regular]:mapping=t
ex-text;!
Missing character: There is no 到 (U+5230) in font [lmroman10-regular]:mapping=t
ex-text;!
Missing character: There is no 现 (U+73B0) in font [lmroman10-regular]:mapping=t
ex-text;!
Missing character: There is no 实 (U+5B9E) in font [lmroman10-regular]:mapping=t
ex-text;!
Missing character: There is no 之 (U+4E4B) in font [lmroman10-regular]:mapping=t
ex-text;!
Missing character: There is no 间 (U+95F4) in font [lmroman10-regular]:mapping=t
ex-text;!
Missing character: There is no 的 (U+7684) in font [lmroman10-regular]:mapping=t
ex-text;!
Missing character: There is no 差 (U+5DEE) in font [lmroman10-regular]:mapping=t
ex-text;!
Missing character: There is no 距 (U+8DDD) in font [lmroman10-regular]:mapping=t
ex-text;!
Missing character: There is no ， (U+FF0C) in font [lmroman10-regular]:mapping=t
ex-text;!
Missing character: There is no 先 (U+5148) in font [lmroman10-regular]:mapping=t
ex-text;!
Missing character: There is no 在 (U+5728) in font [lmroman10-regular]:mapping=t
ex-text;!
Missing character: There is no 仿 (U+4EFF) in font [lmroman10-regular]:mapping=t
ex-text;!
Missing character: There is no 真 (U+771F) in font [lmroman10-regular]:mapping=t
ex-text;!
Missing character: There is no 环 (U+73AF) in font [lmroman10-regular]:mapping=t
ex-text;!
Missing character: There is no 境 (U+5883) in font [lmroman10-regular]:mapping=t
ex-text;!
Missing character: There is no 中 (U+4E2D) in font [lmroman10-regular]:mapping=t
ex-text;!
Missing character: There is no 训 (U+8BAD) in font [lmroman10-regular]:mapping=t
ex-text;!
Missing character: There is no 练 (U+7EC3) in font [lmroman10-regular]:mapping=t
ex-text;!
Missing character: There is no ， (U+FF0C) in font [lmroman10-regular]:mapping=t
ex-text;!
Missing character: There is no 再 (U+518D) in font [lmroman10-regular]:mapping=t
ex-text;!
Missing character: There is no 用 (U+7528) in font [lmroman10-regular]:mapping=t
ex-text;!
Missing character: There is no 真 (U+771F) in font [lmroman10-regular]:mapping=t
ex-text;!
Missing character: There is no 实 (U+5B9E) in font [lmroman10-regular]:mapping=t
ex-text;!
Missing character: There is no 世 (U+4E16) in font [lmroman10-regular]:mapping=t
ex-text;!
Missing character: There is no 界 (U+754C) in font [lmroman10-regular]:mapping=t
ex-text;!
Missing character: There is no 数 (U+6570) in font [lmroman10-regular]:mapping=t
ex-text;!
Missing character: There is no 据 (U+636E) in font [lmroman10-regular]:mapping=t
ex-text;!
Missing character: There is no 进 (U+8FDB) in font [lmroman10-regular]:mapping=t
ex-text;!
Missing character: There is no 行 (U+884C) in font [lmroman10-regular]:mapping=t
ex-text;!
Missing character: There is no 微 (U+5FAE) in font [lmroman10-regular]:mapping=t
ex-text;!
Missing character: There is no 调 (U+8C03) in font [lmroman10-regular]:mapping=t
ex-text;!
Missing character: There is no ， (U+FF0C) in font [lmroman10-regular]:mapping=t
ex-text;!
Missing character: There is no 以 (U+4EE5) in font [lmroman10-regular]:mapping=t
ex-text;!
Missing character: There is no 保 (U+4FDD) in font [lmroman10-regular]:mapping=t
ex-text;!
Missing character: There is no 证 (U+8BC1) in font [lmroman10-regular]:mapping=t
ex-text;!
Missing character: There is no 其 (U+5176) in font [lmroman10-regular]:mapping=t
ex-text;!
Missing character: There is no 在 (U+5728) in font [lmroman10-regular]:mapping=t
ex-text;!
Missing character: There is no 不 (U+4E0D) in font [lmroman10-regular]:mapping=t
ex-text;!
Missing character: There is no 同 (U+540C) in font [lmroman10-regular]:mapping=t
ex-text;!
Missing character: There is no 部 (U+90E8) in font [lmroman10-regular]:mapping=t
ex-text;!
Missing character: There is no 署 (U+7F72) in font [lmroman10-regular]:mapping=t
ex-text;!
Missing character: There is no 环 (U+73AF) in font [lmroman10-regular]:mapping=t
ex-text;!
Missing character: There is no 境 (U+5883) in font [lmroman10-regular]:mapping=t
ex-text;!
Missing character: There is no 中 (U+4E2D) in font [lmroman10-regular]:mapping=t
ex-text;!
Missing character: There is no 的 (U+7684) in font [lmroman10-regular]:mapping=t
ex-text;!
Missing character: There is no 鲁 (U+9C81) in font [lmroman10-regular]:mapping=t
ex-text;!
Missing character: There is no 棒 (U+68D2) in font [lmroman10-regular]:mapping=t
ex-text;!
Missing character: There is no 性 (U+6027) in font [lmroman10-regular]:mapping=t
ex-text;!
Missing character: There is no 。 (U+3002) in font [lmroman10-regular]:mapping=t
ex-text;!

Overfull \hbox (34.46407pt too wide) in paragraph at lines 101--102
\TU/ptm/b/n/10 的依赖。所提出的轻量级网络能够直接从单帧相机图像生成速度命令。此外，本文还通过持续学习来缩小仿真到现实之间的差距，先在仿真环境中
训练，再用真实世界数据进行微调，以保证其在不同部署环境中的鲁棒性。 
 []

File: teacher-student-math.png Graphic file (type bmp)
<teacher-student-math.png>
[1


]
File: NSER-IBVS.png Graphic file (type bmp)
<NSER-IBVS.png>
File: car-seg-simple.png Graphic file (type bmp)
<car-seg-simple.png>
File: car-seg-semi-oriented.png Graphic file (type bmp)
<car-seg-semi-oriented.png>
File: car-seg-mask-splitter.png Graphic file (type bmp)
<car-seg-mask-splitter.png>


Package natbib Warning: Citation `ronneberger2015unetconvolutionalnetworksbiome
dical' on page 2 undefined on input line 152.


Package natbib Warning: Citation `oktay2018attentionunetlearninglook' on page 2
 undefined on input line 152.

[2] [3]

Package natbib Warning: Citation `hinton2015distillingknowledgeneuralnetwork' o
n page 4 undefined on input line 181.


Package natbib Warning: Citation `WhatisPa31:online' on page 4 undefined on inp
ut line 210.


Package natbib Warning: Citation `blender2024' on page 4 undefined on input lin
e 212.


Package natbib Warning: Citation `zhao2025hunyuan3d20scalingdiffusion' on page 
4 undefined on input line 212.

[4]
Missing character: There is no 实 (U+5B9E) in font [lmroman12-regular]:mapping=t
ex-text;!
Missing character: There is no 验 (U+9A8C) in font [lmroman12-regular]:mapping=t
ex-text;!
Missing character: There is no 实 ("5B9E) in font ptmb!
Missing character: There is no 验 ("9A8C) in font ptmb!
Missing character: There is no 设 ("8BBE) in font ptmb!
Missing character: There is no 置 ("7F6E) in font ptmb!
Missing character: There is no 为 (U+4E3A) in font [lmroman10-regular]:mapping=t
ex-text;!
Missing character: There is no 验 (U+9A8C) in font [lmroman10-regular]:mapping=t
ex-text;!
Missing character: There is no 证 (U+8BC1) in font [lmroman10-regular]:mapping=t
ex-text;!
Missing character: There is no 系 (U+7CFB) in font [lmroman10-regular]:mapping=t
ex-text;!
Missing character: There is no 统 (U+7EDF) in font [lmroman10-regular]:mapping=t
ex-text;!
Missing character: There is no 性 (U+6027) in font [lmroman10-regular]:mapping=t
ex-text;!
Missing character: There is no 能 (U+80FD) in font [lmroman10-regular]:mapping=t
ex-text;!
Missing character: There is no ， (U+FF0C) in font [lmroman10-regular]:mapping=t
ex-text;!
Missing character: There is no 作 (U+4F5C) in font [lmroman10-regular]:mapping=t
ex-text;!
Missing character: There is no 者 (U+8005) in font [lmroman10-regular]:mapping=t
ex-text;!
Missing character: There is no 针 (U+9488) in font [lmroman10-regular]:mapping=t
ex-text;!
Missing character: There is no 对 (U+5BF9) in font [lmroman10-regular]:mapping=t
ex-text;!
Missing character: There is no 个 (U+4E2A) in font [lmroman10-regular]:mapping=t
ex-text;!
Missing character: There is no 不 (U+4E0D) in font [lmroman10-regular]:mapping=t
ex-text;!
Missing character: There is no 同 (U+540C) in font [lmroman10-regular]:mapping=t
ex-text;!
Missing character: There is no 的 (U+7684) in font [lmroman10-regular]:mapping=t
ex-text;!
Missing character: There is no 无 (U+65E0) in font [lmroman10-regular]:mapping=t
ex-text;!
Missing character: There is no 人 (U+4EBA) in font [lmroman10-regular]:mapping=t
ex-text;!
Missing character: There is no 机 (U+673A) in font [lmroman10-regular]:mapping=t
ex-text;!
Missing character: There is no 位 (U+4F4D) in font [lmroman10-regular]:mapping=t
ex-text;!
Missing character: There is no 姿 (U+59FF) in font [lmroman10-regular]:mapping=t
ex-text;!
Missing character: There is no ， (U+FF0C) in font [lmroman10-regular]:mapping=t
ex-text;!
Missing character: There is no 在 (U+5728) in font [lmroman10-regular]:mapping=t
ex-text;!
Missing character: There is no 每 (U+6BCF) in font [lmroman10-regular]:mapping=t
ex-text;!
Missing character: There is no 个 (U+4E2A) in font [lmroman10-regular]:mapping=t
ex-text;!
Missing character: There is no 视 (U+89C6) in font [lmroman10-regular]:mapping=t
ex-text;!
Missing character: There is no 角 (U+89D2) in font [lmroman10-regular]:mapping=t
ex-text;!
Missing character: There is no 上 (U+4E0A) in font [lmroman10-regular]:mapping=t
ex-text;!
Missing character: There is no 系 (U+7CFB) in font [lmroman10-regular]:mapping=t
ex-text;!
Missing character: There is no 统 (U+7EDF) in font [lmroman10-regular]:mapping=t
ex-text;!
Missing character: There is no 性 (U+6027) in font [lmroman10-regular]:mapping=t
ex-text;!
Missing character: There is no 采 (U+91C7) in font [lmroman10-regular]:mapping=t
ex-text;!
Missing character: There is no 样 (U+6837) in font [lmroman10-regular]:mapping=t
ex-text;!
Missing character: There is no 次 (U+6B21) in font [lmroman10-regular]:mapping=t
ex-text;!
Missing character: There is no 仿 (U+4EFF) in font [lmroman10-regular]:mapping=t
ex-text;!
Missing character: There is no 真 (U+771F) in font [lmroman10-regular]:mapping=t
ex-text;!
Missing character: There is no 运 (U+8FD0) in font [lmroman10-regular]:mapping=t
ex-text;!
Missing character: There is no 行 (U+884C) in font [lmroman10-regular]:mapping=t
ex-text;!
Missing character: There is no ， (U+FF0C) in font [lmroman10-regular]:mapping=t
ex-text;!
Missing character: There is no 共 (U+5171) in font [lmroman10-regular]:mapping=t
ex-text;!
Missing character: There is no 得 (U+5F97) in font [lmroman10-regular]:mapping=t
ex-text;!
Missing character: There is no 到 (U+5230) in font [lmroman10-regular]:mapping=t
ex-text;!
Missing character: There is no 次 (U+6B21) in font [lmroman10-regular]:mapping=t
ex-text;!
Missing character: There is no 评 (U+8BC4) in font [lmroman10-regular]:mapping=t
ex-text;!
Missing character: There is no 估 (U+4F30) in font [lmroman10-regular]:mapping=t
ex-text;!
Missing character: There is no （ (U+FF08) in font [lmroman10-regular]:mapping=t
ex-text;!
Missing character: There is no 见 (U+89C1) in font [lmroman10-regular]:mapping=t
ex-text;!
Missing character: There is no 图 (U+56FE) in font [lmroman10-regular]:mapping=t
ex-text;!
Missing character: There is no ） (U+FF09) in font [lmroman10-regular]:mapping=t
ex-text;!
Missing character: There is no 。 (U+3002) in font [lmroman10-regular]:mapping=t
ex-text;!
Missing character: There is no 教 (U+6559) in font [lmroman10-regular]:mapping=t
ex-text;!
Missing character: There is no 师 (U+5E08) in font [lmroman10-regular]:mapping=t
ex-text;!
Missing character: There is no 模 (U+6A21) in font [lmroman10-regular]:mapping=t
ex-text;!
Missing character: There is no 型 (U+578B) in font [lmroman10-regular]:mapping=t
ex-text;!
Missing character: There is no 和 (U+548C) in font [lmroman10-regular]:mapping=t
ex-text;!
Missing character: There is no 学 (U+5B66) in font [lmroman10-regular]:mapping=t
ex-text;!
Missing character: There is no 生 (U+751F) in font [lmroman10-regular]:mapping=t
ex-text;!
Missing character: There is no 模 (U+6A21) in font [lmroman10-regular]:mapping=t
ex-text;!
Missing character: There is no 型 (U+578B) in font [lmroman10-regular]:mapping=t
ex-text;!
Missing character: There is no 都 (U+90FD) in font [lmroman10-regular]:mapping=t
ex-text;!
Missing character: There is no 在 (U+5728) in font [lmroman10-regular]:mapping=t
ex-text;!
Missing character: There is no 这 (U+8FD9) in font [lmroman10-regular]:mapping=t
ex-text;!
Missing character: There is no 些 (U+4E9B) in font [lmroman10-regular]:mapping=t
ex-text;!
Missing character: There is no 位 (U+4F4D) in font [lmroman10-regular]:mapping=t
ex-text;!
Missing character: There is no 姿 (U+59FF) in font [lmroman10-regular]:mapping=t
ex-text;!
Missing character: There is no 上 (U+4E0A) in font [lmroman10-regular]:mapping=t
ex-text;!
Missing character: There is no 进 (U+8FDB) in font [lmroman10-regular]:mapping=t
ex-text;!
Missing character: There is no 行 (U+884C) in font [lmroman10-regular]:mapping=t
ex-text;!
Missing character: There is no 了 (U+4E86) in font [lmroman10-regular]:mapping=t
ex-text;!
Missing character: There is no 测 (U+6D4B) in font [lmroman10-regular]:mapping=t
ex-text;!
Missing character: There is no 试 (U+8BD5) in font [lmroman10-regular]:mapping=t
ex-text;!
Missing character: There is no ， (U+FF0C) in font [lmroman10-regular]:mapping=t
ex-text;!
Missing character: There is no 并 (U+5E76) in font [lmroman10-regular]:mapping=t
ex-text;!
Missing character: There is no 且 (U+4E14) in font [lmroman10-regular]:mapping=t
ex-text;!
Missing character: There is no 每 (U+6BCF) in font [lmroman10-regular]:mapping=t
ex-text;!
Missing character: There is no 种 (U+79CD) in font [lmroman10-regular]:mapping=t
ex-text;!
Missing character: There is no 方 (U+65B9) in font [lmroman10-regular]:mapping=t
ex-text;!
Missing character: There is no 法 (U+6CD5) in font [lmroman10-regular]:mapping=t
ex-text;!
Missing character: There is no 都 (U+90FD) in font [lmroman10-regular]:mapping=t
ex-text;!
Missing character: There is no 生 (U+751F) in font [lmroman10-regular]:mapping=t
ex-text;!
Missing character: There is no 成 (U+6210) in font [lmroman10-regular]:mapping=t
ex-text;!
Missing character: There is no 了 (U+4E86) in font [lmroman10-regular]:mapping=t
ex-text;!
Missing character: There is no 相 (U+76F8) in font [lmroman10-regular]:mapping=t
ex-text;!
Missing character: There is no 同 (U+540C) in font [lmroman10-regular]:mapping=t
ex-text;!
Missing character: There is no 数 (U+6570) in font [lmroman10-regular]:mapping=t
ex-text;!
Missing character: There is no 量 (U+91CF) in font [lmroman10-regular]:mapping=t
ex-text;!
Missing character: There is no 的 (U+7684) in font [lmroman10-regular]:mapping=t
ex-text;!
Missing character: There is no 评 (U+8BC4) in font [lmroman10-regular]:mapping=t
ex-text;!
Missing character: There is no 估 (U+4F30) in font [lmroman10-regular]:mapping=t
ex-text;!
Missing character: There is no 结 (U+7ED3) in font [lmroman10-regular]:mapping=t
ex-text;!
Missing character: There is no 果 (U+679C) in font [lmroman10-regular]:mapping=t
ex-text;!
Missing character: There is no 。 (U+3002) in font [lmroman10-regular]:mapping=t
ex-text;!
File: Drone-Starting-Point.png Graphic file (type bmp)
<Drone-Starting-Point.png>
Missing character: There is no 原 (U+539F) in font [lmroman9-regular]:mapping=te
x-text;!
Missing character: There is no 论 (U+8BBA) in font [lmroman9-regular]:mapping=te
x-text;!
Missing character: There is no 文 (U+6587) in font [lmroman9-regular]:mapping=te
x-text;!
Missing character: There is no 中 (U+4E2D) in font [lmroman9-regular]:mapping=te
x-text;!
Missing character: There is no 的 (U+7684) in font [lmroman9-regular]:mapping=te
x-text;!
Missing character: There is no 飞 (U+98DE) in font [lmroman9-regular]:mapping=te
x-text;!
Missing character: There is no 行 (U+884C) in font [lmroman9-regular]:mapping=te
x-text;!
Missing character: There is no 测 (U+6D4B) in font [lmroman9-regular]:mapping=te
x-text;!
Missing character: There is no 试 (U+8BD5) in font [lmroman9-regular]:mapping=te
x-text;!
Missing character: There is no 环 (U+73AF) in font [lmroman9-regular]:mapping=te
x-text;!
Missing character: There is no 境 (U+5883) in font [lmroman9-regular]:mapping=te
x-text;!
Missing character: There is no 配 (U+914D) in font [lmroman9-regular]:mapping=te
x-text;!
Missing character: There is no 置 (U+7F6E) in font [lmroman9-regular]:mapping=te
x-text;!
Missing character: There is no 图 (U+56FE) in font [lmroman9-regular]:mapping=te
x-text;!
Missing character: There is no ， (U+FF0C) in font [lmroman9-regular]:mapping=te
x-text;!
Missing character: There is no 共 (U+5171) in font [lmroman9-regular]:mapping=te
x-text;!
Missing character: There is no 给 (U+7ED9) in font [lmroman9-regular]:mapping=te
x-text;!
Missing character: There is no 出 (U+51FA) in font [lmroman9-regular]:mapping=te
x-text;!
Missing character: There is no 了 (U+4E86) in font [lmroman9-regular]:mapping=te
x-text;!
Missing character: There is no 目 (U+76EE) in font [lmroman9-regular]:mapping=te
x-text;!
Missing character: There is no 标 (U+6807) in font [lmroman9-regular]:mapping=te
x-text;!
Missing character: There is no 车 (U+8F66) in font [lmroman9-regular]:mapping=te
x-text;!
Missing character: There is no 周 (U+5468) in font [lmroman9-regular]:mapping=te
x-text;!
Missing character: There is no 围 (U+56F4) in font [lmroman9-regular]:mapping=te
x-text;!
Missing character: There is no 的 (U+7684) in font [lmroman9-regular]:mapping=te
x-text;!
Missing character: There is no 个 (U+4E2A) in font [lmroman9-regular]:mapping=te
x-text;!
Missing character: There is no 起 (U+8D77) in font [lmroman9-regular]:mapping=te
x-text;!
Missing character: There is no 始 (U+59CB) in font [lmroman9-regular]:mapping=te
x-text;!
Missing character: There is no 位 (U+4F4D) in font [lmroman9-regular]:mapping=te
x-text;!
Missing character: There is no 姿 (U+59FF) in font [lmroman9-regular]:mapping=te
x-text;!
Missing character: There is no 。 (U+3002) in font [lmroman9-regular]:mapping=te
x-text;!
Missing character: There is no 无 (U+65E0) in font [lmroman9-regular]:mapping=te
x-text;!
Missing character: There is no 人 (U+4EBA) in font [lmroman9-regular]:mapping=te
x-text;!
Missing character: There is no 机 (U+673A) in font [lmroman9-regular]:mapping=te
x-text;!
Missing character: There is no 必 (U+5FC5) in font [lmroman9-regular]:mapping=te
x-text;!
Missing character: There is no 须 (U+987B) in font [lmroman9-regular]:mapping=te
x-text;!
Missing character: There is no 从 (U+4ECE) in font [lmroman9-regular]:mapping=te
x-text;!
Missing character: There is no 每 (U+6BCF) in font [lmroman9-regular]:mapping=te
x-text;!
Missing character: There is no 个 (U+4E2A) in font [lmroman9-regular]:mapping=te
x-text;!
Missing character: There is no 起 (U+8D77) in font [lmroman9-regular]:mapping=te
x-text;!
Missing character: There is no 始 (U+59CB) in font [lmroman9-regular]:mapping=te
x-text;!
Missing character: There is no 位 (U+4F4D) in font [lmroman9-regular]:mapping=te
x-text;!
Missing character: There is no 姿 (U+59FF) in font [lmroman9-regular]:mapping=te
x-text;!
Missing character: There is no 出 (U+51FA) in font [lmroman9-regular]:mapping=te
x-text;!
Missing character: There is no 发 (U+53D1) in font [lmroman9-regular]:mapping=te
x-text;!
Missing character: There is no ， (U+FF0C) in font [lmroman9-regular]:mapping=te
x-text;!
Missing character: There is no 到 (U+5230) in font [lmroman9-regular]:mapping=te
x-text;!
Missing character: There is no 达 (U+8FBE) in font [lmroman9-regular]:mapping=te
x-text;!
Missing character: There is no 车 (U+8F66) in font [lmroman9-regular]:mapping=te
x-text;!
Missing character: There is no 辆 (U+8F86) in font [lmroman9-regular]:mapping=te
x-text;!
Missing character: There is no 正 (U+6B63) in font [lmroman9-regular]:mapping=te
x-text;!
Missing character: There is no 后 (U+540E) in font [lmroman9-regular]:mapping=te
x-text;!
Missing character: There is no 方 (U+65B9) in font [lmroman9-regular]:mapping=te
x-text;!
Missing character: There is no 的 (U+7684) in font [lmroman9-regular]:mapping=te
x-text;!
Missing character: There is no 目 (U+76EE) in font [lmroman9-regular]:mapping=te
x-text;!
Missing character: There is no 标 (U+6807) in font [lmroman9-regular]:mapping=te
x-text;!
Missing character: There is no 位 (U+4F4D) in font [lmroman9-regular]:mapping=te
x-text;!
Missing character: There is no 姿 (U+59FF) in font [lmroman9-regular]:mapping=te
x-text;!
Missing character: There is no ， (U+FF0C) in font [lmroman9-regular]:mapping=te
x-text;!
Missing character: There is no 同 (U+540C) in font [lmroman9-regular]:mapping=te
x-text;!
Missing character: There is no 时 (U+65F6) in font [lmroman9-regular]:mapping=te
x-text;!
Missing character: There is no 保 (U+4FDD) in font [lmroman9-regular]:mapping=te
x-text;!
Missing character: There is no 持 (U+6301) in font [lmroman9-regular]:mapping=te
x-text;!
Missing character: There is no 目 (U+76EE) in font [lmroman9-regular]:mapping=te
x-text;!
Missing character: There is no 标 (U+6807) in font [lmroman9-regular]:mapping=te
x-text;!
Missing character: There is no 车 (U+8F66) in font [lmroman9-regular]:mapping=te
x-text;!
Missing character: There is no 始 (U+59CB) in font [lmroman9-regular]:mapping=te
x-text;!
Missing character: There is no 终 (U+7EC8) in font [lmroman9-regular]:mapping=te
x-text;!
Missing character: There is no 在 (U+5728) in font [lmroman9-regular]:mapping=te
x-text;!
Missing character: There is no 摄 (U+6444) in font [lmroman9-regular]:mapping=te
x-text;!
Missing character: There is no 像 (U+50CF) in font [lmroman9-regular]:mapping=te
x-text;!
Missing character: There is no 头 (U+5934) in font [lmroman9-regular]:mapping=te
x-text;!
Missing character: There is no 视 (U+89C6) in font [lmroman9-regular]:mapping=te
x-text;!
Missing character: There is no 野 (U+91CE) in font [lmroman9-regular]:mapping=te
x-text;!
Missing character: There is no 内 (U+5185) in font [lmroman9-regular]:mapping=te
x-text;!
Missing character: There is no 。 (U+3002) in font [lmroman9-regular]:mapping=te
x-text;!
Missing character: There is no 左 (U+5DE6) in font [lmroman9-regular]:mapping=te
x-text;!
Missing character: There is no 上 (U+4E0A) in font [lmroman9-regular]:mapping=te
x-text;!
Missing character: There is no 、 (U+3001) in font [lmroman9-regular]:mapping=te
x-text;!
Missing character: There is no 右 (U+53F3) in font [lmroman9-regular]:mapping=te
x-text;!
Missing character: There is no 上 (U+4E0A) in font [lmroman9-regular]:mapping=te
x-text;!
Missing character: There is no 、 (U+3001) in font [lmroman9-regular]:mapping=te
x-text;!
Missing character: There is no 左 (U+5DE6) in font [lmroman9-regular]:mapping=te
x-text;!
Missing character: There is no 下 (U+4E0B) in font [lmroman9-regular]:mapping=te
x-text;!
Missing character: There is no 和 (U+548C) in font [lmroman9-regular]:mapping=te
x-text;!
Missing character: There is no 右 (U+53F3) in font [lmroman9-regular]:mapping=te
x-text;!
Missing character: There is no 下 (U+4E0B) in font [lmroman9-regular]:mapping=te
x-text;!
Missing character: There is no 四 (U+56DB) in font [lmroman9-regular]:mapping=te
x-text;!
Missing character: There is no 个 (U+4E2A) in font [lmroman9-regular]:mapping=te
x-text;!
Missing character: There is no 位 (U+4F4D) in font [lmroman9-regular]:mapping=te
x-text;!
Missing character: There is no 姿 (U+59FF) in font [lmroman9-regular]:mapping=te
x-text;!
Missing character: There is no 相 (U+76F8) in font [lmroman9-regular]:mapping=te
x-text;!
Missing character: There is no 对 (U+5BF9) in font [lmroman9-regular]:mapping=te
x-text;!
Missing character: There is no 于 (U+4E8E) in font [lmroman9-regular]:mapping=te
x-text;!
Missing character: There is no 车 (U+8F66) in font [lmroman9-regular]:mapping=te
x-text;!
Missing character: There is no 辆 (U+8F86) in font [lmroman9-regular]:mapping=te
x-text;!
Missing character: There is no 为 (U+4E3A) in font [lmroman9-regular]:mapping=te
x-text;!
Missing character: There is no ， (U+FF0C) in font [lmroman9-regular]:mapping=te
x-text;!
Missing character: There is no 而 (U+800C) in font [lmroman9-regular]:mapping=te
x-text;!
Missing character: There is no 左 (U+5DE6) in font [lmroman9-regular]:mapping=te
x-text;!
Missing character: There is no 前 (U+524D) in font [lmroman9-regular]:mapping=te
x-text;!
Missing character: There is no 和 (U+548C) in font [lmroman9-regular]:mapping=te
x-text;!
Missing character: There is no 右 (U+53F3) in font [lmroman9-regular]:mapping=te
x-text;!
Missing character: There is no 前 (U+524D) in font [lmroman9-regular]:mapping=te
x-text;!
Missing character: There is no 位 (U+4F4D) in font [lmroman9-regular]:mapping=te
x-text;!
Missing character: There is no 姿 (U+59FF) in font [lmroman9-regular]:mapping=te
x-text;!
Missing character: There is no 约 (U+7EA6) in font [lmroman9-regular]:mapping=te
x-text;!
Missing character: There is no 为 (U+4E3A) in font [lmroman9-regular]:mapping=te
x-text;!
Missing character: There is no 。 (U+3002) in font [lmroman9-regular]:mapping=te
x-text;!
Missing character: There is no 原 (U+539F) in font [lmroman9-regular]:mapping=te
x-text;!
Missing character: There is no 论 (U+8BBA) in font [lmroman9-regular]:mapping=te
x-text;!
Missing character: There is no 文 (U+6587) in font [lmroman9-regular]:mapping=te
x-text;!
Missing character: There is no 中 (U+4E2D) in font [lmroman9-regular]:mapping=te
x-text;!
Missing character: There is no 的 (U+7684) in font [lmroman9-regular]:mapping=te
x-text;!
Missing character: There is no 飞 (U+98DE) in font [lmroman9-regular]:mapping=te
x-text;!
Missing character: There is no 行 (U+884C) in font [lmroman9-regular]:mapping=te
x-text;!
Missing character: There is no 测 (U+6D4B) in font [lmroman9-regular]:mapping=te
x-text;!
Missing character: There is no 试 (U+8BD5) in font [lmroman9-regular]:mapping=te
x-text;!
Missing character: There is no 环 (U+73AF) in font [lmroman9-regular]:mapping=te
x-text;!
Missing character: There is no 境 (U+5883) in font [lmroman9-regular]:mapping=te
x-text;!
Missing character: There is no 配 (U+914D) in font [lmroman9-regular]:mapping=te
x-text;!
Missing character: There is no 置 (U+7F6E) in font [lmroman9-regular]:mapping=te
x-text;!
Missing character: There is no 图 (U+56FE) in font [lmroman9-regular]:mapping=te
x-text;!
Missing character: There is no ， (U+FF0C) in font [lmroman9-regular]:mapping=te
x-text;!
Missing character: There is no 共 (U+5171) in font [lmroman9-regular]:mapping=te
x-text;!
Missing character: There is no 给 (U+7ED9) in font [lmroman9-regular]:mapping=te
x-text;!
Missing character: There is no 出 (U+51FA) in font [lmroman9-regular]:mapping=te
x-text;!
Missing character: There is no 了 (U+4E86) in font [lmroman9-regular]:mapping=te
x-text;!
Missing character: There is no 目 (U+76EE) in font [lmroman9-regular]:mapping=te
x-text;!
Missing character: There is no 标 (U+6807) in font [lmroman9-regular]:mapping=te
x-text;!
Missing character: There is no 车 (U+8F66) in font [lmroman9-regular]:mapping=te
x-text;!
Missing character: There is no 周 (U+5468) in font [lmroman9-regular]:mapping=te
x-text;!
Missing character: There is no 围 (U+56F4) in font [lmroman9-regular]:mapping=te
x-text;!
Missing character: There is no 的 (U+7684) in font [lmroman9-regular]:mapping=te
x-text;!
Missing character: There is no 个 (U+4E2A) in font [lmroman9-regular]:mapping=te
x-text;!
Missing character: There is no 起 (U+8D77) in font [lmroman9-regular]:mapping=te
x-text;!
Missing character: There is no 始 (U+59CB) in font [lmroman9-regular]:mapping=te
x-text;!
Missing character: There is no 位 (U+4F4D) in font [lmroman9-regular]:mapping=te
x-text;!
Missing character: There is no 姿 (U+59FF) in font [lmroman9-regular]:mapping=te
x-text;!
Missing character: There is no 。 (U+3002) in font [lmroman9-regular]:mapping=te
x-text;!
Missing character: There is no 无 (U+65E0) in font [lmroman9-regular]:mapping=te
x-text;!
Missing character: There is no 人 (U+4EBA) in font [lmroman9-regular]:mapping=te
x-text;!
Missing character: There is no 机 (U+673A) in font [lmroman9-regular]:mapping=te
x-text;!
Missing character: There is no 必 (U+5FC5) in font [lmroman9-regular]:mapping=te
x-text;!
Missing character: There is no 须 (U+987B) in font [lmroman9-regular]:mapping=te
x-text;!
Missing character: There is no 从 (U+4ECE) in font [lmroman9-regular]:mapping=te
x-text;!
Missing character: There is no 每 (U+6BCF) in font [lmroman9-regular]:mapping=te
x-text;!
Missing character: There is no 个 (U+4E2A) in font [lmroman9-regular]:mapping=te
x-text;!
Missing character: There is no 起 (U+8D77) in font [lmroman9-regular]:mapping=te
x-text;!
Missing character: There is no 始 (U+59CB) in font [lmroman9-regular]:mapping=te
x-text;!
Missing character: There is no 位 (U+4F4D) in font [lmroman9-regular]:mapping=te
x-text;!
Missing character: There is no 姿 (U+59FF) in font [lmroman9-regular]:mapping=te
x-text;!
Missing character: There is no 出 (U+51FA) in font [lmroman9-regular]:mapping=te
x-text;!
Missing character: There is no 发 (U+53D1) in font [lmroman9-regular]:mapping=te
x-text;!
Missing character: There is no ， (U+FF0C) in font [lmroman9-regular]:mapping=te
x-text;!
Missing character: There is no 到 (U+5230) in font [lmroman9-regular]:mapping=te
x-text;!
Missing character: There is no 达 (U+8FBE) in font [lmroman9-regular]:mapping=te
x-text;!
Missing character: There is no 车 (U+8F66) in font [lmroman9-regular]:mapping=te
x-text;!
Missing character: There is no 辆 (U+8F86) in font [lmroman9-regular]:mapping=te
x-text;!
Missing character: There is no 正 (U+6B63) in font [lmroman9-regular]:mapping=te
x-text;!
Missing character: There is no 后 (U+540E) in font [lmroman9-regular]:mapping=te
x-text;!
Missing character: There is no 方 (U+65B9) in font [lmroman9-regular]:mapping=te
x-text;!
Missing character: There is no 的 (U+7684) in font [lmroman9-regular]:mapping=te
x-text;!
Missing character: There is no 目 (U+76EE) in font [lmroman9-regular]:mapping=te
x-text;!
Missing character: There is no 标 (U+6807) in font [lmroman9-regular]:mapping=te
x-text;!
Missing character: There is no 位 (U+4F4D) in font [lmroman9-regular]:mapping=te
x-text;!
Missing character: There is no 姿 (U+59FF) in font [lmroman9-regular]:mapping=te
x-text;!
Missing character: There is no ， (U+FF0C) in font [lmroman9-regular]:mapping=te
x-text;!
Missing character: There is no 同 (U+540C) in font [lmroman9-regular]:mapping=te
x-text;!
Missing character: There is no 时 (U+65F6) in font [lmroman9-regular]:mapping=te
x-text;!
Missing character: There is no 保 (U+4FDD) in font [lmroman9-regular]:mapping=te
x-text;!
Missing character: There is no 持 (U+6301) in font [lmroman9-regular]:mapping=te
x-text;!
Missing character: There is no 目 (U+76EE) in font [lmroman9-regular]:mapping=te
x-text;!
Missing character: There is no 标 (U+6807) in font [lmroman9-regular]:mapping=te
x-text;!
Missing character: There is no 车 (U+8F66) in font [lmroman9-regular]:mapping=te
x-text;!
Missing character: There is no 始 (U+59CB) in font [lmroman9-regular]:mapping=te
x-text;!
Missing character: There is no 终 (U+7EC8) in font [lmroman9-regular]:mapping=te
x-text;!
Missing character: There is no 在 (U+5728) in font [lmroman9-regular]:mapping=te
x-text;!
Missing character: There is no 摄 (U+6444) in font [lmroman9-regular]:mapping=te
x-text;!
Missing character: There is no 像 (U+50CF) in font [lmroman9-regular]:mapping=te
x-text;!
Missing character: There is no 头 (U+5934) in font [lmroman9-regular]:mapping=te
x-text;!
Missing character: There is no 视 (U+89C6) in font [lmroman9-regular]:mapping=te
x-text;!
Missing character: There is no 野 (U+91CE) in font [lmroman9-regular]:mapping=te
x-text;!
Missing character: There is no 内 (U+5185) in font [lmroman9-regular]:mapping=te
x-text;!
Missing character: There is no 。 (U+3002) in font [lmroman9-regular]:mapping=te
x-text;!
Missing character: There is no 左 (U+5DE6) in font [lmroman9-regular]:mapping=te
x-text;!
Missing character: There is no 上 (U+4E0A) in font [lmroman9-regular]:mapping=te
x-text;!
Missing character: There is no 、 (U+3001) in font [lmroman9-regular]:mapping=te
x-text;!
Missing character: There is no 右 (U+53F3) in font [lmroman9-regular]:mapping=te
x-text;!
Missing character: There is no 上 (U+4E0A) in font [lmroman9-regular]:mapping=te
x-text;!
Missing character: There is no 、 (U+3001) in font [lmroman9-regular]:mapping=te
x-text;!
Missing character: There is no 左 (U+5DE6) in font [lmroman9-regular]:mapping=te
x-text;!
Missing character: There is no 下 (U+4E0B) in font [lmroman9-regular]:mapping=te
x-text;!
Missing character: There is no 和 (U+548C) in font [lmroman9-regular]:mapping=te
x-text;!
Missing character: There is no 右 (U+53F3) in font [lmroman9-regular]:mapping=te
x-text;!
Missing character: There is no 下 (U+4E0B) in font [lmroman9-regular]:mapping=te
x-text;!
Missing character: There is no 四 (U+56DB) in font [lmroman9-regular]:mapping=te
x-text;!
Missing character: There is no 个 (U+4E2A) in font [lmroman9-regular]:mapping=te
x-text;!
Missing character: There is no 位 (U+4F4D) in font [lmroman9-regular]:mapping=te
x-text;!
Missing character: There is no 姿 (U+59FF) in font [lmroman9-regular]:mapping=te
x-text;!
Missing character: There is no 相 (U+76F8) in font [lmroman9-regular]:mapping=te
x-text;!
Missing character: There is no 对 (U+5BF9) in font [lmroman9-regular]:mapping=te
x-text;!
Missing character: There is no 于 (U+4E8E) in font [lmroman9-regular]:mapping=te
x-text;!
Missing character: There is no 车 (U+8F66) in font [lmroman9-regular]:mapping=te
x-text;!
Missing character: There is no 辆 (U+8F86) in font [lmroman9-regular]:mapping=te
x-text;!
Missing character: There is no 为 (U+4E3A) in font [lmroman9-regular]:mapping=te
x-text;!
Missing character: There is no ， (U+FF0C) in font [lmroman9-regular]:mapping=te
x-text;!
Missing character: There is no 而 (U+800C) in font [lmroman9-regular]:mapping=te
x-text;!
Missing character: There is no 左 (U+5DE6) in font [lmroman9-regular]:mapping=te
x-text;!
Missing character: There is no 前 (U+524D) in font [lmroman9-regular]:mapping=te
x-text;!
Missing character: There is no 和 (U+548C) in font [lmroman9-regular]:mapping=te
x-text;!
Missing character: There is no 右 (U+53F3) in font [lmroman9-regular]:mapping=te
x-text;!
Missing character: There is no 前 (U+524D) in font [lmroman9-regular]:mapping=te
x-text;!
Missing character: There is no 位 (U+4F4D) in font [lmroman9-regular]:mapping=te
x-text;!
Missing character: There is no 姿 (U+59FF) in font [lmroman9-regular]:mapping=te
x-text;!
Missing character: There is no 约 (U+7EA6) in font [lmroman9-regular]:mapping=te
x-text;!
Missing character: There is no 为 (U+4E3A) in font [lmroman9-regular]:mapping=te
x-text;!
Missing character: There is no 。 (U+3002) in font [lmroman9-regular]:mapping=te
x-text;!
Missing character: There is no 学 (U+5B66) in font [lmroman10-regular]:mapping=t
ex-text;!
Missing character: There is no 生 (U+751F) in font [lmroman10-regular]:mapping=t
ex-text;!
Missing character: There is no 模 (U+6A21) in font [lmroman10-regular]:mapping=t
ex-text;!
Missing character: There is no 型 (U+578B) in font [lmroman10-regular]:mapping=t
ex-text;!
Missing character: There is no 仅 (U+4EC5) in font [lmroman10-regular]:mapping=t
ex-text;!
Missing character: There is no 在 (U+5728) in font [lmroman10-regular]:mapping=t
ex-text;!
Missing character: There is no 上 (U+4E0A) in font [lmroman10-regular]:mapping=t
ex-text;!
Missing character: There is no 述 (U+8FF0) in font [lmroman10-regular]:mapping=t
ex-text;!
Missing character: There is no 每 (U+6BCF) in font [lmroman10-regular]:mapping=t
ex-text;!
Missing character: There is no 个 (U+4E2A) in font [lmroman10-regular]:mapping=t
ex-text;!
Missing character: There is no 无 (U+65E0) in font [lmroman10-regular]:mapping=t
ex-text;!
Missing character: There is no 人 (U+4EBA) in font [lmroman10-regular]:mapping=t
ex-text;!
Missing character: There is no 机 (U+673A) in font [lmroman10-regular]:mapping=t
ex-text;!
Missing character: There is no 位 (U+4F4D) in font [lmroman10-regular]:mapping=t
ex-text;!
Missing character: There is no 姿 (U+59FF) in font [lmroman10-regular]:mapping=t
ex-text;!
Missing character: There is no 上 (U+4E0A) in font [lmroman10-regular]:mapping=t
ex-text;!
Missing character: There is no 使 (U+4F7F) in font [lmroman10-regular]:mapping=t
ex-text;!
Missing character: There is no 用 (U+7528) in font [lmroman10-regular]:mapping=t
ex-text;!
Missing character: There is no 次 (U+6B21) in font [lmroman10-regular]:mapping=t
ex-text;!
Missing character: There is no 仿 (U+4EFF) in font [lmroman10-regular]:mapping=t
ex-text;!
Missing character: There is no 真 (U+771F) in font [lmroman10-regular]:mapping=t
ex-text;!
Missing character: There is no 运 (U+8FD0) in font [lmroman10-regular]:mapping=t
ex-text;!
Missing character: There is no 行 (U+884C) in font [lmroman10-regular]:mapping=t
ex-text;!
Missing character: There is no 进 (U+8FDB) in font [lmroman10-regular]:mapping=t
ex-text;!
Missing character: There is no 行 (U+884C) in font [lmroman10-regular]:mapping=t
ex-text;!
Missing character: There is no 训 (U+8BAD) in font [lmroman10-regular]:mapping=t
ex-text;!
Missing character: There is no 练 (U+7EC3) in font [lmroman10-regular]:mapping=t
ex-text;!
Missing character: There is no ， (U+FF0C) in font [lmroman10-regular]:mapping=t
ex-text;!
Missing character: There is no 共 (U+5171) in font [lmroman10-regular]:mapping=t
ex-text;!
Missing character: There is no 计 (U+8BA1) in font [lmroman10-regular]:mapping=t
ex-text;!
Missing character: There is no 个 (U+4E2A) in font [lmroman10-regular]:mapping=t
ex-text;!
Missing character: There is no 训 (U+8BAD) in font [lmroman10-regular]:mapping=t
ex-text;!
Missing character: There is no 练 (U+7EC3) in font [lmroman10-regular]:mapping=t
ex-text;!
Missing character: There is no 样 (U+6837) in font [lmroman10-regular]:mapping=t
ex-text;!
Missing character: There is no 本 (U+672C) in font [lmroman10-regular]:mapping=t
ex-text;!
Missing character: There is no （ (U+FF08) in font [lmroman10-regular]:mapping=t
ex-text;!
Missing character: There is no 帧 (U+5E27) in font [lmroman10-regular]:mapping=t
ex-text;!
Missing character: There is no ） (U+FF09) in font [lmroman10-regular]:mapping=t
ex-text;!
Missing character: There is no 。 (U+3002) in font [lmroman10-regular]:mapping=t
ex-text;!
Missing character: There is no 训 (U+8BAD) in font [lmroman10-regular]:mapping=t
ex-text;!
Missing character: There is no 练 (U+7EC3) in font [lmroman10-regular]:mapping=t
ex-text;!
Missing character: There is no 过 (U+8FC7) in font [lmroman10-regular]:mapping=t
ex-text;!
Missing character: There is no 程 (U+7A0B) in font [lmroman10-regular]:mapping=t
ex-text;!
Missing character: There is no 中 (U+4E2D) in font [lmroman10-regular]:mapping=t
ex-text;!
Missing character: There is no 使 (U+4F7F) in font [lmroman10-regular]:mapping=t
ex-text;!
Missing character: There is no 用 (U+7528) in font [lmroman10-regular]:mapping=t
ex-text;!
Missing character: There is no 倍 (U+500D) in font [lmroman10-regular]:mapping=t
ex-text;!
Missing character: There is no 数 (U+6570) in font [lmroman10-regular]:mapping=t
ex-text;!
Missing character: There is no 据 (U+636E) in font [lmroman10-regular]:mapping=t
ex-text;!
Missing character: There is no 扩 (U+6269) in font [lmroman10-regular]:mapping=t
ex-text;!
Missing character: There is no 增 (U+589E) in font [lmroman10-regular]:mapping=t
ex-text;!
Missing character: There is no 策 (U+7B56) in font [lmroman10-regular]:mapping=t
ex-text;!
Missing character: There is no 略 (U+7565) in font [lmroman10-regular]:mapping=t
ex-text;!
Missing character: There is no （ (U+FF08) in font [lmroman10-regular]:mapping=t
ex-text;!
Missing character: There is no 组 (U+7EC4) in font [lmroman10-regular]:mapping=t
ex-text;!
Missing character: There is no 增 (U+589E) in font [lmroman10-regular]:mapping=t
ex-text;!
Missing character: There is no 强 (U+5F3A) in font [lmroman10-regular]:mapping=t
ex-text;!
Missing character: There is no 数 (U+6570) in font [lmroman10-regular]:mapping=t
ex-text;!
Missing character: There is no 据 (U+636E) in font [lmroman10-regular]:mapping=t
ex-text;!
Missing character: There is no 组 (U+7EC4) in font [lmroman10-regular]:mapping=t
ex-text;!
Missing character: There is no 原 (U+539F) in font [lmroman10-regular]:mapping=t
ex-text;!
Missing character: There is no 始 (U+59CB) in font [lmroman10-regular]:mapping=t
ex-text;!
Missing character: There is no 数 (U+6570) in font [lmroman10-regular]:mapping=t
ex-text;!
Missing character: There is no 据 (U+636E) in font [lmroman10-regular]:mapping=t
ex-text;!
Missing character: There is no ） (U+FF09) in font [lmroman10-regular]:mapping=t
ex-text;!
Missing character: There is no ， (U+FF0C) in font [lmroman10-regular]:mapping=t
ex-text;!
Missing character: There is no 在 (U+5728) in font [lmroman10-regular]:mapping=t
ex-text;!
Missing character: There is no 每 (U+6BCF) in font [lmroman10-regular]:mapping=t
ex-text;!
Missing character: There is no 个 (U+4E2A) in font [lmroman10-regular]:mapping=t
ex-text;!
Missing character: There is no 中 (U+4E2D) in font [lmroman10-regular]:mapping=t
ex-text;!
Missing character: There is no 通 (U+901A) in font [lmroman10-regular]:mapping=t
ex-text;!
Missing character: There is no 过 (U+8FC7) in font [lmroman10-regular]:mapping=t
ex-text;!
Missing character: There is no 随 (U+968F) in font [lmroman10-regular]:mapping=t
ex-text;!
Missing character: There is no 机 (U+673A) in font [lmroman10-regular]:mapping=t
ex-text;!
Missing character: There is no 饱 (U+9971) in font [lmroman10-regular]:mapping=t
ex-text;!
Missing character: There is no 和 (U+548C) in font [lmroman10-regular]:mapping=t
ex-text;!
Missing character: There is no 度 (U+5EA6) in font [lmroman10-regular]:mapping=t
ex-text;!
Missing character: There is no 、 (U+3001) in font [lmroman10-regular]:mapping=t
ex-text;!
Missing character: There is no 亮 (U+4EAE) in font [lmroman10-regular]:mapping=t
ex-text;!
Missing character: There is no 度 (U+5EA6) in font [lmroman10-regular]:mapping=t
ex-text;!
Missing character: There is no 偏 (U+504F) in font [lmroman10-regular]:mapping=t
ex-text;!
Missing character: There is no 移 (U+79FB) in font [lmroman10-regular]:mapping=t
ex-text;!
Missing character: There is no 和 (U+548C) in font [lmroman10-regular]:mapping=t
ex-text;!
Missing character: There is no 椒 (U+6912) in font [lmroman10-regular]:mapping=t
ex-text;!
Missing character: There is no 盐 (U+76D0) in font [lmroman10-regular]:mapping=t
ex-text;!
Missing character: There is no 噪 (U+566A) in font [lmroman10-regular]:mapping=t
ex-text;!
Missing character: There is no 声 (U+58F0) in font [lmroman10-regular]:mapping=t
ex-text;!
Missing character: There is no 制 (U+5236) in font [lmroman10-regular]:mapping=t
ex-text;!
Missing character: There is no 造 (U+9020) in font [lmroman10-regular]:mapping=t
ex-text;!
Missing character: There is no 合 (U+5408) in font [lmroman10-regular]:mapping=t
ex-text;!
Missing character: There is no 成 (U+6210) in font [lmroman10-regular]:mapping=t
ex-text;!
Missing character: There is no 多 (U+591A) in font [lmroman10-regular]:mapping=t
ex-text;!
Missing character: There is no 样 (U+6837) in font [lmroman10-regular]:mapping=t
ex-text;!
Missing character: There is no 性 (U+6027) in font [lmroman10-regular]:mapping=t
ex-text;!
Missing character: There is no ， (U+FF0C) in font [lmroman10-regular]:mapping=t
ex-text;!
Missing character: There is no 同 (U+540C) in font [lmroman10-regular]:mapping=t
ex-text;!
Missing character: There is no 时 (U+65F6) in font [lmroman10-regular]:mapping=t
ex-text;!
Missing character: There is no 保 (U+4FDD) in font [lmroman10-regular]:mapping=t
ex-text;!
Missing character: There is no 留 (U+7559) in font [lmroman10-regular]:mapping=t
ex-text;!
Missing character: There is no 一 (U+4E00) in font [lmroman10-regular]:mapping=t
ex-text;!
Missing character: There is no 组 (U+7EC4) in font [lmroman10-regular]:mapping=t
ex-text;!
Missing character: There is no 原 (U+539F) in font [lmroman10-regular]:mapping=t
ex-text;!
Missing character: There is no 始 (U+59CB) in font [lmroman10-regular]:mapping=t
ex-text;!
Missing character: There is no 帧 (U+5E27) in font [lmroman10-regular]:mapping=t
ex-text;!
Missing character: There is no 。 (U+3002) in font [lmroman10-regular]:mapping=t
ex-text;!
Missing character: There is no 数 (U+6570) in font [lmroman10-regular]:mapping=t
ex-text;!
Missing character: There is no 据 (U+636E) in font [lmroman10-regular]:mapping=t
ex-text;!
Missing character: There is no 集 (U+96C6) in font [lmroman10-regular]:mapping=t
ex-text;!
Missing character: There is no 中 (U+4E2D) in font [lmroman10-regular]:mapping=t
ex-text;!
Missing character: There is no 的 (U+7684) in font [lmroman10-regular]:mapping=t
ex-text;!
Missing character: There is no 速 (U+901F) in font [lmroman10-regular]:mapping=t
ex-text;!
Missing character: There is no 度 (U+5EA6) in font [lmroman10-regular]:mapping=t
ex-text;!
Missing character: There is no 命 (U+547D) in font [lmroman10-regular]:mapping=t
ex-text;!
Missing character: There is no 令 (U+4EE4) in font [lmroman10-regular]:mapping=t
ex-text;!
Missing character: There is no 、 (U+3001) in font [lmroman10-regular]:mapping=t
ex-text;!
Missing character: There is no 和 (U+548C) in font [lmroman10-regular]:mapping=t
ex-text;!
Missing character: There is no 按 (U+6309) in font [lmroman10-regular]:mapping=t
ex-text;!
Missing character: There is no 照 (U+7167) in font [lmroman10-regular]:mapping=t
ex-text;!
Missing character: There is no 其 (U+5176) in font [lmroman10-regular]:mapping=t
ex-text;!
Missing character: There is no 分 (U+5206) in font [lmroman10-regular]:mapping=t
ex-text;!
Missing character: There is no 布 (U+5E03) in font [lmroman10-regular]:mapping=t
ex-text;!
Missing character: There is no 进 (U+8FDB) in font [lmroman10-regular]:mapping=t
ex-text;!
Missing character: There is no 行 (U+884C) in font [lmroman10-regular]:mapping=t
ex-text;!
Missing character: There is no 归 (U+5F52) in font [lmroman10-regular]:mapping=t
ex-text;!
Missing character: There is no 一 (U+4E00) in font [lmroman10-regular]:mapping=t
ex-text;!
Missing character: There is no 化 (U+5316) in font [lmroman10-regular]:mapping=t
ex-text;!
Missing character: There is no （ (U+FF08) in font [lmroman10-regular]:mapping=t
ex-text;!
Missing character: There is no 见 (U+89C1) in font [lmroman10-regular]:mapping=t
ex-text;!
Missing character: There is no 表 (U+8868) in font [lmroman10-regular]:mapping=t
ex-text;!
Missing character: There is no ） (U+FF09) in font [lmroman10-regular]:mapping=t
ex-text;!
Missing character: There is no ， (U+FF0C) in font [lmroman10-regular]:mapping=t
ex-text;!
Missing character: There is no 图 (U+56FE) in font [lmroman10-regular]:mapping=t
ex-text;!
Missing character: There is no 像 (U+50CF) in font [lmroman10-regular]:mapping=t
ex-text;!
Missing character: There is no 则 (U+5219) in font [lmroman10-regular]:mapping=t
ex-text;!
Missing character: There is no 统 (U+7EDF) in font [lmroman10-regular]:mapping=t
ex-text;!
Missing character: There is no 一 (U+4E00) in font [lmroman10-regular]:mapping=t
ex-text;!
Missing character: There is no 缩 (U+7F29) in font [lmroman10-regular]:mapping=t
ex-text;!
Missing character: There is no 放 (U+653E) in font [lmroman10-regular]:mapping=t
ex-text;!
Missing character: There is no 到 (U+5230) in font [lmroman10-regular]:mapping=t
ex-text;!
Missing character: There is no 像 (U+50CF) in font [lmroman10-regular]:mapping=t
ex-text;!
Missing character: There is no 素 (U+7D20) in font [lmroman10-regular]:mapping=t
ex-text;!
Missing character: There is no 。 (U+3002) in font [lmroman10-regular]:mapping=t
ex-text;!
Missing character: There is no 由 (U+7531) in font [lmroman10-regular]:mapping=t
ex-text;!
Missing character: There is no 于 (U+4E8E) in font [lmroman10-regular]:mapping=t
ex-text;!
Missing character: There is no 模 (U+6A21) in font [lmroman10-regular]:mapping=t
ex-text;!
Missing character: There is no 型 (U+578B) in font [lmroman10-regular]:mapping=t
ex-text;!
Missing character: There is no 目 (U+76EE) in font [lmroman10-regular]:mapping=t
ex-text;!
Missing character: There is no 标 (U+6807) in font [lmroman10-regular]:mapping=t
ex-text;!
Missing character: There is no 是 (U+662F) in font [lmroman10-regular]:mapping=t
ex-text;!
Missing character: There is no 输 (U+8F93) in font [lmroman10-regular]:mapping=t
ex-text;!
Missing character: There is no 出 (U+51FA) in font [lmroman10-regular]:mapping=t
ex-text;!
Missing character: There is no 速 (U+901F) in font [lmroman10-regular]:mapping=t
ex-text;!
Missing character: There is no 度 (U+5EA6) in font [lmroman10-regular]:mapping=t
ex-text;!
Missing character: There is no 命 (U+547D) in font [lmroman10-regular]:mapping=t
ex-text;!
Missing character: There is no 令 (U+4EE4) in font [lmroman10-regular]:mapping=t
ex-text;!
Missing character: There is no ， (U+FF0C) in font [lmroman10-regular]:mapping=t
ex-text;!
Missing character: There is no 因 (U+56E0) in font [lmroman10-regular]:mapping=t
ex-text;!
Missing character: There is no 此 (U+6B64) in font [lmroman10-regular]:mapping=t
ex-text;!
Missing character: There is no 这 (U+8FD9) in font [lmroman10-regular]:mapping=t
ex-text;!
Missing character: There is no 种 (U+79CD) in font [lmroman10-regular]:mapping=t
ex-text;!
Missing character: There is no 缩 (U+7F29) in font [lmroman10-regular]:mapping=t
ex-text;!
Missing character: There is no 放 (U+653E) in font [lmroman10-regular]:mapping=t
ex-text;!
Missing character: There is no 不 (U+4E0D) in font [lmroman10-regular]:mapping=t
ex-text;!
Missing character: There is no 会 (U+4F1A) in font [lmroman10-regular]:mapping=t
ex-text;!
Missing character: There is no 影 (U+5F71) in font [lmroman10-regular]:mapping=t
ex-text;!
Missing character: There is no 响 (U+54CD) in font [lmroman10-regular]:mapping=t
ex-text;!
Missing character: There is no 方 (U+65B9) in font [lmroman10-regular]:mapping=t
ex-text;!
Missing character: There is no 法 (U+6CD5) in font [lmroman10-regular]:mapping=t
ex-text;!
Missing character: There is no 性 (U+6027) in font [lmroman10-regular]:mapping=t
ex-text;!
Missing character: There is no 能 (U+80FD) in font [lmroman10-regular]:mapping=t
ex-text;!
Missing character: There is no 。 (U+3002) in font [lmroman10-regular]:mapping=t
ex-text;!
Missing character: There is no 训 (U+8BAD) in font [lmroman10-regular]:mapping=t
ex-text;!
Missing character: There is no 练 (U+7EC3) in font [lmroman10-regular]:mapping=t
ex-text;!
Missing character: There is no 使 (U+4F7F) in font [lmroman10-regular]:mapping=t
ex-text;!
Missing character: There is no 用 (U+7528) in font [lmroman10-regular]:mapping=t
ex-text;!
Missing character: There is no 优 (U+4F18) in font [lmroman10-regular]:mapping=t
ex-text;!
Missing character: There is no 化 (U+5316) in font [lmroman10-regular]:mapping=t
ex-text;!
Missing character: There is no 器 (U+5668) in font [lmroman10-regular]:mapping=t
ex-text;!
Missing character: There is no ， (U+FF0C) in font [lmroman10-regular]:mapping=t
ex-text;!
Missing character: There is no 学 (U+5B66) in font [lmroman10-regular]:mapping=t
ex-text;!
Missing character: There is no 习 (U+4E60) in font [lmroman10-regular]:mapping=t
ex-text;!
Missing character: There is no 率 (U+7387) in font [lmroman10-regular]:mapping=t
ex-text;!
Missing character: There is no 为 (U+4E3A) in font [lmroman10-regular]:mapping=t
ex-text;!
Missing character: There is no ， (U+FF0C) in font [lmroman10-regular]:mapping=t
ex-text;!
Missing character: There is no 损 (U+635F) in font [lmroman10-regular]:mapping=t
ex-text;!
Missing character: There is no 失 (U+5931) in font [lmroman10-regular]:mapping=t
ex-text;!
Missing character: There is no 函 (U+51FD) in font [lmroman10-regular]:mapping=t
ex-text;!
Missing character: There is no 数 (U+6570) in font [lmroman10-regular]:mapping=t
ex-text;!
Missing character: There is no 为 (U+4E3A) in font [lmroman10-regular]:mapping=t
ex-text;!
Missing character: There is no 均 (U+5747) in font [lmroman10-regular]:mapping=t
ex-text;!
Missing character: There is no 方 (U+65B9) in font [lmroman10-regular]:mapping=t
ex-text;!
Missing character: There is no 误 (U+8BEF) in font [lmroman10-regular]:mapping=t
ex-text;!
Missing character: There is no 差 (U+5DEE) in font [lmroman10-regular]:mapping=t
ex-text;!
Missing character: There is no 。 (U+3002) in font [lmroman10-regular]:mapping=t
ex-text;!
Missing character: There is no 验 (U+9A8C) in font [lmroman10-regular]:mapping=t
ex-text;!
Missing character: There is no 证 (U+8BC1) in font [lmroman10-regular]:mapping=t
ex-text;!
Missing character: There is no 损 (U+635F) in font [lmroman10-regular]:mapping=t
ex-text;!
Missing character: There is no 失 (U+5931) in font [lmroman10-regular]:mapping=t
ex-text;!
Missing character: There is no 采 (U+91C7) in font [lmroman10-regular]:mapping=t
ex-text;!
Missing character: There is no 用 (U+7528) in font [lmroman10-regular]:mapping=t
ex-text;!
Missing character: There is no 早 (U+65E9) in font [lmroman10-regular]:mapping=t
ex-text;!
Missing character: There is no 停 (U+505C) in font [lmroman10-regular]:mapping=t
ex-text;!
Missing character: There is no 机 (U+673A) in font [lmroman10-regular]:mapping=t
ex-text;!
Missing character: There is no 制 (U+5236) in font [lmroman10-regular]:mapping=t
ex-text;!
Missing character: There is no 监 (U+76D1) in font [lmroman10-regular]:mapping=t
ex-text;!
Missing character: There is no 控 (U+63A7) in font [lmroman10-regular]:mapping=t
ex-text;!
Missing character: There is no ， (U+FF0C) in font [lmroman10-regular]:mapping=t
ex-text;!
Missing character: There is no 耐 (U+8010) in font [lmroman10-regular]:mapping=t
ex-text;!
Missing character: There is no 心 (U+5FC3) in font [lmroman10-regular]:mapping=t
ex-text;!
Missing character: There is no 值 (U+503C) in font [lmroman10-regular]:mapping=t
ex-text;!
Missing character: There is no 为 (U+4E3A) in font [lmroman10-regular]:mapping=t
ex-text;!
Missing character: There is no ， (U+FF0C) in font [lmroman10-regular]:mapping=t
ex-text;!
Missing character: There is no 阈 (U+9608) in font [lmroman10-regular]:mapping=t
ex-text;!
Missing character: There is no 值 (U+503C) in font [lmroman10-regular]:mapping=t
ex-text;!
Missing character: There is no 为 (U+4E3A) in font [lmroman10-regular]:mapping=t
ex-text;!
Missing character: There is no 。 (U+3002) in font [lmroman10-regular]:mapping=t
ex-text;!
File: real_ibvs_evolution_over_time_commands_errors_rl_style_combined.png Graph
ic file (type bmp)
<real_ibvs_evolution_over_time_commands_errors_rl_style_combined.png>
Missing character: There is no 真 (U+771F) in font [lmroman9-regular]:mapping=te
x-text;!
Missing character: There is no 实 (U+5B9E) in font [lmroman9-regular]:mapping=te
x-text;!
Missing character: There is no 环 (U+73AF) in font [lmroman9-regular]:mapping=te
x-text;!
Missing character: There is no 境 (U+5883) in font [lmroman9-regular]:mapping=te
x-text;!
Missing character: There is no 中 (U+4E2D) in font [lmroman9-regular]:mapping=te
x-text;!
Missing character: There is no 的 (U+7684) in font [lmroman9-regular]:mapping=te
x-text;!
Missing character: There is no 解 (U+89E3) in font [lmroman9-regular]:mapping=te
x-text;!
Missing character: There is no 析 (U+6790) in font [lmroman9-regular]:mapping=te
x-text;!
Missing character: There is no 式 (U+5F0F) in font [lmroman9-regular]:mapping=te
x-text;!
Missing character: There is no 教 (U+6559) in font [lmroman9-regular]:mapping=te
x-text;!
Missing character: There is no 师 (U+5E08) in font [lmroman9-regular]:mapping=te
x-text;!
Missing character: There is no 模 (U+6A21) in font [lmroman9-regular]:mapping=te
x-text;!
Missing character: There is no 型 (U+578B) in font [lmroman9-regular]:mapping=te
x-text;!
Missing character: There is no （ (U+FF08) in font [lmroman9-regular]:mapping=te
x-text;!
Missing character: There is no ） (U+FF09) in font [lmroman9-regular]:mapping=te
x-text;!
Missing character: There is no ： (U+FF1A) in font [lmroman9-regular]:mapping=te
x-text;!
Missing character: There is no 无 (U+65E0) in font [lmroman9-regular]:mapping=te
x-text;!
Missing character: There is no 人 (U+4EBA) in font [lmroman9-regular]:mapping=te
x-text;!
Missing character: There is no 机 (U+673A) in font [lmroman9-regular]:mapping=te
x-text;!
Missing character: There is no 控 (U+63A7) in font [lmroman9-regular]:mapping=te
x-text;!
Missing character: There is no 制 (U+5236) in font [lmroman9-regular]:mapping=te
x-text;!
Missing character: There is no 命 (U+547D) in font [lmroman9-regular]:mapping=te
x-text;!
Missing character: There is no 令 (U+4EE4) in font [lmroman9-regular]:mapping=te
x-text;!
Missing character: There is no 和 (U+548C) in font [lmroman9-regular]:mapping=te
x-text;!
Missing character: There is no 跟 (U+8DDF) in font [lmroman9-regular]:mapping=te
x-text;!
Missing character: There is no 踪 (U+8E2A) in font [lmroman9-regular]:mapping=te
x-text;!
Missing character: There is no 误 (U+8BEF) in font [lmroman9-regular]:mapping=te
x-text;!
Missing character: There is no 差 (U+5DEE) in font [lmroman9-regular]:mapping=te
x-text;!
Missing character: There is no 随 (U+968F) in font [lmroman9-regular]:mapping=te
x-text;!
Missing character: There is no 飞 (U+98DE) in font [lmroman9-regular]:mapping=te
x-text;!
Missing character: There is no 行 (U+884C) in font [lmroman9-regular]:mapping=te
x-text;!
Missing character: There is no 轨 (U+8F68) in font [lmroman9-regular]:mapping=te
x-text;!
Missing character: There is no 迹 (U+8FF9) in font [lmroman9-regular]:mapping=te
x-text;!
Missing character: There is no 的 (U+7684) in font [lmroman9-regular]:mapping=te
x-text;!
Missing character: There is no 变 (U+53D8) in font [lmroman9-regular]:mapping=te
x-text;!
Missing character: There is no 化 (U+5316) in font [lmroman9-regular]:mapping=te
x-text;!
Missing character: There is no 。 (U+3002) in font [lmroman9-regular]:mapping=te
x-text;!
Missing character: There is no 真 (U+771F) in font [lmroman9-regular]:mapping=te
x-text;!
Missing character: There is no 实 (U+5B9E) in font [lmroman9-regular]:mapping=te
x-text;!
Missing character: There is no 环 (U+73AF) in font [lmroman9-regular]:mapping=te
x-text;!
Missing character: There is no 境 (U+5883) in font [lmroman9-regular]:mapping=te
x-text;!
Missing character: There is no 中 (U+4E2D) in font [lmroman9-regular]:mapping=te
x-text;!
Missing character: There is no 的 (U+7684) in font [lmroman9-regular]:mapping=te
x-text;!
Missing character: There is no 解 (U+89E3) in font [lmroman9-regular]:mapping=te
x-text;!
Missing character: There is no 析 (U+6790) in font [lmroman9-regular]:mapping=te
x-text;!
Missing character: There is no 式 (U+5F0F) in font [lmroman9-regular]:mapping=te
x-text;!
Missing character: There is no 教 (U+6559) in font [lmroman9-regular]:mapping=te
x-text;!
Missing character: There is no 师 (U+5E08) in font [lmroman9-regular]:mapping=te
x-text;!
Missing character: There is no 模 (U+6A21) in font [lmroman9-regular]:mapping=te
x-text;!
Missing character: There is no 型 (U+578B) in font [lmroman9-regular]:mapping=te
x-text;!
Missing character: There is no （ (U+FF08) in font [lmroman9-regular]:mapping=te
x-text;!
Missing character: There is no ） (U+FF09) in font [lmroman9-regular]:mapping=te
x-text;!
Missing character: There is no ： (U+FF1A) in font [lmroman9-regular]:mapping=te
x-text;!
Missing character: There is no 无 (U+65E0) in font [lmroman9-regular]:mapping=te
x-text;!
Missing character: There is no 人 (U+4EBA) in font [lmroman9-regular]:mapping=te
x-text;!
Missing character: There is no 机 (U+673A) in font [lmroman9-regular]:mapping=te
x-text;!
Missing character: There is no 控 (U+63A7) in font [lmroman9-regular]:mapping=te
x-text;!
Missing character: There is no 制 (U+5236) in font [lmroman9-regular]:mapping=te
x-text;!
Missing character: There is no 命 (U+547D) in font [lmroman9-regular]:mapping=te
x-text;!
Missing character: There is no 令 (U+4EE4) in font [lmroman9-regular]:mapping=te
x-text;!
Missing character: There is no 和 (U+548C) in font [lmroman9-regular]:mapping=te
x-text;!
Missing character: There is no 跟 (U+8DDF) in font [lmroman9-regular]:mapping=te
x-text;!
Missing character: There is no 踪 (U+8E2A) in font [lmroman9-regular]:mapping=te
x-text;!
Missing character: There is no 误 (U+8BEF) in font [lmroman9-regular]:mapping=te
x-text;!
Missing character: There is no 差 (U+5DEE) in font [lmroman9-regular]:mapping=te
x-text;!
Missing character: There is no 随 (U+968F) in font [lmroman9-regular]:mapping=te
x-text;!
Missing character: There is no 飞 (U+98DE) in font [lmroman9-regular]:mapping=te
x-text;!
Missing character: There is no 行 (U+884C) in font [lmroman9-regular]:mapping=te
x-text;!
Missing character: There is no 轨 (U+8F68) in font [lmroman9-regular]:mapping=te
x-text;!
Missing character: There is no 迹 (U+8FF9) in font [lmroman9-regular]:mapping=te
x-text;!
Missing character: There is no 的 (U+7684) in font [lmroman9-regular]:mapping=te
x-text;!
Missing character: There is no 变 (U+53D8) in font [lmroman9-regular]:mapping=te
x-text;!
Missing character: There is no 化 (U+5316) in font [lmroman9-regular]:mapping=te
x-text;!
Missing character: There is no 。 (U+3002) in font [lmroman9-regular]:mapping=te
x-text;!
File: real_student_evolution_over_time_commands_errors_rl_style_combined.png Gr
aphic file (type bmp)
<real_student_evolution_over_time_commands_errors_rl_style_combined.png>
Missing character: There is no 真 (U+771F) in font [lmroman9-regular]:mapping=te
x-text;!
Missing character: There is no 实 (U+5B9E) in font [lmroman9-regular]:mapping=te
x-text;!
Missing character: There is no 环 (U+73AF) in font [lmroman9-regular]:mapping=te
x-text;!
Missing character: There is no 境 (U+5883) in font [lmroman9-regular]:mapping=te
x-text;!
Missing character: There is no 中 (U+4E2D) in font [lmroman9-regular]:mapping=te
x-text;!
Missing character: There is no 的 (U+7684) in font [lmroman9-regular]:mapping=te
x-text;!
Missing character: There is no 小 (U+5C0F) in font [lmroman9-regular]:mapping=te
x-text;!
Missing character: There is no 型 (U+578B) in font [lmroman9-regular]:mapping=te
x-text;!
Missing character: There is no 学 (U+5B66) in font [lmroman9-regular]:mapping=te
x-text;!
Missing character: There is no 生 (U+751F) in font [lmroman9-regular]:mapping=te
x-text;!
Missing character: There is no 模 (U+6A21) in font [lmroman9-regular]:mapping=te
x-text;!
Missing character: There is no 型 (U+578B) in font [lmroman9-regular]:mapping=te
x-text;!
Missing character: There is no ： (U+FF1A) in font [lmroman9-regular]:mapping=te
x-text;!
Missing character: There is no 无 (U+65E0) in font [lmroman9-regular]:mapping=te
x-text;!
Missing character: There is no 人 (U+4EBA) in font [lmroman9-regular]:mapping=te
x-text;!
Missing character: There is no 机 (U+673A) in font [lmroman9-regular]:mapping=te
x-text;!
Missing character: There is no 控 (U+63A7) in font [lmroman9-regular]:mapping=te
x-text;!
Missing character: There is no 制 (U+5236) in font [lmroman9-regular]:mapping=te
x-text;!
Missing character: There is no 命 (U+547D) in font [lmroman9-regular]:mapping=te
x-text;!
Missing character: There is no 令 (U+4EE4) in font [lmroman9-regular]:mapping=te
x-text;!
Missing character: There is no 和 (U+548C) in font [lmroman9-regular]:mapping=te
x-text;!
Missing character: There is no 跟 (U+8DDF) in font [lmroman9-regular]:mapping=te
x-text;!
Missing character: There is no 踪 (U+8E2A) in font [lmroman9-regular]:mapping=te
x-text;!
Missing character: There is no 误 (U+8BEF) in font [lmroman9-regular]:mapping=te
x-text;!
Missing character: There is no 差 (U+5DEE) in font [lmroman9-regular]:mapping=te
x-text;!
Missing character: There is no 随 (U+968F) in font [lmroman9-regular]:mapping=te
x-text;!
Missing character: There is no 飞 (U+98DE) in font [lmroman9-regular]:mapping=te
x-text;!
Missing character: There is no 行 (U+884C) in font [lmroman9-regular]:mapping=te
x-text;!
Missing character: There is no 轨 (U+8F68) in font [lmroman9-regular]:mapping=te
x-text;!
Missing character: There is no 迹 (U+8FF9) in font [lmroman9-regular]:mapping=te
x-text;!
Missing character: There is no 的 (U+7684) in font [lmroman9-regular]:mapping=te
x-text;!
Missing character: There is no 变 (U+53D8) in font [lmroman9-regular]:mapping=te
x-text;!
Missing character: There is no 化 (U+5316) in font [lmroman9-regular]:mapping=te
x-text;!
Missing character: There is no 。 (U+3002) in font [lmroman9-regular]:mapping=te
x-text;!
Missing character: There is no 真 (U+771F) in font [lmroman9-regular]:mapping=te
x-text;!
Missing character: There is no 实 (U+5B9E) in font [lmroman9-regular]:mapping=te
x-text;!
Missing character: There is no 环 (U+73AF) in font [lmroman9-regular]:mapping=te
x-text;!
Missing character: There is no 境 (U+5883) in font [lmroman9-regular]:mapping=te
x-text;!
Missing character: There is no 中 (U+4E2D) in font [lmroman9-regular]:mapping=te
x-text;!
Missing character: There is no 的 (U+7684) in font [lmroman9-regular]:mapping=te
x-text;!
Missing character: There is no 小 (U+5C0F) in font [lmroman9-regular]:mapping=te
x-text;!
Missing character: There is no 型 (U+578B) in font [lmroman9-regular]:mapping=te
x-text;!
Missing character: There is no 学 (U+5B66) in font [lmroman9-regular]:mapping=te
x-text;!
Missing character: There is no 生 (U+751F) in font [lmroman9-regular]:mapping=te
x-text;!
Missing character: There is no 模 (U+6A21) in font [lmroman9-regular]:mapping=te
x-text;!
Missing character: There is no 型 (U+578B) in font [lmroman9-regular]:mapping=te
x-text;!
Missing character: There is no ： (U+FF1A) in font [lmroman9-regular]:mapping=te
x-text;!
Missing character: There is no 无 (U+65E0) in font [lmroman9-regular]:mapping=te
x-text;!
Missing character: There is no 人 (U+4EBA) in font [lmroman9-regular]:mapping=te
x-text;!
Missing character: There is no 机 (U+673A) in font [lmroman9-regular]:mapping=te
x-text;!
Missing character: There is no 控 (U+63A7) in font [lmroman9-regular]:mapping=te
x-text;!
Missing character: There is no 制 (U+5236) in font [lmroman9-regular]:mapping=te
x-text;!
Missing character: There is no 命 (U+547D) in font [lmroman9-regular]:mapping=te
x-text;!
Missing character: There is no 令 (U+4EE4) in font [lmroman9-regular]:mapping=te
x-text;!
Missing character: There is no 和 (U+548C) in font [lmroman9-regular]:mapping=te
x-text;!
Missing character: There is no 跟 (U+8DDF) in font [lmroman9-regular]:mapping=te
x-text;!
Missing character: There is no 踪 (U+8E2A) in font [lmroman9-regular]:mapping=te
x-text;!
Missing character: There is no 误 (U+8BEF) in font [lmroman9-regular]:mapping=te
x-text;!
Missing character: There is no 差 (U+5DEE) in font [lmroman9-regular]:mapping=te
x-text;!
Missing character: There is no 随 (U+968F) in font [lmroman9-regular]:mapping=te
x-text;!
Missing character: There is no 飞 (U+98DE) in font [lmroman9-regular]:mapping=te
x-text;!
Missing character: There is no 行 (U+884C) in font [lmroman9-regular]:mapping=te
x-text;!
Missing character: There is no 轨 (U+8F68) in font [lmroman9-regular]:mapping=te
x-text;!
Missing character: There is no 迹 (U+8FF9) in font [lmroman9-regular]:mapping=te
x-text;!
Missing character: There is no 的 (U+7684) in font [lmroman9-regular]:mapping=te
x-text;!
Missing character: There is no 变 (U+53D8) in font [lmroman9-regular]:mapping=te
x-text;!
Missing character: There is no 化 (U+5316) in font [lmroman9-regular]:mapping=te
x-text;!
Missing character: There is no 。 (U+3002) in font [lmroman9-regular]:mapping=te
x-text;!
Missing character: There is no 在 (U+5728) in font [lmroman9-regular]:mapping=te
x-text;!
Missing character: There is no 个 (U+4E2A) in font [lmroman9-regular]:mapping=te
x-text;!
Missing character: There is no 不 (U+4E0D) in font [lmroman9-regular]:mapping=te
x-text;!
Missing character: There is no 同 (U+540C) in font [lmroman9-regular]:mapping=te
x-text;!
Missing character: There is no 起 (U+8D77) in font [lmroman9-regular]:mapping=te
x-text;!
Missing character: There is no 始 (U+59CB) in font [lmroman9-regular]:mapping=te
x-text;!
Missing character: There is no 位 (U+4F4D) in font [lmroman9-regular]:mapping=te
x-text;!
Missing character: There is no 姿 (U+59FF) in font [lmroman9-regular]:mapping=te
x-text;!
Missing character: There is no 上 (U+4E0A) in font [lmroman9-regular]:mapping=te
x-text;!
Missing character: There is no 的 (U+7684) in font [lmroman9-regular]:mapping=te
x-text;!
Missing character: There is no 新 (U+65B0) in font [lmroman9-regular]:mapping=te
x-text;!
Missing character: There is no 测 (U+6D4B) in font [lmroman9-regular]:mapping=te
x-text;!
Missing character: There is no 试 (U+8BD5) in font [lmroman9-regular]:mapping=te
x-text;!
Missing character: There is no 序 (U+5E8F) in font [lmroman9-regular]:mapping=te
x-text;!
Missing character: There is no 列 (U+5217) in font [lmroman9-regular]:mapping=te
x-text;!
Missing character: There is no 中 (U+4E2D) in font [lmroman9-regular]:mapping=te
x-text;!
Missing character: There is no ， (U+FF0C) in font [lmroman9-regular]:mapping=te
x-text;!
Missing character: There is no 教 (U+6559) in font [lmroman9-regular]:mapping=te
x-text;!
Missing character: There is no 师 (U+5E08) in font [lmroman9-regular]:mapping=te
x-text;!
Missing character: There is no 模 (U+6A21) in font [lmroman9-regular]:mapping=te
x-text;!
Missing character: There is no 型 (U+578B) in font [lmroman9-regular]:mapping=te
x-text;!
Missing character: There is no （ (U+FF08) in font [lmroman9-regular]:mapping=te
x-text;!
Missing character: There is no ） (U+FF09) in font [lmroman9-regular]:mapping=te
x-text;!
Missing character: There is no 与 (U+4E0E) in font [lmroman9-regular]:mapping=te
x-text;!
Missing character: There is no 学 (U+5B66) in font [lmroman9-regular]:mapping=te
x-text;!
Missing character: There is no 生 (U+751F) in font [lmroman9-regular]:mapping=te
x-text;!
Missing character: There is no 模 (U+6A21) in font [lmroman9-regular]:mapping=te
x-text;!
Missing character: There is no 型 (U+578B) in font [lmroman9-regular]:mapping=te
x-text;!
Missing character: There is no （ (U+FF08) in font [lmroman9-regular]:mapping=te
x-text;!
Missing character: There is no 自 (U+81EA) in font [lmroman9-regular]:mapping=te
x-text;!
Missing character: There is no 监 (U+76D1) in font [lmroman9-regular]:mapping=te
x-text;!
Missing character: There is no 督 (U+7763) in font [lmroman9-regular]:mapping=te
x-text;!
Missing character: There is no 神 (U+795E) in font [lmroman9-regular]:mapping=te
x-text;!
Missing character: There is no 经 (U+7ECF) in font [lmroman9-regular]:mapping=te
x-text;!
Missing character: There is no 解 (U+89E3) in font [lmroman9-regular]:mapping=te
x-text;!
Missing character: There is no 析 (U+6790) in font [lmroman9-regular]:mapping=te
x-text;!
Missing character: There is no 模 (U+6A21) in font [lmroman9-regular]:mapping=te
x-text;!
Missing character: There is no 型 (U+578B) in font [lmroman9-regular]:mapping=te
x-text;!
Missing character: There is no ） (U+FF09) in font [lmroman9-regular]:mapping=te
x-text;!
Missing character: There is no 的 (U+7684) in font [lmroman9-regular]:mapping=te
x-text;!
Missing character: There is no 无 (U+65E0) in font [lmroman9-regular]:mapping=te
x-text;!
Missing character: There is no 人 (U+4EBA) in font [lmroman9-regular]:mapping=te
x-text;!
Missing character: There is no 机 (U+673A) in font [lmroman9-regular]:mapping=te
x-text;!
Missing character: There is no 控 (U+63A7) in font [lmroman9-regular]:mapping=te
x-text;!
Missing character: There is no 制 (U+5236) in font [lmroman9-regular]:mapping=te
x-text;!
Missing character: There is no 命 (U+547D) in font [lmroman9-regular]:mapping=te
x-text;!
Missing character: There is no 令 (U+4EE4) in font [lmroman9-regular]:mapping=te
x-text;!
Missing character: There is no 和 (U+548C) in font [lmroman9-regular]:mapping=te
x-text;!
Missing character: There is no 误 (U+8BEF) in font [lmroman9-regular]:mapping=te
x-text;!
Missing character: There is no 差 (U+5DEE) in font [lmroman9-regular]:mapping=te
x-text;!
Missing character: There is no 变 (U+53D8) in font [lmroman9-regular]:mapping=te
x-text;!
Missing character: There is no 化 (U+5316) in font [lmroman9-regular]:mapping=te
x-text;!
Missing character: There is no 对 (U+5BF9) in font [lmroman9-regular]:mapping=te
x-text;!
Missing character: There is no 比 (U+6BD4) in font [lmroman9-regular]:mapping=te
x-text;!
Missing character: There is no 。 (U+3002) in font [lmroman9-regular]:mapping=te
x-text;!
Missing character: There is no 实 (U+5B9E) in font [lmroman9-regular]:mapping=te
x-text;!
Missing character: There is no 线 (U+7EBF) in font [lmroman9-regular]:mapping=te
x-text;!
Missing character: There is no 表 (U+8868) in font [lmroman9-regular]:mapping=te
x-text;!
Missing character: There is no 示 (U+793A) in font [lmroman9-regular]:mapping=te
x-text;!
Missing character: There is no 均 (U+5747) in font [lmroman9-regular]:mapping=te
x-text;!
Missing character: There is no 值 (U+503C) in font [lmroman9-regular]:mapping=te
x-text;!
Missing character: There is no ， (U+FF0C) in font [lmroman9-regular]:mapping=te
x-text;!
Missing character: There is no 阴 (U+9634) in font [lmroman9-regular]:mapping=te
x-text;!
Missing character: There is no 影 (U+5F71) in font [lmroman9-regular]:mapping=te
x-text;!
Missing character: There is no 区 (U+533A) in font [lmroman9-regular]:mapping=te
x-text;!
Missing character: There is no 域 (U+57DF) in font [lmroman9-regular]:mapping=te
x-text;!
Missing character: There is no 表 (U+8868) in font [lmroman9-regular]:mapping=te
x-text;!
Missing character: There is no 示 (U+793A) in font [lmroman9-regular]:mapping=te
x-text;!
Missing character: There is no 不 (U+4E0D) in font [lmroman9-regular]:mapping=te
x-text;!
Missing character: There is no 同 (U+540C) in font [lmroman9-regular]:mapping=te
x-text;!
Missing character: There is no 运 (U+8FD0) in font [lmroman9-regular]:mapping=te
x-text;!
Missing character: There is no 行 (U+884C) in font [lmroman9-regular]:mapping=te
x-text;!
Missing character: There is no 之 (U+4E4B) in font [lmroman9-regular]:mapping=te
x-text;!
Missing character: There is no 间 (U+95F4) in font [lmroman9-regular]:mapping=te
x-text;!
Missing character: There is no 的 (U+7684) in font [lmroman9-regular]:mapping=te
x-text;!
Missing character: There is no 波 (U+6CE2) in font [lmroman9-regular]:mapping=te
x-text;!
Missing character: There is no 动 (U+52A8) in font [lmroman9-regular]:mapping=te
x-text;!
Missing character: There is no 范 (U+8303) in font [lmroman9-regular]:mapping=te
x-text;!
Missing character: There is no 围 (U+56F4) in font [lmroman9-regular]:mapping=te
x-text;!
Missing character: There is no 。 (U+3002) in font [lmroman9-regular]:mapping=te
x-text;!
Missing character: There is no 所 (U+6240) in font [lmroman9-regular]:mapping=te
x-text;!
Missing character: There is no 有 (U+6709) in font [lmroman9-regular]:mapping=te
x-text;!
Missing character: There is no 控 (U+63A7) in font [lmroman9-regular]:mapping=te
x-text;!
Missing character: There is no 制 (U+5236) in font [lmroman9-regular]:mapping=te
x-text;!
Missing character: There is no 命 (U+547D) in font [lmroman9-regular]:mapping=te
x-text;!
Missing character: There is no 令 (U+4EE4) in font [lmroman9-regular]:mapping=te
x-text;!
Missing character: There is no 和 (U+548C) in font [lmroman9-regular]:mapping=te
x-text;!
Missing character: There is no 误 (U+8BEF) in font [lmroman9-regular]:mapping=te
x-text;!
Missing character: There is no 差 (U+5DEE) in font [lmroman9-regular]:mapping=te
x-text;!
Missing character: There is no 都 (U+90FD) in font [lmroman9-regular]:mapping=te
x-text;!
Missing character: There is no 收 (U+6536) in font [lmroman9-regular]:mapping=te
x-text;!
Missing character: There is no 敛 (U+655B) in font [lmroman9-regular]:mapping=te
x-text;!
Missing character: There is no 到 (U+5230) in font [lmroman9-regular]:mapping=te
x-text;!
Missing character: There is no 零 (U+96F6) in font [lmroman9-regular]:mapping=te
x-text;!
Missing character: There is no 附 (U+9644) in font [lmroman9-regular]:mapping=te
x-text;!
Missing character: There is no 近 (U+8FD1) in font [lmroman9-regular]:mapping=te
x-text;!
Missing character: There is no ， (U+FF0C) in font [lmroman9-regular]:mapping=te
x-text;!
Missing character: There is no 说 (U+8BF4) in font [lmroman9-regular]:mapping=te
x-text;!
Missing character: There is no 明 (U+660E) in font [lmroman9-regular]:mapping=te
x-text;!
Missing character: There is no 系 (U+7CFB) in font [lmroman9-regular]:mapping=te
x-text;!
Missing character: There is no 统 (U+7EDF) in font [lmroman9-regular]:mapping=te
x-text;!
Missing character: There is no 能 (U+80FD) in font [lmroman9-regular]:mapping=te
x-text;!
Missing character: There is no 够 (U+591F) in font [lmroman9-regular]:mapping=te
x-text;!
Missing character: There is no 在 (U+5728) in font [lmroman9-regular]:mapping=te
x-text;!
Missing character: There is no 各 (U+5404) in font [lmroman9-regular]:mapping=te
x-text;!
Missing character: There is no 种 (U+79CD) in font [lmroman9-regular]:mapping=te
x-text;!
Missing character: There is no 初 (U+521D) in font [lmroman9-regular]:mapping=te
x-text;!
Missing character: There is no 始 (U+59CB) in font [lmroman9-regular]:mapping=te
x-text;!
Missing character: There is no 条 (U+6761) in font [lmroman9-regular]:mapping=te
x-text;!
Missing character: There is no 件 (U+4EF6) in font [lmroman9-regular]:mapping=te
x-text;!
Missing character: There is no 下 (U+4E0B) in font [lmroman9-regular]:mapping=te
x-text;!
Missing character: There is no 实 (U+5B9E) in font [lmroman9-regular]:mapping=te
x-text;!
Missing character: There is no 现 (U+73B0) in font [lmroman9-regular]:mapping=te
x-text;!
Missing character: There is no 稳 (U+7A33) in font [lmroman9-regular]:mapping=te
x-text;!
Missing character: There is no 定 (U+5B9A) in font [lmroman9-regular]:mapping=te
x-text;!
Missing character: There is no 的 (U+7684) in font [lmroman9-regular]:mapping=te
x-text;!
Missing character: There is no 轨 (U+8F68) in font [lmroman9-regular]:mapping=te
x-text;!
Missing character: There is no 迹 (U+8FF9) in font [lmroman9-regular]:mapping=te
x-text;!
Missing character: There is no 跟 (U+8DDF) in font [lmroman9-regular]:mapping=te
x-text;!
Missing character: There is no 踪 (U+8E2A) in font [lmroman9-regular]:mapping=te
x-text;!
Missing character: There is no 和 (U+548C) in font [lmroman9-regular]:mapping=te
x-text;!
Missing character: There is no 控 (U+63A7) in font [lmroman9-regular]:mapping=te
x-text;!
Missing character: There is no 制 (U+5236) in font [lmroman9-regular]:mapping=te
x-text;!
Missing character: There is no 收 (U+6536) in font [lmroman9-regular]:mapping=te
x-text;!
Missing character: There is no 敛 (U+655B) in font [lmroman9-regular]:mapping=te
x-text;!
Missing character: There is no 。 (U+3002) in font [lmroman9-regular]:mapping=te
x-text;!
Missing character: There is no 可 (U+53EF) in font [lmroman9-regular]:mapping=te
x-text;!
Missing character: There is no 以 (U+4EE5) in font [lmroman9-regular]:mapping=te
x-text;!
Missing character: There is no 看 (U+770B) in font [lmroman9-regular]:mapping=te
x-text;!
Missing character: There is no 出 (U+51FA) in font [lmroman9-regular]:mapping=te
x-text;!
Missing character: There is no ， (U+FF0C) in font [lmroman9-regular]:mapping=te
x-text;!
Missing character: There is no 复 (U+590D) in font [lmroman9-regular]:mapping=te
x-text;!
Missing character: There is no 杂 (U+6742) in font [lmroman9-regular]:mapping=te
x-text;!
Missing character: There is no 的 (U+7684) in font [lmroman9-regular]:mapping=te
x-text;!
Missing character: There is no 解 (U+89E3) in font [lmroman9-regular]:mapping=te
x-text;!
Missing character: There is no 析 (U+6790) in font [lmroman9-regular]:mapping=te
x-text;!
Missing character: There is no 式 (U+5F0F) in font [lmroman9-regular]:mapping=te
x-text;!
Missing character: There is no 教 (U+6559) in font [lmroman9-regular]:mapping=te
x-text;!
Missing character: There is no 师 (U+5E08) in font [lmroman9-regular]:mapping=te
x-text;!
Missing character: There is no 模 (U+6A21) in font [lmroman9-regular]:mapping=te
x-text;!
Missing character: There is no 型 (U+578B) in font [lmroman9-regular]:mapping=te
x-text;!
Missing character: There is no 与 (U+4E0E) in font [lmroman9-regular]:mapping=te
x-text;!
Missing character: There is no 小 (U+5C0F) in font [lmroman9-regular]:mapping=te
x-text;!
Missing character: There is no 型 (U+578B) in font [lmroman9-regular]:mapping=te
x-text;!
Missing character: There is no 学 (U+5B66) in font [lmroman9-regular]:mapping=te
x-text;!
Missing character: There is no 生 (U+751F) in font [lmroman9-regular]:mapping=te
x-text;!
Missing character: There is no 模 (U+6A21) in font [lmroman9-regular]:mapping=te
x-text;!
Missing character: There is no 型 (U+578B) in font [lmroman9-regular]:mapping=te
x-text;!
Missing character: There is no 在 (U+5728) in font [lmroman9-regular]:mapping=te
x-text;!
Missing character: There is no 控 (U+63A7) in font [lmroman9-regular]:mapping=te
x-text;!
Missing character: There is no 制 (U+5236) in font [lmroman9-regular]:mapping=te
x-text;!
Missing character: There is no 和 (U+548C) in font [lmroman9-regular]:mapping=te
x-text;!
Missing character: There is no 到 (U+5230) in font [lmroman9-regular]:mapping=te
x-text;!
Missing character: There is no 目 (U+76EE) in font [lmroman9-regular]:mapping=te
x-text;!
Missing character: There is no 标 (U+6807) in font [lmroman9-regular]:mapping=te
x-text;!
Missing character: There is no 距 (U+8DDD) in font [lmroman9-regular]:mapping=te
x-text;!
Missing character: There is no 离 (U+79BB) in font [lmroman9-regular]:mapping=te
x-text;!
Missing character: There is no 误 (U+8BEF) in font [lmroman9-regular]:mapping=te
x-text;!
Missing character: There is no 差 (U+5DEE) in font [lmroman9-regular]:mapping=te
x-text;!
Missing character: There is no 上 (U+4E0A) in font [lmroman9-regular]:mapping=te
x-text;!
Missing character: There is no 的 (U+7684) in font [lmroman9-regular]:mapping=te
x-text;!
Missing character: There is no 表 (U+8868) in font [lmroman9-regular]:mapping=te
x-text;!
Missing character: There is no 现 (U+73B0) in font [lmroman9-regular]:mapping=te
x-text;!
Missing character: There is no 非 (U+975E) in font [lmroman9-regular]:mapping=te
x-text;!
Missing character: There is no 常 (U+5E38) in font [lmroman9-regular]:mapping=te
x-text;!
Missing character: There is no 相 (U+76F8) in font [lmroman9-regular]:mapping=te
x-text;!
Missing character: There is no 似 (U+4F3C) in font [lmroman9-regular]:mapping=te
x-text;!
Missing character: There is no 。 (U+3002) in font [lmroman9-regular]:mapping=te
x-text;!
Missing character: There is no 在 (U+5728) in font [lmroman9-regular]:mapping=te
x-text;!
Missing character: There is no 个 (U+4E2A) in font [lmroman9-regular]:mapping=te
x-text;!
Missing character: There is no 不 (U+4E0D) in font [lmroman9-regular]:mapping=te
x-text;!
Missing character: There is no 同 (U+540C) in font [lmroman9-regular]:mapping=te
x-text;!
Missing character: There is no 起 (U+8D77) in font [lmroman9-regular]:mapping=te
x-text;!
Missing character: There is no 始 (U+59CB) in font [lmroman9-regular]:mapping=te
x-text;!
Missing character: There is no 位 (U+4F4D) in font [lmroman9-regular]:mapping=te
x-text;!
Missing character: There is no 姿 (U+59FF) in font [lmroman9-regular]:mapping=te
x-text;!
Missing character: There is no 上 (U+4E0A) in font [lmroman9-regular]:mapping=te
x-text;!
Missing character: There is no 的 (U+7684) in font [lmroman9-regular]:mapping=te
x-text;!
Missing character: There is no 新 (U+65B0) in font [lmroman9-regular]:mapping=te
x-text;!
Missing character: There is no 测 (U+6D4B) in font [lmroman9-regular]:mapping=te
x-text;!
Missing character: There is no 试 (U+8BD5) in font [lmroman9-regular]:mapping=te
x-text;!
Missing character: There is no 序 (U+5E8F) in font [lmroman9-regular]:mapping=te
x-text;!
Missing character: There is no 列 (U+5217) in font [lmroman9-regular]:mapping=te
x-text;!
Missing character: There is no 中 (U+4E2D) in font [lmroman9-regular]:mapping=te
x-text;!
Missing character: There is no ， (U+FF0C) in font [lmroman9-regular]:mapping=te
x-text;!
Missing character: There is no 教 (U+6559) in font [lmroman9-regular]:mapping=te
x-text;!
Missing character: There is no 师 (U+5E08) in font [lmroman9-regular]:mapping=te
x-text;!
Missing character: There is no 模 (U+6A21) in font [lmroman9-regular]:mapping=te
x-text;!
Missing character: There is no 型 (U+578B) in font [lmroman9-regular]:mapping=te
x-text;!
Missing character: There is no （ (U+FF08) in font [lmroman9-regular]:mapping=te
x-text;!
Missing character: There is no ） (U+FF09) in font [lmroman9-regular]:mapping=te
x-text;!
Missing character: There is no 与 (U+4E0E) in font [lmroman9-regular]:mapping=te
x-text;!
Missing character: There is no 学 (U+5B66) in font [lmroman9-regular]:mapping=te
x-text;!
Missing character: There is no 生 (U+751F) in font [lmroman9-regular]:mapping=te
x-text;!
Missing character: There is no 模 (U+6A21) in font [lmroman9-regular]:mapping=te
x-text;!
Missing character: There is no 型 (U+578B) in font [lmroman9-regular]:mapping=te
x-text;!
Missing character: There is no （ (U+FF08) in font [lmroman9-regular]:mapping=te
x-text;!
Missing character: There is no 自 (U+81EA) in font [lmroman9-regular]:mapping=te
x-text;!
Missing character: There is no 监 (U+76D1) in font [lmroman9-regular]:mapping=te
x-text;!
Missing character: There is no 督 (U+7763) in font [lmroman9-regular]:mapping=te
x-text;!
Missing character: There is no 神 (U+795E) in font [lmroman9-regular]:mapping=te
x-text;!
Missing character: There is no 经 (U+7ECF) in font [lmroman9-regular]:mapping=te
x-text;!
Missing character: There is no 解 (U+89E3) in font [lmroman9-regular]:mapping=te
x-text;!
Missing character: There is no 析 (U+6790) in font [lmroman9-regular]:mapping=te
x-text;!
Missing character: There is no 模 (U+6A21) in font [lmroman9-regular]:mapping=te
x-text;!
Missing character: There is no 型 (U+578B) in font [lmroman9-regular]:mapping=te
x-text;!
Missing character: There is no ） (U+FF09) in font [lmroman9-regular]:mapping=te
x-text;!
Missing character: There is no 的 (U+7684) in font [lmroman9-regular]:mapping=te
x-text;!
Missing character: There is no 无 (U+65E0) in font [lmroman9-regular]:mapping=te
x-text;!
Missing character: There is no 人 (U+4EBA) in font [lmroman9-regular]:mapping=te
x-text;!
Missing character: There is no 机 (U+673A) in font [lmroman9-regular]:mapping=te
x-text;!
Missing character: There is no 控 (U+63A7) in font [lmroman9-regular]:mapping=te
x-text;!
Missing character: There is no 制 (U+5236) in font [lmroman9-regular]:mapping=te
x-text;!
Missing character: There is no 命 (U+547D) in font [lmroman9-regular]:mapping=te
x-text;!
Missing character: There is no 令 (U+4EE4) in font [lmroman9-regular]:mapping=te
x-text;!
Missing character: There is no 和 (U+548C) in font [lmroman9-regular]:mapping=te
x-text;!
Missing character: There is no 误 (U+8BEF) in font [lmroman9-regular]:mapping=te
x-text;!
Missing character: There is no 差 (U+5DEE) in font [lmroman9-regular]:mapping=te
x-text;!
Missing character: There is no 变 (U+53D8) in font [lmroman9-regular]:mapping=te
x-text;!
Missing character: There is no 化 (U+5316) in font [lmroman9-regular]:mapping=te
x-text;!
Missing character: There is no 对 (U+5BF9) in font [lmroman9-regular]:mapping=te
x-text;!
Missing character: There is no 比 (U+6BD4) in font [lmroman9-regular]:mapping=te
x-text;!
Missing character: There is no 。 (U+3002) in font [lmroman9-regular]:mapping=te
x-text;!
Missing character: There is no 实 (U+5B9E) in font [lmroman9-regular]:mapping=te
x-text;!
Missing character: There is no 线 (U+7EBF) in font [lmroman9-regular]:mapping=te
x-text;!
Missing character: There is no 表 (U+8868) in font [lmroman9-regular]:mapping=te
x-text;!
Missing character: There is no 示 (U+793A) in font [lmroman9-regular]:mapping=te
x-text;!
Missing character: There is no 均 (U+5747) in font [lmroman9-regular]:mapping=te
x-text;!
Missing character: There is no 值 (U+503C) in font [lmroman9-regular]:mapping=te
x-text;!
Missing character: There is no ， (U+FF0C) in font [lmroman9-regular]:mapping=te
x-text;!
Missing character: There is no 阴 (U+9634) in font [lmroman9-regular]:mapping=te
x-text;!
Missing character: There is no 影 (U+5F71) in font [lmroman9-regular]:mapping=te
x-text;!
Missing character: There is no 区 (U+533A) in font [lmroman9-regular]:mapping=te
x-text;!
Missing character: There is no 域 (U+57DF) in font [lmroman9-regular]:mapping=te
x-text;!
Missing character: There is no 表 (U+8868) in font [lmroman9-regular]:mapping=te
x-text;!
Missing character: There is no 示 (U+793A) in font [lmroman9-regular]:mapping=te
x-text;!
Missing character: There is no 不 (U+4E0D) in font [lmroman9-regular]:mapping=te
x-text;!
Missing character: There is no 同 (U+540C) in font [lmroman9-regular]:mapping=te
x-text;!
Missing character: There is no 运 (U+8FD0) in font [lmroman9-regular]:mapping=te
x-text;!
Missing character: There is no 行 (U+884C) in font [lmroman9-regular]:mapping=te
x-text;!
Missing character: There is no 之 (U+4E4B) in font [lmroman9-regular]:mapping=te
x-text;!
Missing character: There is no 间 (U+95F4) in font [lmroman9-regular]:mapping=te
x-text;!
Missing character: There is no 的 (U+7684) in font [lmroman9-regular]:mapping=te
x-text;!
Missing character: There is no 波 (U+6CE2) in font [lmroman9-regular]:mapping=te
x-text;!
Missing character: There is no 动 (U+52A8) in font [lmroman9-regular]:mapping=te
x-text;!
Missing character: There is no 范 (U+8303) in font [lmroman9-regular]:mapping=te
x-text;!
Missing character: There is no 围 (U+56F4) in font [lmroman9-regular]:mapping=te
x-text;!
Missing character: There is no 。 (U+3002) in font [lmroman9-regular]:mapping=te
x-text;!
Missing character: There is no 所 (U+6240) in font [lmroman9-regular]:mapping=te
x-text;!
Missing character: There is no 有 (U+6709) in font [lmroman9-regular]:mapping=te
x-text;!
Missing character: There is no 控 (U+63A7) in font [lmroman9-regular]:mapping=te
x-text;!
Missing character: There is no 制 (U+5236) in font [lmroman9-regular]:mapping=te
x-text;!
Missing character: There is no 命 (U+547D) in font [lmroman9-regular]:mapping=te
x-text;!
Missing character: There is no 令 (U+4EE4) in font [lmroman9-regular]:mapping=te
x-text;!
Missing character: There is no 和 (U+548C) in font [lmroman9-regular]:mapping=te
x-text;!
Missing character: There is no 误 (U+8BEF) in font [lmroman9-regular]:mapping=te
x-text;!
Missing character: There is no 差 (U+5DEE) in font [lmroman9-regular]:mapping=te
x-text;!
Missing character: There is no 都 (U+90FD) in font [lmroman9-regular]:mapping=te
x-text;!
Missing character: There is no 收 (U+6536) in font [lmroman9-regular]:mapping=te
x-text;!
Missing character: There is no 敛 (U+655B) in font [lmroman9-regular]:mapping=te
x-text;!
Missing character: There is no 到 (U+5230) in font [lmroman9-regular]:mapping=te
x-text;!
Missing character: There is no 零 (U+96F6) in font [lmroman9-regular]:mapping=te
x-text;!
Missing character: There is no 附 (U+9644) in font [lmroman9-regular]:mapping=te
x-text;!
Missing character: There is no 近 (U+8FD1) in font [lmroman9-regular]:mapping=te
x-text;!
Missing character: There is no ， (U+FF0C) in font [lmroman9-regular]:mapping=te
x-text;!
Missing character: There is no 说 (U+8BF4) in font [lmroman9-regular]:mapping=te
x-text;!
Missing character: There is no 明 (U+660E) in font [lmroman9-regular]:mapping=te
x-text;!
Missing character: There is no 系 (U+7CFB) in font [lmroman9-regular]:mapping=te
x-text;!
Missing character: There is no 统 (U+7EDF) in font [lmroman9-regular]:mapping=te
x-text;!
Missing character: There is no 能 (U+80FD) in font [lmroman9-regular]:mapping=te
x-text;!
Missing character: There is no 够 (U+591F) in font [lmroman9-regular]:mapping=te
x-text;!
Missing character: There is no 在 (U+5728) in font [lmroman9-regular]:mapping=te
x-text;!
Missing character: There is no 各 (U+5404) in font [lmroman9-regular]:mapping=te
x-text;!
Missing character: There is no 种 (U+79CD) in font [lmroman9-regular]:mapping=te
x-text;!
Missing character: There is no 初 (U+521D) in font [lmroman9-regular]:mapping=te
x-text;!
Missing character: There is no 始 (U+59CB) in font [lmroman9-regular]:mapping=te
x-text;!
Missing character: There is no 条 (U+6761) in font [lmroman9-regular]:mapping=te
x-text;!
Missing character: There is no 件 (U+4EF6) in font [lmroman9-regular]:mapping=te
x-text;!
Missing character: There is no 下 (U+4E0B) in font [lmroman9-regular]:mapping=te
x-text;!
Missing character: There is no 实 (U+5B9E) in font [lmroman9-regular]:mapping=te
x-text;!
Missing character: There is no 现 (U+73B0) in font [lmroman9-regular]:mapping=te
x-text;!
Missing character: There is no 稳 (U+7A33) in font [lmroman9-regular]:mapping=te
x-text;!
Missing character: There is no 定 (U+5B9A) in font [lmroman9-regular]:mapping=te
x-text;!
Missing character: There is no 的 (U+7684) in font [lmroman9-regular]:mapping=te
x-text;!
Missing character: There is no 轨 (U+8F68) in font [lmroman9-regular]:mapping=te
x-text;!
Missing character: There is no 迹 (U+8FF9) in font [lmroman9-regular]:mapping=te
x-text;!
Missing character: There is no 跟 (U+8DDF) in font [lmroman9-regular]:mapping=te
x-text;!
Missing character: There is no 踪 (U+8E2A) in font [lmroman9-regular]:mapping=te
x-text;!
Missing character: There is no 和 (U+548C) in font [lmroman9-regular]:mapping=te
x-text;!
Missing character: There is no 控 (U+63A7) in font [lmroman9-regular]:mapping=te
x-text;!
Missing character: There is no 制 (U+5236) in font [lmroman9-regular]:mapping=te
x-text;!
Missing character: There is no 收 (U+6536) in font [lmroman9-regular]:mapping=te
x-text;!
Missing character: There is no 敛 (U+655B) in font [lmroman9-regular]:mapping=te
x-text;!
Missing character: There is no 。 (U+3002) in font [lmroman9-regular]:mapping=te
x-text;!
Missing character: There is no 可 (U+53EF) in font [lmroman9-regular]:mapping=te
x-text;!
Missing character: There is no 以 (U+4EE5) in font [lmroman9-regular]:mapping=te
x-text;!
Missing character: There is no 看 (U+770B) in font [lmroman9-regular]:mapping=te
x-text;!
Missing character: There is no 出 (U+51FA) in font [lmroman9-regular]:mapping=te
x-text;!
Missing character: There is no ， (U+FF0C) in font [lmroman9-regular]:mapping=te
x-text;!
Missing character: There is no 复 (U+590D) in font [lmroman9-regular]:mapping=te
x-text;!
Missing character: There is no 杂 (U+6742) in font [lmroman9-regular]:mapping=te
x-text;!
Missing character: There is no 的 (U+7684) in font [lmroman9-regular]:mapping=te
x-text;!
Missing character: There is no 解 (U+89E3) in font [lmroman9-regular]:mapping=te
x-text;!
Missing character: There is no 析 (U+6790) in font [lmroman9-regular]:mapping=te
x-text;!
Missing character: There is no 式 (U+5F0F) in font [lmroman9-regular]:mapping=te
x-text;!
Missing character: There is no 教 (U+6559) in font [lmroman9-regular]:mapping=te
x-text;!
Missing character: There is no 师 (U+5E08) in font [lmroman9-regular]:mapping=te
x-text;!
Missing character: There is no 模 (U+6A21) in font [lmroman9-regular]:mapping=te
x-text;!
Missing character: There is no 型 (U+578B) in font [lmroman9-regular]:mapping=te
x-text;!
Missing character: There is no 与 (U+4E0E) in font [lmroman9-regular]:mapping=te
x-text;!
Missing character: There is no 小 (U+5C0F) in font [lmroman9-regular]:mapping=te
x-text;!
Missing character: There is no 型 (U+578B) in font [lmroman9-regular]:mapping=te
x-text;!
Missing character: There is no 学 (U+5B66) in font [lmroman9-regular]:mapping=te
x-text;!
Missing character: There is no 生 (U+751F) in font [lmroman9-regular]:mapping=te
x-text;!
Missing character: There is no 模 (U+6A21) in font [lmroman9-regular]:mapping=te
x-text;!
Missing character: There is no 型 (U+578B) in font [lmroman9-regular]:mapping=te
x-text;!
Missing character: There is no 在 (U+5728) in font [lmroman9-regular]:mapping=te
x-text;!
Missing character: There is no 控 (U+63A7) in font [lmroman9-regular]:mapping=te
x-text;!
Missing character: There is no 制 (U+5236) in font [lmroman9-regular]:mapping=te
x-text;!
Missing character: There is no 和 (U+548C) in font [lmroman9-regular]:mapping=te
x-text;!
Missing character: There is no 到 (U+5230) in font [lmroman9-regular]:mapping=te
x-text;!
Missing character: There is no 目 (U+76EE) in font [lmroman9-regular]:mapping=te
x-text;!
Missing character: There is no 标 (U+6807) in font [lmroman9-regular]:mapping=te
x-text;!
Missing character: There is no 距 (U+8DDD) in font [lmroman9-regular]:mapping=te
x-text;!
Missing character: There is no 离 (U+79BB) in font [lmroman9-regular]:mapping=te
x-text;!
Missing character: There is no 误 (U+8BEF) in font [lmroman9-regular]:mapping=te
x-text;!
Missing character: There is no 差 (U+5DEE) in font [lmroman9-regular]:mapping=te
x-text;!
Missing character: There is no 上 (U+4E0A) in font [lmroman9-regular]:mapping=te
x-text;!
Missing character: There is no 的 (U+7684) in font [lmroman9-regular]:mapping=te
x-text;!
Missing character: There is no 表 (U+8868) in font [lmroman9-regular]:mapping=te
x-text;!
Missing character: There is no 现 (U+73B0) in font [lmroman9-regular]:mapping=te
x-text;!
Missing character: There is no 非 (U+975E) in font [lmroman9-regular]:mapping=te
x-text;!
Missing character: There is no 常 (U+5E38) in font [lmroman9-regular]:mapping=te
x-text;!
Missing character: There is no 相 (U+76F8) in font [lmroman9-regular]:mapping=te
x-text;!
Missing character: There is no 似 (U+4F3C) in font [lmroman9-regular]:mapping=te
x-text;!
Missing character: There is no 。 (U+3002) in font [lmroman9-regular]:mapping=te
x-text;!
Missing character: There is no 任 ("4EFB) in font ptmb!
Missing character: There is no 务 ("52A1) in font ptmb!
Missing character: There is no 终 ("7EC8) in font ptmb!
Missing character: There is no 止 ("6B62) in font ptmb!
Missing character: There is no 条 ("6761) in font ptmb!
Missing character: There is no 件 ("4EF6) in font ptmb!
Missing character: There is no 我 (U+6211) in font [lmroman10-regular]:mapping=t
ex-text;!
Missing character: There is no 们 (U+4EEC) in font [lmroman10-regular]:mapping=t
ex-text;!
Missing character: There is no 设 (U+8BBE) in font [lmroman10-regular]:mapping=t
ex-text;!
Missing character: There is no 计 (U+8BA1) in font [lmroman10-regular]:mapping=t
ex-text;!
Missing character: There is no 了 (U+4E86) in font [lmroman10-regular]:mapping=t
ex-text;!
Missing character: There is no 三 (U+4E09) in font [lmroman10-regular]:mapping=t
ex-text;!
Missing character: There is no 种 (U+79CD) in font [lmroman10-regular]:mapping=t
ex-text;!
Missing character: There is no 终 (U+7EC8) in font [lmroman10-regular]:mapping=t
ex-text;!
Missing character: There is no 止 (U+6B62) in font [lmroman10-regular]:mapping=t
ex-text;!
Missing character: There is no 条 (U+6761) in font [lmroman10-regular]:mapping=t
ex-text;!
Missing character: There is no 件 (U+4EF6) in font [lmroman10-regular]:mapping=t
ex-text;!
Missing character: There is no ， (U+FF0C) in font [lmroman10-regular]:mapping=t
ex-text;!
Missing character: There is no 所 (U+6240) in font [lmroman10-regular]:mapping=t
ex-text;!
Missing character: There is no 有 (U+6709) in font [lmroman10-regular]:mapping=t
ex-text;!
Missing character: There is no 实 (U+5B9E) in font [lmroman10-regular]:mapping=t
ex-text;!
Missing character: There is no 验 (U+9A8C) in font [lmroman10-regular]:mapping=t
ex-text;!
Missing character: There is no 都 (U+90FD) in font [lmroman10-regular]:mapping=t
ex-text;!
Missing character: There is no 使 (U+4F7F) in font [lmroman10-regular]:mapping=t
ex-text;!
Missing character: There is no 用 (U+7528) in font [lmroman10-regular]:mapping=t
ex-text;!
Missing character: There is no 像 (U+50CF) in font [lmroman10-regular]:mapping=t
ex-text;!
Missing character: There is no 素 (U+7D20) in font [lmroman10-regular]:mapping=t
ex-text;!
Missing character: There is no 的 (U+7684) in font [lmroman10-regular]:mapping=t
ex-text;!
Missing character: There is no 图 (U+56FE) in font [lmroman10-regular]:mapping=t
ex-text;!
Missing character: There is no 像 (U+50CF) in font [lmroman10-regular]:mapping=t
ex-text;!
Missing character: There is no 帧 (U+5E27) in font [lmroman10-regular]:mapping=t
ex-text;!
Missing character: There is no 。 (U+3002) in font [lmroman10-regular]:mapping=t
ex-text;!
Missing character: There is no 第 (U+7B2C) in font [lmroman10-regular]:mapping=t
ex-text;!
Missing character: There is no 一 (U+4E00) in font [lmroman10-regular]:mapping=t
ex-text;!
Missing character: There is no 种 (U+79CD) in font [lmroman10-regular]:mapping=t
ex-text;!
Missing character: There is no 是 (U+662F) in font [lmroman10-regular]:mapping=t
ex-text;!
Missing character: There is no 秒 (U+79D2) in font [lmroman10-regular]:mapping=t
ex-text;!
Missing character: There is no 硬 (U+786C) in font [lmroman10-regular]:mapping=t
ex-text;!
Missing character: There is no 超 (U+8D85) in font [lmroman10-regular]:mapping=t
ex-text;!
Missing character: There is no 时 (U+65F6) in font [lmroman10-regular]:mapping=t
ex-text;!
Missing character: There is no ， (U+FF0C) in font [lmroman10-regular]:mapping=t
ex-text;!
Missing character: There is no 如 (U+5982) in font [lmroman10-regular]:mapping=t
ex-text;!
Missing character: There is no 果 (U+679C) in font [lmroman10-regular]:mapping=t
ex-text;!
Missing character: There is no 无 (U+65E0) in font [lmroman10-regular]:mapping=t
ex-text;!
Missing character: There is no 人 (U+4EBA) in font [lmroman10-regular]:mapping=t
ex-text;!
Missing character: There is no 机 (U+673A) in font [lmroman10-regular]:mapping=t
ex-text;!
Missing character: There is no 在 (U+5728) in font [lmroman10-regular]:mapping=t
ex-text;!
Missing character: There is no 这 (U+8FD9) in font [lmroman10-regular]:mapping=t
ex-text;!
Missing character: There is no 段 (U+6BB5) in font [lmroman10-regular]:mapping=t
ex-text;!
Missing character: There is no 时 (U+65F6) in font [lmroman10-regular]:mapping=t
ex-text;!
Missing character: There is no 间 (U+95F4) in font [lmroman10-regular]:mapping=t
ex-text;!
Missing character: There is no 内 (U+5185) in font [lmroman10-regular]:mapping=t
ex-text;!
Missing character: There is no 未 (U+672A) in font [lmroman10-regular]:mapping=t
ex-text;!
Missing character: There is no 能 (U+80FD) in font [lmroman10-regular]:mapping=t
ex-text;!
Missing character: There is no 修 (U+4FEE) in font [lmroman10-regular]:mapping=t
ex-text;!
Missing character: There is no 正 (U+6B63) in font [lmroman10-regular]:mapping=t
ex-text;!
Missing character: There is no 位 (U+4F4D) in font [lmroman10-regular]:mapping=t
ex-text;!
Missing character: There is no 姿 (U+59FF) in font [lmroman10-regular]:mapping=t
ex-text;!
Missing character: There is no ， (U+FF0C) in font [lmroman10-regular]:mapping=t
ex-text;!
Missing character: There is no 则 (U+5219) in font [lmroman10-regular]:mapping=t
ex-text;!
Missing character: There is no 自 (U+81EA) in font [lmroman10-regular]:mapping=t
ex-text;!
Missing character: There is no 动 (U+52A8) in font [lmroman10-regular]:mapping=t
ex-text;!
Missing character: There is no 降 (U+964D) in font [lmroman10-regular]:mapping=t
ex-text;!
Missing character: There is no 落 (U+843D) in font [lmroman10-regular]:mapping=t
ex-text;!
Missing character: There is no 。 (U+3002) in font [lmroman10-regular]:mapping=t
ex-text;!
Missing character: There is no 第 (U+7B2C) in font [lmroman10-regular]:mapping=t
ex-text;!
Missing character: There is no 二 (U+4E8C) in font [lmroman10-regular]:mapping=t
ex-text;!
Missing character: There is no 种 (U+79CD) in font [lmroman10-regular]:mapping=t
ex-text;!
Missing character: There is no 是 (U+662F) in font [lmroman10-regular]:mapping=t
ex-text;!
Missing character: There is no 软 (U+8F6F) in font [lmroman10-regular]:mapping=t
ex-text;!
Missing character: There is no 条 (U+6761) in font [lmroman10-regular]:mapping=t
ex-text;!
Missing character: There is no 件 (U+4EF6) in font [lmroman10-regular]:mapping=t
ex-text;!
Missing character: There is no ： (U+FF1A) in font [lmroman10-regular]:mapping=t
ex-text;!
Missing character: There is no 当 (U+5F53) in font [lmroman10-regular]:mapping=t
ex-text;!
Missing character: There is no 最 (U+6700) in font [lmroman10-regular]:mapping=t
ex-text;!
Missing character: There is no 近 (U+8FD1) in font [lmroman10-regular]:mapping=t
ex-text;!
Missing character: There is no 帧 (U+5E27) in font [lmroman10-regular]:mapping=t
ex-text;!
Missing character: There is no 误 (U+8BEF) in font [lmroman10-regular]:mapping=t
ex-text;!
Missing character: There is no 差 (U+5DEE) in font [lmroman10-regular]:mapping=t
ex-text;!
Missing character: There is no 的 (U+7684) in font [lmroman10-regular]:mapping=t
ex-text;!
Missing character: There is no 中 (U+4E2D) in font [lmroman10-regular]:mapping=t
ex-text;!
Missing character: There is no 位 (U+4F4D) in font [lmroman10-regular]:mapping=t
ex-text;!
Missing character: There is no 数 (U+6570) in font [lmroman10-regular]:mapping=t
ex-text;!
Missing character: There is no 像 (U+50CF) in font [lmroman10-regular]:mapping=t
ex-text;!
Missing character: There is no 素 (U+7D20) in font [lmroman10-regular]:mapping=t
ex-text;!
Missing character: There is no ， (U+FF0C) in font [lmroman10-regular]:mapping=t
ex-text;!
Missing character: There is no 并 (U+5E76) in font [lmroman10-regular]:mapping=t
ex-text;!
Missing character: There is no 且 (U+4E14) in font [lmroman10-regular]:mapping=t
ex-text;!
Missing character: There is no 连 (U+8FDE) in font [lmroman10-regular]:mapping=t
ex-text;!
Missing character: There is no 续 (U+7EED) in font [lmroman10-regular]:mapping=t
ex-text;!
Missing character: There is no 秒 (U+79D2) in font [lmroman10-regular]:mapping=t
ex-text;!
Missing character: There is no 速 (U+901F) in font [lmroman10-regular]:mapping=t
ex-text;!
Missing character: There is no 度 (U+5EA6) in font [lmroman10-regular]:mapping=t
ex-text;!
Missing character: There is no 命 (U+547D) in font [lmroman10-regular]:mapping=t
ex-text;!
Missing character: There is no 令 (U+4EE4) in font [lmroman10-regular]:mapping=t
ex-text;!
Missing character: There is no 都 (U+90FD) in font [lmroman10-regular]:mapping=t
ex-text;!
Missing character: There is no 保 (U+4FDD) in font [lmroman10-regular]:mapping=t
ex-text;!
Missing character: There is no 持 (U+6301) in font [lmroman10-regular]:mapping=t
ex-text;!
Missing character: There is no 为 (U+4E3A) in font [lmroman10-regular]:mapping=t
ex-text;!
Missing character: There is no 时 (U+65F6) in font [lmroman10-regular]:mapping=t
ex-text;!
Missing character: There is no 触 (U+89E6) in font [lmroman10-regular]:mapping=t
ex-text;!
Missing character: There is no 发 (U+53D1) in font [lmroman10-regular]:mapping=t
ex-text;!
Missing character: There is no ， (U+FF0C) in font [lmroman10-regular]:mapping=t
ex-text;!
Missing character: There is no 这 (U+8FD9) in font [lmroman10-regular]:mapping=t
ex-text;!
Missing character: There is no 说 (U+8BF4) in font [lmroman10-regular]:mapping=t
ex-text;!
Missing character: There is no 明 (U+660E) in font [lmroman10-regular]:mapping=t
ex-text;!
Missing character: There is no 误 (U+8BEF) in font [lmroman10-regular]:mapping=t
ex-text;!
Missing character: There is no 差 (U+5DEE) in font [lmroman10-regular]:mapping=t
ex-text;!
Missing character: There is no 已 (U+5DF2) in font [lmroman10-regular]:mapping=t
ex-text;!
Missing character: There is no 经 (U+7ECF) in font [lmroman10-regular]:mapping=t
ex-text;!
Missing character: There is no 较 (U+8F83) in font [lmroman10-regular]:mapping=t
ex-text;!
Missing character: There is no 小 (U+5C0F) in font [lmroman10-regular]:mapping=t
ex-text;!
Missing character: There is no ， (U+FF0C) in font [lmroman10-regular]:mapping=t
ex-text;!
Missing character: There is no 但 (U+4F46) in font [lmroman10-regular]:mapping=t
ex-text;!
Missing character: There is no 可 (U+53EF) in font [lmroman10-regular]:mapping=t
ex-text;!
Missing character: There is no 能 (U+80FD) in font [lmroman10-regular]:mapping=t
ex-text;!
Missing character: There is no 陷 (U+9677) in font [lmroman10-regular]:mapping=t
ex-text;!
Missing character: There is no 入 (U+5165) in font [lmroman10-regular]:mapping=t
ex-text;!
Missing character: There is no 局 (U+5C40) in font [lmroman10-regular]:mapping=t
ex-text;!
Missing character: There is no 部 (U+90E8) in font [lmroman10-regular]:mapping=t
ex-text;!
Missing character: There is no 最 (U+6700) in font [lmroman10-regular]:mapping=t
ex-text;!
Missing character: There is no 优 (U+4F18) in font [lmroman10-regular]:mapping=t
ex-text;!
Missing character: There is no 。 (U+3002) in font [lmroman10-regular]:mapping=t
ex-text;!
Missing character: There is no 第 (U+7B2C) in font [lmroman10-regular]:mapping=t
ex-text;!
Missing character: There is no 三 (U+4E09) in font [lmroman10-regular]:mapping=t
ex-text;!
Missing character: There is no 种 (U+79CD) in font [lmroman10-regular]:mapping=t
ex-text;!
Missing character: There is no 是 (U+662F) in font [lmroman10-regular]:mapping=t
ex-text;!
Missing character: There is no 硬 (U+786C) in font [lmroman10-regular]:mapping=t
ex-text;!
Missing character: There is no 条 (U+6761) in font [lmroman10-regular]:mapping=t
ex-text;!
Missing character: There is no 件 (U+4EF6) in font [lmroman10-regular]:mapping=t
ex-text;!
Missing character: There is no ： (U+FF1A) in font [lmroman10-regular]:mapping=t
ex-text;!
Missing character: There is no 当 (U+5F53) in font [lmroman10-regular]:mapping=t
ex-text;!
Missing character: There is no 最 (U+6700) in font [lmroman10-regular]:mapping=t
ex-text;!
Missing character: There is no 近 (U+8FD1) in font [lmroman10-regular]:mapping=t
ex-text;!
Missing character: There is no 帧 (U+5E27) in font [lmroman10-regular]:mapping=t
ex-text;!
Missing character: There is no 误 (U+8BEF) in font [lmroman10-regular]:mapping=t
ex-text;!
Missing character: There is no 差 (U+5DEE) in font [lmroman10-regular]:mapping=t
ex-text;!
Missing character: There is no 的 (U+7684) in font [lmroman10-regular]:mapping=t
ex-text;!
Missing character: There is no 中 (U+4E2D) in font [lmroman10-regular]:mapping=t
ex-text;!
Missing character: There is no 位 (U+4F4D) in font [lmroman10-regular]:mapping=t
ex-text;!
Missing character: There is no 数 (U+6570) in font [lmroman10-regular]:mapping=t
ex-text;!
Missing character: There is no 连 (U+8FDE) in font [lmroman10-regular]:mapping=t
ex-text;!
Missing character: There is no 续 (U+7EED) in font [lmroman10-regular]:mapping=t
ex-text;!
Missing character: There is no 秒 (U+79D2) in font [lmroman10-regular]:mapping=t
ex-text;!
Missing character: There is no 像 (U+50CF) in font [lmroman10-regular]:mapping=t
ex-text;!
Missing character: There is no 素 (U+7D20) in font [lmroman10-regular]:mapping=t
ex-text;!
Missing character: There is no 时 (U+65F6) in font [lmroman10-regular]:mapping=t
ex-text;!
Missing character: There is no 触 (U+89E6) in font [lmroman10-regular]:mapping=t
ex-text;!
Missing character: There is no 发 (U+53D1) in font [lmroman10-regular]:mapping=t
ex-text;!
Missing character: There is no ， (U+FF0C) in font [lmroman10-regular]:mapping=t
ex-text;!
Missing character: There is no 这 (U+8FD9) in font [lmroman10-regular]:mapping=t
ex-text;!
Missing character: There is no 表 (U+8868) in font [lmroman10-regular]:mapping=t
ex-text;!
Missing character: There is no 明 (U+660E) in font [lmroman10-regular]:mapping=t
ex-text;!
Missing character: There is no 只 (U+53EA) in font [lmroman10-regular]:mapping=t
ex-text;!
Missing character: There is no 生 (U+751F) in font [lmroman10-regular]:mapping=t
ex-text;!
Missing character: There is no 成 (U+6210) in font [lmroman10-regular]:mapping=t
ex-text;!
Missing character: There is no 很 (U+5F88) in font [lmroman10-regular]:mapping=t
ex-text;!
Missing character: There is no 小 (U+5C0F) in font [lmroman10-regular]:mapping=t
ex-text;!
Missing character: There is no 的 (U+7684) in font [lmroman10-regular]:mapping=t
ex-text;!
Missing character: There is no 命 (U+547D) in font [lmroman10-regular]:mapping=t
ex-text;!
Missing character: There is no 令 (U+4EE4) in font [lmroman10-regular]:mapping=t
ex-text;!
Missing character: There is no ， (U+FF0C) in font [lmroman10-regular]:mapping=t
ex-text;!
Missing character: There is no 移 (U+79FB) in font [lmroman10-regular]:mapping=t
ex-text;!
Missing character: There is no 动 (U+52A8) in font [lmroman10-regular]:mapping=t
ex-text;!
Missing character: There is no 量 (U+91CF) in font [lmroman10-regular]:mapping=t
ex-text;!
Missing character: There is no 几 (U+51E0) in font [lmroman10-regular]:mapping=t
ex-text;!
Missing character: There is no 乎 (U+4E4E) in font [lmroman10-regular]:mapping=t
ex-text;!
Missing character: There is no 可 (U+53EF) in font [lmroman10-regular]:mapping=t
ex-text;!
Missing character: There is no 以 (U+4EE5) in font [lmroman10-regular]:mapping=t
ex-text;!
Missing character: There is no 忽 (U+5FFD) in font [lmroman10-regular]:mapping=t
ex-text;!
Missing character: There is no 略 (U+7565) in font [lmroman10-regular]:mapping=t
ex-text;!
Missing character: There is no 。 (U+3002) in font [lmroman10-regular]:mapping=t
ex-text;!
Missing character: There is no 误 (U+8BEF) in font [lmroman10-regular]:mapping=t
ex-text;!
Missing character: There is no 差 (U+5DEE) in font [lmroman10-regular]:mapping=t
ex-text;!
Missing character: There is no 按 (U+6309) in font [lmroman10-regular]:mapping=t
ex-text;!
Missing character: There is no 包 (U+5305) in font [lmroman10-regular]:mapping=t
ex-text;!
Missing character: There is no 含 (U+542B) in font [lmroman10-regular]:mapping=t
ex-text;!
Missing character: There is no 原 (U+539F) in font [lmroman10-regular]:mapping=t
ex-text;!
Missing character: There is no 始 (U+59CB) in font [lmroman10-regular]:mapping=t
ex-text;!
Missing character: There is no 像 (U+50CF) in font [lmroman10-regular]:mapping=t
ex-text;!
Missing character: There is no 素 (U+7D20) in font [lmroman10-regular]:mapping=t
ex-text;!
Missing character: There is no 值 (U+503C) in font [lmroman10-regular]:mapping=t
ex-text;!
Missing character: There is no 向 (U+5411) in font [lmroman10-regular]:mapping=t
ex-text;!
Missing character: There is no 量 (U+91CF) in font [lmroman10-regular]:mapping=t
ex-text;!
Missing character: There is no 的 (U+7684) in font [lmroman10-regular]:mapping=t
ex-text;!
Missing character: There is no 范 (U+8303) in font [lmroman10-regular]:mapping=t
ex-text;!
Missing character: There is no 数 (U+6570) in font [lmroman10-regular]:mapping=t
ex-text;!
Missing character: There is no 计 (U+8BA1) in font [lmroman10-regular]:mapping=t
ex-text;!
Missing character: There is no 算 (U+7B97) in font [lmroman10-regular]:mapping=t
ex-text;!
Missing character: There is no 。 (U+3002) in font [lmroman10-regular]:mapping=t
ex-text;!
Missing character: There is no 为 (U+4E3A) in font [lmroman10-regular]:mapping=t
ex-text;!
Missing character: There is no 了 (U+4E86) in font [lmroman10-regular]:mapping=t
ex-text;!
Missing character: There is no 在 (U+5728) in font [lmroman10-regular]:mapping=t
ex-text;!
Missing character: There is no 不 (U+4E0D) in font [lmroman10-regular]:mapping=t
ex-text;!
Missing character: There is no 依 (U+4F9D) in font [lmroman10-regular]:mapping=t
ex-text;!
Missing character: There is no 赖 (U+8D56) in font [lmroman10-regular]:mapping=t
ex-text;!
Missing character: There is no 以 (U+4EE5) in font [lmroman10-regular]:mapping=t
ex-text;!
Missing character: There is no 及 (U+53CA) in font [lmroman10-regular]:mapping=t
ex-text;!
Missing character: There is no 两 (U+4E24) in font [lmroman10-regular]:mapping=t
ex-text;!
Missing character: There is no 个 (U+4E2A) in font [lmroman10-regular]:mapping=t
ex-text;!
Missing character: There is no 神 (U+795E) in font [lmroman10-regular]:mapping=t
ex-text;!
Missing character: There is no 经 (U+7ECF) in font [lmroman10-regular]:mapping=t
ex-text;!
Missing character: There is no 网 (U+7F51) in font [lmroman10-regular]:mapping=t
ex-text;!
Missing character: There is no 络 (U+7EDC) in font [lmroman10-regular]:mapping=t
ex-text;!
Missing character: There is no （ (U+FF08) in font [lmroman10-regular]:mapping=t
ex-text;!
Missing character: There is no 和 (U+548C) in font [lmroman10-regular]:mapping=t
ex-text;!
Missing character: There is no ） (U+FF09) in font [lmroman10-regular]:mapping=t
ex-text;!
Missing character: There is no 的 (U+7684) in font [lmroman10-regular]:mapping=t
ex-text;!
Missing character: There is no 情 (U+60C5) in font [lmroman10-regular]:mapping=t
ex-text;!
Missing character: There is no 况 (U+51B5) in font [lmroman10-regular]:mapping=t
ex-text;!
Missing character: There is no 下 (U+4E0B) in font [lmroman10-regular]:mapping=t
ex-text;!
Missing character: There is no 独 (U+72EC) in font [lmroman10-regular]:mapping=t
ex-text;!
Missing character: There is no 立 (U+7ACB) in font [lmroman10-regular]:mapping=t
ex-text;!
Missing character: There is no 评 (U+8BC4) in font [lmroman10-regular]:mapping=t
ex-text;!
Missing character: There is no 估 (U+4F30) in font [lmroman10-regular]:mapping=t
ex-text;!
Missing character: There is no 学 (U+5B66) in font [lmroman10-regular]:mapping=t
ex-text;!
Missing character: There is no 生 (U+751F) in font [lmroman10-regular]:mapping=t
ex-text;!
Missing character: There is no 模 (U+6A21) in font [lmroman10-regular]:mapping=t
ex-text;!
Missing character: There is no 型 (U+578B) in font [lmroman10-regular]:mapping=t
ex-text;!
Missing character: There is no ， (U+FF0C) in font [lmroman10-regular]:mapping=t
ex-text;!
Missing character: There is no 我 (U+6211) in font [lmroman10-regular]:mapping=t
ex-text;!
Missing character: There is no 们 (U+4EEC) in font [lmroman10-regular]:mapping=t
ex-text;!
Missing character: There is no 通 (U+901A) in font [lmroman10-regular]:mapping=t
ex-text;!
Missing character: There is no 过 (U+8FC7) in font [lmroman10-regular]:mapping=t
ex-text;!
Missing character: There is no 分 (U+5206) in font [lmroman10-regular]:mapping=t
ex-text;!
Missing character: There is no 析 (U+6790) in font [lmroman10-regular]:mapping=t
ex-text;!
Missing character: There is no 教 (U+6559) in font [lmroman10-regular]:mapping=t
ex-text;!
Missing character: There is no 师 (U+5E08) in font [lmroman10-regular]:mapping=t
ex-text;!
Missing character: There is no 方 (U+65B9) in font [lmroman10-regular]:mapping=t
ex-text;!
Missing character: There is no 法 (U+6CD5) in font [lmroman10-regular]:mapping=t
ex-text;!
Missing character: There is no 的 (U+7684) in font [lmroman10-regular]:mapping=t
ex-text;!
Missing character: There is no 评 (U+8BC4) in font [lmroman10-regular]:mapping=t
ex-text;!
Missing character: There is no 估 (U+4F30) in font [lmroman10-regular]:mapping=t
ex-text;!
Missing character: There is no 统 (U+7EDF) in font [lmroman10-regular]:mapping=t
ex-text;!
Missing character: There is no 计 (U+8BA1) in font [lmroman10-regular]:mapping=t
ex-text;!
Missing character: There is no 量 (U+91CF) in font [lmroman10-regular]:mapping=t
ex-text;!
Missing character: There is no ， (U+FF0C) in font [lmroman10-regular]:mapping=t
ex-text;!
Missing character: There is no 经 (U+7ECF) in font [lmroman10-regular]:mapping=t
ex-text;!
Missing character: There is no 验 (U+9A8C) in font [lmroman10-regular]:mapping=t
ex-text;!
Missing character: There is no 性 (U+6027) in font [lmroman10-regular]:mapping=t
ex-text;!
Missing character: There is no 地 (U+5730) in font [lmroman10-regular]:mapping=t
ex-text;!
Missing character: There is no 推 (U+63A8) in font [lmroman10-regular]:mapping=t
ex-text;!
Missing character: There is no 导 (U+5BFC) in font [lmroman10-regular]:mapping=t
ex-text;!
Missing character: There is no 出 (U+51FA) in font [lmroman10-regular]:mapping=t
ex-text;!
Missing character: There is no 学 (U+5B66) in font [lmroman10-regular]:mapping=t
ex-text;!
Missing character: There is no 生 (U+751F) in font [lmroman10-regular]:mapping=t
ex-text;!
Missing character: There is no 模 (U+6A21) in font [lmroman10-regular]:mapping=t
ex-text;!
Missing character: There is no 型 (U+578B) in font [lmroman10-regular]:mapping=t
ex-text;!
Missing character: There is no 的 (U+7684) in font [lmroman10-regular]:mapping=t
ex-text;!
Missing character: There is no 终 (U+7EC8) in font [lmroman10-regular]:mapping=t
ex-text;!
Missing character: There is no 止 (U+6B62) in font [lmroman10-regular]:mapping=t
ex-text;!
Missing character: There is no 条 (U+6761) in font [lmroman10-regular]:mapping=t
ex-text;!
Missing character: There is no 件 (U+4EF6) in font [lmroman10-regular]:mapping=t
ex-text;!
Missing character: There is no 。 (U+3002) in font [lmroman10-regular]:mapping=t
ex-text;!
Missing character: There is no 我 (U+6211) in font [lmroman10-regular]:mapping=t
ex-text;!
Missing character: There is no 们 (U+4EEC) in font [lmroman10-regular]:mapping=t
ex-text;!
Missing character: There is no 考 (U+8003) in font [lmroman10-regular]:mapping=t
ex-text;!
Missing character: There is no 察 (U+5BDF) in font [lmroman10-regular]:mapping=t
ex-text;!
Missing character: There is no 了 (U+4E86) in font [lmroman10-regular]:mapping=t
ex-text;!
Missing character: There is no 每 (U+6BCF) in font [lmroman10-regular]:mapping=t
ex-text;!
Missing character: There is no 次 (U+6B21) in font [lmroman10-regular]:mapping=t
ex-text;!
Missing character: There is no 评 (U+8BC4) in font [lmroman10-regular]:mapping=t
ex-text;!
Missing character: There is no 估 (U+4F30) in font [lmroman10-regular]:mapping=t
ex-text;!
Missing character: There is no 运 (U+8FD0) in font [lmroman10-regular]:mapping=t
ex-text;!
Missing character: There is no 行 (U+884C) in font [lmroman10-regular]:mapping=t
ex-text;!
Missing character: There is no 最 (U+6700) in font [lmroman10-regular]:mapping=t
ex-text;!
Missing character: There is no 后 (U+540E) in font [lmroman10-regular]:mapping=t
ex-text;!
Missing character: There is no 秒 (U+79D2) in font [lmroman10-regular]:mapping=t
ex-text;!
Missing character: There is no 内 (U+5185) in font [lmroman10-regular]:mapping=t
ex-text;!
Missing character: There is no 的 (U+7684) in font [lmroman10-regular]:mapping=t
ex-text;!
Missing character: There is no 速 (U+901F) in font [lmroman10-regular]:mapping=t
ex-text;!
Missing character: There is no 度 (U+5EA6) in font [lmroman10-regular]:mapping=t
ex-text;!
Missing character: There is no 命 (U+547D) in font [lmroman10-regular]:mapping=t
ex-text;!
Missing character: There is no 令 (U+4EE4) in font [lmroman10-regular]:mapping=t
ex-text;!
Missing character: There is no 值 (U+503C) in font [lmroman10-regular]:mapping=t
ex-text;!
Missing character: There is no 。 (U+3002) in font [lmroman10-regular]:mapping=t
ex-text;!
Missing character: There is no 结 (U+7ED3) in font [lmroman10-regular]:mapping=t
ex-text;!
Missing character: There is no 果 (U+679C) in font [lmroman10-regular]:mapping=t
ex-text;!
Missing character: There is no 表 (U+8868) in font [lmroman10-regular]:mapping=t
ex-text;!
Missing character: There is no 明 (U+660E) in font [lmroman10-regular]:mapping=t
ex-text;!
Missing character: There is no ， (U+FF0C) in font [lmroman10-regular]:mapping=t
ex-text;!
Missing character: There is no 在 (U+5728) in font [lmroman10-regular]:mapping=t
ex-text;!
Missing character: There is no 大 (U+5927) in font [lmroman10-regular]:mapping=t
ex-text;!
Missing character: There is no 多 (U+591A) in font [lmroman10-regular]:mapping=t
ex-text;!
Missing character: There is no 数 (U+6570) in font [lmroman10-regular]:mapping=t
ex-text;!
Missing character: There is no 测 (U+6D4B) in font [lmroman10-regular]:mapping=t
ex-text;!
Missing character: There is no 试 (U+8BD5) in font [lmroman10-regular]:mapping=t
ex-text;!
Missing character: There is no 中 (U+4E2D) in font [lmroman10-regular]:mapping=t
ex-text;!
Missing character: There is no ， (U+FF0C) in font [lmroman10-regular]:mapping=t
ex-text;!
Missing character: There is no 速 (U+901F) in font [lmroman10-regular]:mapping=t
ex-text;!
Missing character: There is no 度 (U+5EA6) in font [lmroman10-regular]:mapping=t
ex-text;!
Missing character: There is no 命 (U+547D) in font [lmroman10-regular]:mapping=t
ex-text;!
Missing character: There is no 令 (U+4EE4) in font [lmroman10-regular]:mapping=t
ex-text;!
Missing character: There is no 通 (U+901A) in font [lmroman10-regular]:mapping=t
ex-text;!
Missing character: There is no 常 (U+5E38) in font [lmroman10-regular]:mapping=t
ex-text;!
Missing character: There is no 落 (U+843D) in font [lmroman10-regular]:mapping=t
ex-text;!
Missing character: There is no 在 (U+5728) in font [lmroman10-regular]:mapping=t
ex-text;!
Missing character: There is no 绝 (U+7EDD) in font [lmroman10-regular]:mapping=t
ex-text;!
Missing character: There is no 对 (U+5BF9) in font [lmroman10-regular]:mapping=t
ex-text;!
Missing character: There is no 值 (U+503C) in font [lmroman10-regular]:mapping=t
ex-text;!
Missing character: There is no 到 (U+5230) in font [lmroman10-regular]:mapping=t
ex-text;!
Missing character: There is no 的 (U+7684) in font [lmroman10-regular]:mapping=t
ex-text;!
Missing character: There is no 范 (U+8303) in font [lmroman10-regular]:mapping=t
ex-text;!
Missing character: There is no 围 (U+56F4) in font [lmroman10-regular]:mapping=t
ex-text;!
Missing character: There is no 内 (U+5185) in font [lmroman10-regular]:mapping=t
ex-text;!
Missing character: There is no 。 (U+3002) in font [lmroman10-regular]:mapping=t
ex-text;!
Missing character: There is no 因 (U+56E0) in font [lmroman10-regular]:mapping=t
ex-text;!
Missing character: There is no 此 (U+6B64) in font [lmroman10-regular]:mapping=t
ex-text;!
Missing character: There is no ， (U+FF0C) in font [lmroman10-regular]:mapping=t
ex-text;!
Missing character: There is no 我 (U+6211) in font [lmroman10-regular]:mapping=t
ex-text;!
Missing character: There is no 们 (U+4EEC) in font [lmroman10-regular]:mapping=t
ex-text;!
Missing character: There is no 将 (U+5C06) in font [lmroman10-regular]:mapping=t
ex-text;!
Missing character: There is no 其 (U+5176) in font [lmroman10-regular]:mapping=t
ex-text;!
Missing character: There is no 作 (U+4F5C) in font [lmroman10-regular]:mapping=t
ex-text;!
Missing character: There is no 为 (U+4E3A) in font [lmroman10-regular]:mapping=t
ex-text;!
Missing character: There is no 仿 (U+4EFF) in font [lmroman10-regular]:mapping=t
ex-text;!
Missing character: There is no 真 (U+771F) in font [lmroman10-regular]:mapping=t
ex-text;!
Missing character: There is no 中 (U+4E2D) in font [lmroman10-regular]:mapping=t
ex-text;!
Missing character: There is no 学 (U+5B66) in font [lmroman10-regular]:mapping=t
ex-text;!
Missing character: There is no 生 (U+751F) in font [lmroman10-regular]:mapping=t
ex-text;!
Missing character: There is no 模 (U+6A21) in font [lmroman10-regular]:mapping=t
ex-text;!
Missing character: There is no 型 (U+578B) in font [lmroman10-regular]:mapping=t
ex-text;!
Missing character: There is no 的 (U+7684) in font [lmroman10-regular]:mapping=t
ex-text;!
Missing character: There is no 终 (U+7EC8) in font [lmroman10-regular]:mapping=t
ex-text;!
Missing character: There is no 止 (U+6B62) in font [lmroman10-regular]:mapping=t
ex-text;!
Missing character: There is no 条 (U+6761) in font [lmroman10-regular]:mapping=t
ex-text;!
Missing character: There is no 件 (U+4EF6) in font [lmroman10-regular]:mapping=t
ex-text;!
Missing character: There is no ： (U+FF1A) in font [lmroman10-regular]:mapping=t
ex-text;!
Missing character: There is no 如 (U+5982) in font [lmroman10-regular]:mapping=t
ex-text;!
Missing character: There is no 果 (U+679C) in font [lmroman10-regular]:mapping=t
ex-text;!
Missing character: There is no 最 (U+6700) in font [lmroman10-regular]:mapping=t
ex-text;!
Missing character: There is no 近 (U+8FD1) in font [lmroman10-regular]:mapping=t
ex-text;!
Missing character: There is no 个 (U+4E2A) in font [lmroman10-regular]:mapping=t
ex-text;!
Missing character: There is no 命 (U+547D) in font [lmroman10-regular]:mapping=t
ex-text;!
Missing character: There is no 令 (U+4EE4) in font [lmroman10-regular]:mapping=t
ex-text;!
Missing character: There is no 的 (U+7684) in font [lmroman10-regular]:mapping=t
ex-text;!
Missing character: There is no 绝 (U+7EDD) in font [lmroman10-regular]:mapping=t
ex-text;!
Missing character: There is no 对 (U+5BF9) in font [lmroman10-regular]:mapping=t
ex-text;!
Missing character: There is no 值 (U+503C) in font [lmroman10-regular]:mapping=t
ex-text;!
Missing character: There is no 连 (U+8FDE) in font [lmroman10-regular]:mapping=t
ex-text;!
Missing character: There is no 续 (U+7EED) in font [lmroman10-regular]:mapping=t
ex-text;!
Missing character: There is no 秒 (U+79D2) in font [lmroman10-regular]:mapping=t
ex-text;!
Missing character: There is no 都 (U+90FD) in font [lmroman10-regular]:mapping=t
ex-text;!
Missing character: There is no ， (U+FF0C) in font [lmroman10-regular]:mapping=t
ex-text;!
Missing character: There is no 则 (U+5219) in font [lmroman10-regular]:mapping=t
ex-text;!
Missing character: There is no 无 (U+65E0) in font [lmroman10-regular]:mapping=t
ex-text;!
Missing character: There is no 人 (U+4EBA) in font [lmroman10-regular]:mapping=t
ex-text;!
Missing character: There is no 机 (U+673A) in font [lmroman10-regular]:mapping=t
ex-text;!
Missing character: There is no 降 (U+964D) in font [lmroman10-regular]:mapping=t
ex-text;!
Missing character: There is no 落 (U+843D) in font [lmroman10-regular]:mapping=t
ex-text;!
Missing character: There is no 并 (U+5E76) in font [lmroman10-regular]:mapping=t
ex-text;!
Missing character: There is no 结 (U+7ED3) in font [lmroman10-regular]:mapping=t
ex-text;!
Missing character: There is no 束 (U+675F) in font [lmroman10-regular]:mapping=t
ex-text;!
Missing character: There is no 测 (U+6D4B) in font [lmroman10-regular]:mapping=t
ex-text;!
Missing character: There is no 试 (U+8BD5) in font [lmroman10-regular]:mapping=t
ex-text;!
Missing character: There is no 。 (U+3002) in font [lmroman10-regular]:mapping=t
ex-text;!
Missing character: There is no 在 (U+5728) in font [lmroman10-regular]:mapping=t
ex-text;!
Missing character: There is no 真 (U+771F) in font [lmroman10-regular]:mapping=t
ex-text;!
Missing character: There is no 实 (U+5B9E) in font [lmroman10-regular]:mapping=t
ex-text;!
Missing character: There is no 环 (U+73AF) in font [lmroman10-regular]:mapping=t
ex-text;!
Missing character: There is no 境 (U+5883) in font [lmroman10-regular]:mapping=t
ex-text;!
Missing character: There is no 中 (U+4E2D) in font [lmroman10-regular]:mapping=t
ex-text;!
Missing character: There is no ， (U+FF0C) in font [lmroman10-regular]:mapping=t
ex-text;!
Missing character: There is no 测 (U+6D4B) in font [lmroman10-regular]:mapping=t
ex-text;!
Missing character: There is no 试 (U+8BD5) in font [lmroman10-regular]:mapping=t
ex-text;!
Missing character: There is no 方 (U+65B9) in font [lmroman10-regular]:mapping=t
ex-text;!
Missing character: There is no 法 (U+6CD5) in font [lmroman10-regular]:mapping=t
ex-text;!
Missing character: There is no 类 (U+7C7B) in font [lmroman10-regular]:mapping=t
ex-text;!
Missing character: There is no 似 (U+4F3C) in font [lmroman10-regular]:mapping=t
ex-text;!
Missing character: There is no ， (U+FF0C) in font [lmroman10-regular]:mapping=t
ex-text;!
Missing character: There is no 但 (U+4F46) in font [lmroman10-regular]:mapping=t
ex-text;!
Missing character: There is no 数 (U+6570) in font [lmroman10-regular]:mapping=t
ex-text;!
Missing character: There is no 据 (U+636E) in font [lmroman10-regular]:mapping=t
ex-text;!
Missing character: There is no 点 (U+70B9) in font [lmroman10-regular]:mapping=t
ex-text;!
Missing character: There is no 更 (U+66F4) in font [lmroman10-regular]:mapping=t
ex-text;!
Missing character: There is no 少 (U+5C11) in font [lmroman10-regular]:mapping=t
ex-text;!
Missing character: There is no 。 (U+3002) in font [lmroman10-regular]:mapping=t
ex-text;!
Missing character: There is no 我 (U+6211) in font [lmroman10-regular]:mapping=t
ex-text;!
Missing character: There is no 们 (U+4EEC) in font [lmroman10-regular]:mapping=t
ex-text;!
Missing character: There is no 像 (U+50CF) in font [lmroman10-regular]:mapping=t
ex-text;!
Missing character: There is no 仿 (U+4EFF) in font [lmroman10-regular]:mapping=t
ex-text;!
Missing character: There is no 真 (U+771F) in font [lmroman10-regular]:mapping=t
ex-text;!
Missing character: There is no 中 (U+4E2D) in font [lmroman10-regular]:mapping=t
ex-text;!
Missing character: There is no 一 (U+4E00) in font [lmroman10-regular]:mapping=t
ex-text;!
Missing character: There is no 样 (U+6837) in font [lmroman10-regular]:mapping=t
ex-text;!
Missing character: There is no ， (U+FF0C) in font [lmroman10-regular]:mapping=t
ex-text;!
Missing character: There is no 针 (U+9488) in font [lmroman10-regular]:mapping=t
ex-text;!
Missing character: There is no 对 (U+5BF9) in font [lmroman10-regular]:mapping=t
ex-text;!
Missing character: There is no 每 (U+6BCF) in font [lmroman10-regular]:mapping=t
ex-text;!
Missing character: There is no 个 (U+4E2A) in font [lmroman10-regular]:mapping=t
ex-text;!
Missing character: There is no 姿 (U+59FF) in font [lmroman10-regular]:mapping=t
ex-text;!
Missing character: There is no 态 (U+6001) in font [lmroman10-regular]:mapping=t
ex-text;!
Missing character: There is no 测 (U+6D4B) in font [lmroman10-regular]:mapping=t
ex-text;!
Missing character: There is no 试 (U+8BD5) in font [lmroman10-regular]:mapping=t
ex-text;!
Missing character: There is no 了 (U+4E86) in font [lmroman10-regular]:mapping=t
ex-text;!
Missing character: There is no 个 (U+4E2A) in font [lmroman10-regular]:mapping=t
ex-text;!
Missing character: There is no 飞 (U+98DE) in font [lmroman10-regular]:mapping=t
ex-text;!
Missing character: There is no 行 (U+884C) in font [lmroman10-regular]:mapping=t
ex-text;!
Missing character: There is no 序 (U+5E8F) in font [lmroman10-regular]:mapping=t
ex-text;!
Missing character: There is no 列 (U+5217) in font [lmroman10-regular]:mapping=t
ex-text;!
Missing character: There is no （ (U+FF08) in font [lmroman10-regular]:mapping=t
ex-text;!
Missing character: There is no 见 (U+89C1) in font [lmroman10-regular]:mapping=t
ex-text;!
Missing character: There is no 图 (U+56FE) in font [lmroman10-regular]:mapping=t
ex-text;!
Missing character: There is no ） (U+FF09) in font [lmroman10-regular]:mapping=t
ex-text;!
Missing character: There is no ， (U+FF0C) in font [lmroman10-regular]:mapping=t
ex-text;!
Missing character: There is no 共 (U+5171) in font [lmroman10-regular]:mapping=t
ex-text;!
Missing character: There is no 得 (U+5F97) in font [lmroman10-regular]:mapping=t
ex-text;!
Missing character: There is no 到 (U+5230) in font [lmroman10-regular]:mapping=t
ex-text;!
Missing character: There is no 次 (U+6B21) in font [lmroman10-regular]:mapping=t
ex-text;!
Missing character: There is no 真 (U+771F) in font [lmroman10-regular]:mapping=t
ex-text;!
Missing character: There is no 实 (U+5B9E) in font [lmroman10-regular]:mapping=t
ex-text;!
Missing character: There is no 评 (U+8BC4) in font [lmroman10-regular]:mapping=t
ex-text;!
Missing character: There is no 估 (U+4F30) in font [lmroman10-regular]:mapping=t
ex-text;!
Missing character: There is no ， (U+FF0C) in font [lmroman10-regular]:mapping=t
ex-text;!
Missing character: There is no 包 (U+5305) in font [lmroman10-regular]:mapping=t
ex-text;!
Missing character: There is no 含 (U+542B) in font [lmroman10-regular]:mapping=t
ex-text;!
Missing character: There is no 帧 (U+5E27) in font [lmroman10-regular]:mapping=t
ex-text;!
Missing character: There is no 。 (U+3002) in font [lmroman10-regular]:mapping=t
ex-text;!
Missing character: There is no 真 (U+771F) in font [lmroman10-regular]:mapping=t
ex-text;!
Missing character: There is no 实 (U+5B9E) in font [lmroman10-regular]:mapping=t
ex-text;!
Missing character: There is no 部 (U+90E8) in font [lmroman10-regular]:mapping=t
ex-text;!
Missing character: There is no 署 (U+7F72) in font [lmroman10-regular]:mapping=t
ex-text;!
Missing character: There is no 的 (U+7684) in font [lmroman10-regular]:mapping=t
ex-text;!
Missing character: There is no 学 (U+5B66) in font [lmroman10-regular]:mapping=t
ex-text;!
Missing character: There is no 生 (U+751F) in font [lmroman10-regular]:mapping=t
ex-text;!
Missing character: There is no 模 (U+6A21) in font [lmroman10-regular]:mapping=t
ex-text;!
Missing character: There is no 型 (U+578B) in font [lmroman10-regular]:mapping=t
ex-text;!
Missing character: There is no 先 (U+5148) in font [lmroman10-regular]:mapping=t
ex-text;!
Missing character: There is no 在 (U+5728) in font [lmroman10-regular]:mapping=t
ex-text;!
Missing character: There is no 次 (U+6B21) in font [lmroman10-regular]:mapping=t
ex-text;!
Missing character: There is no 仿 (U+4EFF) in font [lmroman10-regular]:mapping=t
ex-text;!
Missing character: There is no 真 (U+771F) in font [lmroman10-regular]:mapping=t
ex-text;!
Missing character: There is no 运 (U+8FD0) in font [lmroman10-regular]:mapping=t
ex-text;!
Missing character: There is no 行 (U+884C) in font [lmroman10-regular]:mapping=t
ex-text;!
Missing character: There is no 上 (U+4E0A) in font [lmroman10-regular]:mapping=t
ex-text;!
Missing character: There is no 进 (U+8FDB) in font [lmroman10-regular]:mapping=t
ex-text;!
Missing character: There is no 行 (U+884C) in font [lmroman10-regular]:mapping=t
ex-text;!
Missing character: There is no 预 (U+9884) in font [lmroman10-regular]:mapping=t
ex-text;!
Missing character: There is no 训 (U+8BAD) in font [lmroman10-regular]:mapping=t
ex-text;!
Missing character: There is no 练 (U+7EC3) in font [lmroman10-regular]:mapping=t
ex-text;!
Missing character: There is no ， (U+FF0C) in font [lmroman10-regular]:mapping=t
ex-text;!
Missing character: There is no 再 (U+518D) in font [lmroman10-regular]:mapping=t
ex-text;!
Missing character: There is no 在 (U+5728) in font [lmroman10-regular]:mapping=t
ex-text;!
Missing character: There is no 真 (U+771F) in font [lmroman10-regular]:mapping=t
ex-text;!
Missing character: There is no 实 (U+5B9E) in font [lmroman10-regular]:mapping=t
ex-text;!
Missing character: There is no 场 (U+573A) in font [lmroman10-regular]:mapping=t
ex-text;!
Missing character: There is no 景 (U+666F) in font [lmroman10-regular]:mapping=t
ex-text;!
Missing character: There is no 上 (U+4E0A) in font [lmroman10-regular]:mapping=t
ex-text;!
Missing character: There is no 微 (U+5FAE) in font [lmroman10-regular]:mapping=t
ex-text;!
Missing character: There is no 调 (U+8C03) in font [lmroman10-regular]:mapping=t
ex-text;!
Missing character: There is no 。 (U+3002) in font [lmroman10-regular]:mapping=t
ex-text;!
Missing character: There is no 真 (U+771F) in font [lmroman10-regular]:mapping=t
ex-text;!
Missing character: There is no 实 (U+5B9E) in font [lmroman10-regular]:mapping=t
ex-text;!
Missing character: There is no 环 (U+73AF) in font [lmroman10-regular]:mapping=t
ex-text;!
Missing character: There is no 境 (U+5883) in font [lmroman10-regular]:mapping=t
ex-text;!
Missing character: There is no 中 (U+4E2D) in font [lmroman10-regular]:mapping=t
ex-text;!
Missing character: There is no 的 (U+7684) in font [lmroman10-regular]:mapping=t
ex-text;!
Missing character: There is no 降 (U+964D) in font [lmroman10-regular]:mapping=t
ex-text;!
Missing character: There is no 落 (U+843D) in font [lmroman10-regular]:mapping=t
ex-text;!
Missing character: There is no 终 (U+7EC8) in font [lmroman10-regular]:mapping=t
ex-text;!
Missing character: There is no 止 (U+6B62) in font [lmroman10-regular]:mapping=t
ex-text;!
Missing character: There is no 条 (U+6761) in font [lmroman10-regular]:mapping=t
ex-text;!
Missing character: There is no 件 (U+4EF6) in font [lmroman10-regular]:mapping=t
ex-text;!
Missing character: There is no 与 (U+4E0E) in font [lmroman10-regular]:mapping=t
ex-text;!
Missing character: There is no 仿 (U+4EFF) in font [lmroman10-regular]:mapping=t
ex-text;!
Missing character: There is no 真 (U+771F) in font [lmroman10-regular]:mapping=t
ex-text;!
Missing character: There is no 一 (U+4E00) in font [lmroman10-regular]:mapping=t
ex-text;!
Missing character: There is no 致 (U+81F4) in font [lmroman10-regular]:mapping=t
ex-text;!
Missing character: There is no 。 (U+3002) in font [lmroman10-regular]:mapping=t
ex-text;!
Missing character: There is no 评 ("8BC4) in font ptmb!
Missing character: There is no 价 ("4EF7) in font ptmb!
Missing character: There is no 指 ("6307) in font ptmb!
Missing character: There is no 标 ("6807) in font ptmb!
Missing character: There is no 我 (U+6211) in font [lmroman10-regular]:mapping=t
ex-text;!
Missing character: There is no 们 (U+4EEC) in font [lmroman10-regular]:mapping=t
ex-text;!
Missing character: There is no 使 (U+4F7F) in font [lmroman10-regular]:mapping=t
ex-text;!
Missing character: There is no 用 (U+7528) in font [lmroman10-regular]:mapping=t
ex-text;!
Missing character: There is no 多 (U+591A) in font [lmroman10-regular]:mapping=t
ex-text;!
Missing character: There is no 个 (U+4E2A) in font [lmroman10-regular]:mapping=t
ex-text;!
Missing character: There is no 指 (U+6307) in font [lmroman10-regular]:mapping=t
ex-text;!
Missing character: There is no 标 (U+6807) in font [lmroman10-regular]:mapping=t
ex-text;!
Missing character: There is no 比 (U+6BD4) in font [lmroman10-regular]:mapping=t
ex-text;!
Missing character: There is no 较 (U+8F83) in font [lmroman10-regular]:mapping=t
ex-text;!
Missing character: There is no 教 (U+6559) in font [lmroman10-regular]:mapping=t
ex-text;!
Missing character: There is no 师 (U+5E08) in font [lmroman10-regular]:mapping=t
ex-text;!
Missing character: There is no 模 (U+6A21) in font [lmroman10-regular]:mapping=t
ex-text;!
Missing character: There is no 型 (U+578B) in font [lmroman10-regular]:mapping=t
ex-text;!
Missing character: There is no 和 (U+548C) in font [lmroman10-regular]:mapping=t
ex-text;!
Missing character: There is no 学 (U+5B66) in font [lmroman10-regular]:mapping=t
ex-text;!
Missing character: There is no 生 (U+751F) in font [lmroman10-regular]:mapping=t
ex-text;!
Missing character: There is no 模 (U+6A21) in font [lmroman10-regular]:mapping=t
ex-text;!
Missing character: There is no 型 (U+578B) in font [lmroman10-regular]:mapping=t
ex-text;!
Missing character: There is no 的 (U+7684) in font [lmroman10-regular]:mapping=t
ex-text;!
Missing character: There is no 性 (U+6027) in font [lmroman10-regular]:mapping=t
ex-text;!
Missing character: There is no 能 (U+80FD) in font [lmroman10-regular]:mapping=t
ex-text;!
Missing character: There is no 。 (U+3002) in font [lmroman10-regular]:mapping=t
ex-text;!
Missing character: There is no 主 (U+4E3B) in font [lmroman10-regular]:mapping=t
ex-text;!
Missing character: There is no 要 (U+8981) in font [lmroman10-regular]:mapping=t
ex-text;!
Missing character: There is no 指 (U+6307) in font [lmroman10-regular]:mapping=t
ex-text;!
Missing character: There is no 标 (U+6807) in font [lmroman10-regular]:mapping=t
ex-text;!
Missing character: There is no 包 (U+5305) in font [lmroman10-regular]:mapping=t
ex-text;!
Missing character: There is no 括 (U+62EC) in font [lmroman10-regular]:mapping=t
ex-text;!
Missing character: There is no 最 (U+6700) in font [lmroman10-regular]:mapping=t
ex-text;!
Missing character: There is no 后 (U+540E) in font [lmroman10-regular]:mapping=t
ex-text;!
Missing character: There is no 秒 (U+79D2) in font [lmroman10-regular]:mapping=t
ex-text;!
Missing character: There is no 内 (U+5185) in font [lmroman10-regular]:mapping=t
ex-text;!
Missing character: There is no 目 (U+76EE) in font [lmroman10-regular]:mapping=t
ex-text;!
Missing character: There is no 标 (U+6807) in font [lmroman10-regular]:mapping=t
ex-text;!
Missing character: There is no 点 (U+70B9) in font [lmroman10-regular]:mapping=t
ex-text;!
Missing character: There is no 与 (U+4E0E) in font [lmroman10-regular]:mapping=t
ex-text;!
Missing character: There is no 当 (U+5F53) in font [lmroman10-regular]:mapping=t
ex-text;!
Missing character: There is no 前 (U+524D) in font [lmroman10-regular]:mapping=t
ex-text;!
Missing character: There is no 点 (U+70B9) in font [lmroman10-regular]:mapping=t
ex-text;!
Missing character: There is no 之 (U+4E4B) in font [lmroman10-regular]:mapping=t
ex-text;!
Missing character: There is no 间 (U+95F4) in font [lmroman10-regular]:mapping=t
ex-text;!
Missing character: There is no 的 (U+7684) in font [lmroman10-regular]:mapping=t
ex-text;!
Missing character: There is no 误 (U+8BEF) in font [lmroman10-regular]:mapping=t
ex-text;!
Missing character: There is no 差 (U+5DEE) in font [lmroman10-regular]:mapping=t
ex-text;!
Missing character: There is no 范 (U+8303) in font [lmroman10-regular]:mapping=t
ex-text;!
Missing character: There is no 数 (U+6570) in font [lmroman10-regular]:mapping=t
ex-text;!
Missing character: There is no 和 (U+548C) in font [lmroman10-regular]:mapping=t
ex-text;!
Missing character: There is no 交 (U+4EA4) in font [lmroman10-regular]:mapping=t
ex-text;!
Missing character: There is no 并 (U+5E76) in font [lmroman10-regular]:mapping=t
ex-text;!
Missing character: There is no 比 (U+6BD4) in font [lmroman10-regular]:mapping=t
ex-text;!
Missing character: There is no （ (U+FF08) in font [lmroman10-regular]:mapping=t
ex-text;!
Missing character: There is no ） (U+FF09) in font [lmroman10-regular]:mapping=t
ex-text;!
Missing character: There is no 。 (U+3002) in font [lmroman10-regular]:mapping=t
ex-text;!
Missing character: There is no 此 (U+6B64) in font [lmroman10-regular]:mapping=t
ex-text;!
Missing character: There is no 外 (U+5916) in font [lmroman10-regular]:mapping=t
ex-text;!
Missing character: There is no ， (U+FF0C) in font [lmroman10-regular]:mapping=t
ex-text;!
Missing character: There is no 我 (U+6211) in font [lmroman10-regular]:mapping=t
ex-text;!
Missing character: There is no 们 (U+4EEC) in font [lmroman10-regular]:mapping=t
ex-text;!
Missing character: There is no 还 (U+8FD8) in font [lmroman10-regular]:mapping=t
ex-text;!
Missing character: There is no 测 (U+6D4B) in font [lmroman10-regular]:mapping=t
ex-text;!
Missing character: There is no 量 (U+91CF) in font [lmroman10-regular]:mapping=t
ex-text;!
Missing character: There is no 了 (U+4E86) in font [lmroman10-regular]:mapping=t
ex-text;!
Missing character: There is no 从 (U+4ECE) in font [lmroman10-regular]:mapping=t
ex-text;!
Missing character: There is no 跟 (U+8DDF) in font [lmroman10-regular]:mapping=t
ex-text;!
Missing character: There is no 踪 (U+8E2A) in font [lmroman10-regular]:mapping=t
ex-text;!
Missing character: There is no 开 (U+5F00) in font [lmroman10-regular]:mapping=t
ex-text;!
Missing character: There is no 始 (U+59CB) in font [lmroman10-regular]:mapping=t
ex-text;!
Missing character: There is no （ (U+FF08) in font [lmroman10-regular]:mapping=t
ex-text;!
Missing character: There is no 无 (U+65E0) in font [lmroman10-regular]:mapping=t
ex-text;!
Missing character: There is no 人 (U+4EBA) in font [lmroman10-regular]:mapping=t
ex-text;!
Missing character: There is no 机 (U+673A) in font [lmroman10-regular]:mapping=t
ex-text;!
Missing character: There is no 起 (U+8D77) in font [lmroman10-regular]:mapping=t
ex-text;!
Missing character: There is no 飞 (U+98DE) in font [lmroman10-regular]:mapping=t
ex-text;!
Missing character: There is no 且 (U+4E14) in font [lmroman10-regular]:mapping=t
ex-text;!
Missing character: There is no 摄 (U+6444) in font [lmroman10-regular]:mapping=t
ex-text;!
Missing character: There is no 像 (U+50CF) in font [lmroman10-regular]:mapping=t
ex-text;!
Missing character: There is no 头 (U+5934) in font [lmroman10-regular]:mapping=t
ex-text;!
Missing character: There is no 向 (U+5411) in font [lmroman10-regular]:mapping=t
ex-text;!
Missing character: There is no 下 (U+4E0B) in font [lmroman10-regular]:mapping=t
ex-text;!
Missing character: There is no 倾 (U+503E) in font [lmroman10-regular]:mapping=t
ex-text;!
Missing character: There is no 斜 (U+659C) in font [lmroman10-regular]:mapping=t
ex-text;!
Missing character: There is no 度 (U+5EA6) in font [lmroman10-regular]:mapping=t
ex-text;!
Missing character: There is no ） (U+FF09) in font [lmroman10-regular]:mapping=t
ex-text;!
Missing character: There is no 到 (U+5230) in font [lmroman10-regular]:mapping=t
ex-text;!
Missing character: There is no 降 (U+964D) in font [lmroman10-regular]:mapping=t
ex-text;!
Missing character: There is no 落 (U+843D) in font [lmroman10-regular]:mapping=t
ex-text;!
Missing character: There is no 为 (U+4E3A) in font [lmroman10-regular]:mapping=t
ex-text;!
Missing character: There is no 止 (U+6B62) in font [lmroman10-regular]:mapping=t
ex-text;!
Missing character: There is no 的 (U+7684) in font [lmroman10-regular]:mapping=t
ex-text;!
Missing character: There is no 总 (U+603B) in font [lmroman10-regular]:mapping=t
ex-text;!
Missing character: There is no 飞 (U+98DE) in font [lmroman10-regular]:mapping=t
ex-text;!
Missing character: There is no 行 (U+884C) in font [lmroman10-regular]:mapping=t
ex-text;!
Missing character: There is no 时 (U+65F6) in font [lmroman10-regular]:mapping=t
ex-text;!
Missing character: There is no 长 (U+957F) in font [lmroman10-regular]:mapping=t
ex-text;!
Missing character: There is no 和 (U+548C) in font [lmroman10-regular]:mapping=t
ex-text;!
Missing character: There is no 飞 (U+98DE) in font [lmroman10-regular]:mapping=t
ex-text;!
Missing character: There is no 行 (U+884C) in font [lmroman10-regular]:mapping=t
ex-text;!
Missing character: There is no 距 (U+8DDD) in font [lmroman10-regular]:mapping=t
ex-text;!
Missing character: There is no 离 (U+79BB) in font [lmroman10-regular]:mapping=t
ex-text;!
Missing character: There is no 。 (U+3002) in font [lmroman10-regular]:mapping=t
ex-text;!
Missing character: There is no 对 (U+5BF9) in font [lmroman10-regular]:mapping=t
ex-text;!
Missing character: There is no 于 (U+4E8E) in font [lmroman10-regular]:mapping=t
ex-text;!
Missing character: There is no 学 (U+5B66) in font [lmroman10-regular]:mapping=t
ex-text;!
Missing character: There is no 生 (U+751F) in font [lmroman10-regular]:mapping=t
ex-text;!
Missing character: There is no 模 (U+6A21) in font [lmroman10-regular]:mapping=t
ex-text;!
Missing character: There is no 型 (U+578B) in font [lmroman10-regular]:mapping=t
ex-text;!
Missing character: There is no ， (U+FF0C) in font [lmroman10-regular]:mapping=t
ex-text;!
Missing character: There is no 这 (U+8FD9) in font [lmroman10-regular]:mapping=t
ex-text;!
Missing character: There is no 些 (U+4E9B) in font [lmroman10-regular]:mapping=t
ex-text;!
Missing character: There is no 指 (U+6307) in font [lmroman10-regular]:mapping=t
ex-text;!
Missing character: There is no 标 (U+6807) in font [lmroman10-regular]:mapping=t
ex-text;!
Missing character: There is no 在 (U+5728) in font [lmroman10-regular]:mapping=t
ex-text;!
Missing character: There is no 离 (U+79BB) in font [lmroman10-regular]:mapping=t
ex-text;!
Missing character: There is no 线 (U+7EBF) in font [lmroman10-regular]:mapping=t
ex-text;!
Missing character: There is no 状 (U+72B6) in font [lmroman10-regular]:mapping=t
ex-text;!
Missing character: There is no 态 (U+6001) in font [lmroman10-regular]:mapping=t
ex-text;!
Missing character: There is no 下 (U+4E0B) in font [lmroman10-regular]:mapping=t
ex-text;!
Missing character: There is no 计 (U+8BA1) in font [lmroman10-regular]:mapping=t
ex-text;!
Missing character: There is no 算 (U+7B97) in font [lmroman10-regular]:mapping=t
ex-text;!
Missing character: There is no 。 (U+3002) in font [lmroman10-regular]:mapping=t
ex-text;!
Missing character: There is no 结 ("7ED3) in font ptmb!
Missing character: There is no 果 ("679C) in font ptmb!
Missing character: There is no 与 ("4E0E) in font ptmb!
Missing character: There is no 讨 ("8BA8) in font ptmb!
Missing character: There is no 论 ("8BBA) in font ptmb!
Missing character: There is no 结 (U+7ED3) in font [lmroman10-regular]:mapping=t
ex-text;!
Missing character: There is no 果 (U+679C) in font [lmroman10-regular]:mapping=t
ex-text;!
Missing character: There is no 表 (U+8868) in font [lmroman10-regular]:mapping=t
ex-text;!
Missing character: There is no 明 (U+660E) in font [lmroman10-regular]:mapping=t
ex-text;!
Missing character: There is no ， (U+FF0C) in font [lmroman10-regular]:mapping=t
ex-text;!
Missing character: There is no 与 (U+4E0E) in font [lmroman10-regular]:mapping=t
ex-text;!
Missing character: There is no 教 (U+6559) in font [lmroman10-regular]:mapping=t
ex-text;!
Missing character: There is no 师 (U+5E08) in font [lmroman10-regular]:mapping=t
ex-text;!
Missing character: There is no 方 (U+65B9) in font [lmroman10-regular]:mapping=t
ex-text;!
Missing character: There is no 法 (U+6CD5) in font [lmroman10-regular]:mapping=t
ex-text;!
Missing character: There is no 相 (U+76F8) in font [lmroman10-regular]:mapping=t
ex-text;!
Missing character: There is no 比 (U+6BD4) in font [lmroman10-regular]:mapping=t
ex-text;!
Missing character: There is no ， (U+FF0C) in font [lmroman10-regular]:mapping=t
ex-text;!
Missing character: There is no 学 (U+5B66) in font [lmroman10-regular]:mapping=t
ex-text;!
Missing character: There is no 生 (U+751F) in font [lmroman10-regular]:mapping=t
ex-text;!
Missing character: There is no 模 (U+6A21) in font [lmroman10-regular]:mapping=t
ex-text;!
Missing character: There is no 型 (U+578B) in font [lmroman10-regular]:mapping=t
ex-text;!
Missing character: There is no 的 (U+7684) in font [lmroman10-regular]:mapping=t
ex-text;!
Missing character: There is no 跟 (U+8DDF) in font [lmroman10-regular]:mapping=t
ex-text;!
Missing character: There is no 踪 (U+8E2A) in font [lmroman10-regular]:mapping=t
ex-text;!
Missing character: There is no 精 (U+7CBE) in font [lmroman10-regular]:mapping=t
ex-text;!
Missing character: There is no 度 (U+5EA6) in font [lmroman10-regular]:mapping=t
ex-text;!
Missing character: There is no 显 (U+663E) in font [lmroman10-regular]:mapping=t
ex-text;!
Missing character: There is no 著 (U+8457) in font [lmroman10-regular]:mapping=t
ex-text;!
Missing character: There is no 提 (U+63D0) in font [lmroman10-regular]:mapping=t
ex-text;!
Missing character: There is no 升 (U+5347) in font [lmroman10-regular]:mapping=t
ex-text;!
Missing character: There is no 。 (U+3002) in font [lmroman10-regular]:mapping=t
ex-text;!
Missing character: There is no 在 (U+5728) in font [lmroman10-regular]:mapping=t
ex-text;!
Missing character: There is no 仿 (U+4EFF) in font [lmroman10-regular]:mapping=t
ex-text;!
Missing character: There is no 真 (U+771F) in font [lmroman10-regular]:mapping=t
ex-text;!
Missing character: There is no 中 (U+4E2D) in font [lmroman10-regular]:mapping=t
ex-text;!
Missing character: There is no ， (U+FF0C) in font [lmroman10-regular]:mapping=t
ex-text;!
Missing character: There is no 学 (U+5B66) in font [lmroman10-regular]:mapping=t
ex-text;!
Missing character: There is no 生 (U+751F) in font [lmroman10-regular]:mapping=t
ex-text;!
Missing character: There is no 模 (U+6A21) in font [lmroman10-regular]:mapping=t
ex-text;!
Missing character: There is no 型 (U+578B) in font [lmroman10-regular]:mapping=t
ex-text;!
Missing character: There is no 的 (U+7684) in font [lmroman10-regular]:mapping=t
ex-text;!
Missing character: There is no 平 (U+5E73) in font [lmroman10-regular]:mapping=t
ex-text;!
Missing character: There is no 均 (U+5747) in font [lmroman10-regular]:mapping=t
ex-text;!
Missing character: There is no 误 (U+8BEF) in font [lmroman10-regular]:mapping=t
ex-text;!
Missing character: There is no 差 (U+5DEE) in font [lmroman10-regular]:mapping=t
ex-text;!
Missing character: There is no 范 (U+8303) in font [lmroman10-regular]:mapping=t
ex-text;!
Missing character: There is no 数 (U+6570) in font [lmroman10-regular]:mapping=t
ex-text;!
Missing character: There is no 为 (U+4E3A) in font [lmroman10-regular]:mapping=t
ex-text;!
Missing character: There is no 像 (U+50CF) in font [lmroman10-regular]:mapping=t
ex-text;!
Missing character: There is no 素 (U+7D20) in font [lmroman10-regular]:mapping=t
ex-text;!
Missing character: There is no ， (U+FF0C) in font [lmroman10-regular]:mapping=t
ex-text;!
Missing character: There is no 而 (U+800C) in font [lmroman10-regular]:mapping=t
ex-text;!
Missing character: There is no 教 (U+6559) in font [lmroman10-regular]:mapping=t
ex-text;!
Missing character: There is no 师 (U+5E08) in font [lmroman10-regular]:mapping=t
ex-text;!
Missing character: There is no 模 (U+6A21) in font [lmroman10-regular]:mapping=t
ex-text;!
Missing character: There is no 型 (U+578B) in font [lmroman10-regular]:mapping=t
ex-text;!
Missing character: There is no 为 (U+4E3A) in font [lmroman10-regular]:mapping=t
ex-text;!
Missing character: There is no 像 (U+50CF) in font [lmroman10-regular]:mapping=t
ex-text;!
Missing character: There is no 素 (U+7D20) in font [lmroman10-regular]:mapping=t
ex-text;!
Missing character: There is no ， (U+FF0C) in font [lmroman10-regular]:mapping=t
ex-text;!
Missing character: There is no 跟 (U+8DDF) in font [lmroman10-regular]:mapping=t
ex-text;!
Missing character: There is no 踪 (U+8E2A) in font [lmroman10-regular]:mapping=t
ex-text;!
Missing character: There is no 精 (U+7CBE) in font [lmroman10-regular]:mapping=t
ex-text;!
Missing character: There is no 度 (U+5EA6) in font [lmroman10-regular]:mapping=t
ex-text;!
Missing character: There is no 提 (U+63D0) in font [lmroman10-regular]:mapping=t
ex-text;!
Missing character: There is no 升 (U+5347) in font [lmroman10-regular]:mapping=t
ex-text;!
Missing character: There is no 了 (U+4E86) in font [lmroman10-regular]:mapping=t
ex-text;!
Missing character: There is no 。 (U+3002) in font [lmroman10-regular]:mapping=t
ex-text;!
Missing character: There is no 指 (U+6307) in font [lmroman10-regular]:mapping=t
ex-text;!
Missing character: There is no 标 (U+6807) in font [lmroman10-regular]:mapping=t
ex-text;!
Missing character: There is no 也 (U+4E5F) in font [lmroman10-regular]:mapping=t
ex-text;!
Missing character: There is no 表 (U+8868) in font [lmroman10-regular]:mapping=t
ex-text;!
Missing character: There is no 现 (U+73B0) in font [lmroman10-regular]:mapping=t
ex-text;!
Missing character: There is no 出 (U+51FA) in font [lmroman10-regular]:mapping=t
ex-text;!
Missing character: There is no 类 (U+7C7B) in font [lmroman10-regular]:mapping=t
ex-text;!
Missing character: There is no 似 (U+4F3C) in font [lmroman10-regular]:mapping=t
ex-text;!
Missing character: There is no 的 (U+7684) in font [lmroman10-regular]:mapping=t
ex-text;!
Missing character: There is no 改 (U+6539) in font [lmroman10-regular]:mapping=t
ex-text;!
Missing character: There is no 进 (U+8FDB) in font [lmroman10-regular]:mapping=t
ex-text;!
Missing character: There is no ， (U+FF0C) in font [lmroman10-regular]:mapping=t
ex-text;!
Missing character: There is no 学 (U+5B66) in font [lmroman10-regular]:mapping=t
ex-text;!
Missing character: There is no 生 (U+751F) in font [lmroman10-regular]:mapping=t
ex-text;!
Missing character: There is no 模 (U+6A21) in font [lmroman10-regular]:mapping=t
ex-text;!
Missing character: There is no 型 (U+578B) in font [lmroman10-regular]:mapping=t
ex-text;!
Missing character: There is no 达 (U+8FBE) in font [lmroman10-regular]:mapping=t
ex-text;!
Missing character: There is no 到 (U+5230) in font [lmroman10-regular]:mapping=t
ex-text;!
Missing character: There is no ， (U+FF0C) in font [lmroman10-regular]:mapping=t
ex-text;!
Missing character: There is no 教 (U+6559) in font [lmroman10-regular]:mapping=t
ex-text;!
Missing character: There is no 师 (U+5E08) in font [lmroman10-regular]:mapping=t
ex-text;!
Missing character: There is no 模 (U+6A21) in font [lmroman10-regular]:mapping=t
ex-text;!
Missing character: There is no 型 (U+578B) in font [lmroman10-regular]:mapping=t
ex-text;!
Missing character: There is no 为 (U+4E3A) in font [lmroman10-regular]:mapping=t
ex-text;!
Missing character: There is no ， (U+FF0C) in font [lmroman10-regular]:mapping=t
ex-text;!
Missing character: There is no 说 (U+8BF4) in font [lmroman10-regular]:mapping=t
ex-text;!
Missing character: There is no 明 (U+660E) in font [lmroman10-regular]:mapping=t
ex-text;!
Missing character: There is no 学 (U+5B66) in font [lmroman10-regular]:mapping=t
ex-text;!
Missing character: There is no 生 (U+751F) in font [lmroman10-regular]:mapping=t
ex-text;!
Missing character: There is no 模 (U+6A21) in font [lmroman10-regular]:mapping=t
ex-text;!
Missing character: There is no 型 (U+578B) in font [lmroman10-regular]:mapping=t
ex-text;!
Missing character: There is no 在 (U+5728) in font [lmroman10-regular]:mapping=t
ex-text;!
Missing character: There is no 目 (U+76EE) in font [lmroman10-regular]:mapping=t
ex-text;!
Missing character: There is no 标 (U+6807) in font [lmroman10-regular]:mapping=t
ex-text;!
Missing character: There is no 覆 (U+8986) in font [lmroman10-regular]:mapping=t
ex-text;!
Missing character: There is no 盖 (U+76D6) in font [lmroman10-regular]:mapping=t
ex-text;!
Missing character: There is no 和 (U+548C) in font [lmroman10-regular]:mapping=t
ex-text;!
Missing character: There is no 定 (U+5B9A) in font [lmroman10-regular]:mapping=t
ex-text;!
Missing character: There is no 位 (U+4F4D) in font [lmroman10-regular]:mapping=t
ex-text;!
Missing character: There is no 方 (U+65B9) in font [lmroman10-regular]:mapping=t
ex-text;!
Missing character: There is no 面 (U+9762) in font [lmroman10-regular]:mapping=t
ex-text;!
Missing character: There is no 更 (U+66F4) in font [lmroman10-regular]:mapping=t
ex-text;!
Missing character: There is no 好 (U+597D) in font [lmroman10-regular]:mapping=t
ex-text;!
Missing character: There is no 。 (U+3002) in font [lmroman10-regular]:mapping=t
ex-text;!
Missing character: There is no 仿 (U+4EFF) in font [lmroman9-regular]:mapping=te
x-text;!
Missing character: There is no 真 (U+771F) in font [lmroman9-regular]:mapping=te
x-text;!
Missing character: There is no 飞 (U+98DE) in font [lmroman9-regular]:mapping=te
x-text;!
Missing character: There is no 行 (U+884C) in font [lmroman9-regular]:mapping=te
x-text;!
Missing character: There is no 距 (U+8DDD) in font [lmroman9-regular]:mapping=te
x-text;!
Missing character: There is no 离 (U+79BB) in font [lmroman9-regular]:mapping=te
x-text;!
Missing character: There is no 时 (U+65F6) in font [lmroman9-regular]:mapping=te
x-text;!
Missing character: There is no 间 (U+95F4) in font [lmroman9-regular]:mapping=te
x-text;!
Missing character: There is no 仿 (U+4EFF) in font [lmroman9-regular]:mapping=te
x-text;!
Missing character: There is no 真 (U+771F) in font [lmroman9-regular]:mapping=te
x-text;!
Missing character: There is no 误 (U+8BEF) in font [lmroman9-regular]:mapping=te
x-text;!
Missing character: There is no 差 (U+5DEE) in font [lmroman9-regular]:mapping=te
x-text;!
Missing character: There is no 范 (U+8303) in font [lmroman9-regular]:mapping=te
x-text;!
Missing character: There is no 数 (U+6570) in font [lmroman9-regular]:mapping=te
x-text;!
Missing character: There is no 仿 (U+4EFF) in font [lmroman9-regular]:mapping=te
x-text;!
Missing character: There is no 真 (U+771F) in font [lmroman9-regular]:mapping=te
x-text;!
Missing character: There is no 真 (U+771F) in font [lmroman9-regular]:mapping=te
x-text;!
Missing character: There is no 实 (U+5B9E) in font [lmroman9-regular]:mapping=te
x-text;!
Missing character: There is no 飞 (U+98DE) in font [lmroman9-regular]:mapping=te
x-text;!
Missing character: There is no 行 (U+884C) in font [lmroman9-regular]:mapping=te
x-text;!
Missing character: There is no 距 (U+8DDD) in font [lmroman9-regular]:mapping=te
x-text;!
Missing character: There is no 离 (U+79BB) in font [lmroman9-regular]:mapping=te
x-text;!
Missing character: There is no 时 (U+65F6) in font [lmroman9-regular]:mapping=te
x-text;!
Missing character: There is no 间 (U+95F4) in font [lmroman9-regular]:mapping=te
x-text;!
Missing character: There is no 真 (U+771F) in font [lmroman9-regular]:mapping=te
x-text;!
Missing character: There is no 实 (U+5B9E) in font [lmroman9-regular]:mapping=te
x-text;!
Missing character: There is no 误 (U+8BEF) in font [lmroman9-regular]:mapping=te
x-text;!
Missing character: There is no 差 (U+5DEE) in font [lmroman9-regular]:mapping=te
x-text;!
Missing character: There is no 范 (U+8303) in font [lmroman9-regular]:mapping=te
x-text;!
Missing character: There is no 数 (U+6570) in font [lmroman9-regular]:mapping=te
x-text;!
Missing character: There is no 左 (U+5DE6) in font [lmroman9-regular]:mapping=te
x-text;!
Missing character: There is no 上 (U+4E0A) in font [lmroman9-regular]:mapping=te
x-text;!
Missing character: There is no 教 (U+6559) in font [lmroman9-regular]:mapping=te
x-text;!
Missing character: There is no 师 (U+5E08) in font [lmroman9-regular]:mapping=te
x-text;!
Missing character: There is no 学 (U+5B66) in font [lmroman9-regular]:mapping=te
x-text;!
Missing character: There is no 生 (U+751F) in font [lmroman9-regular]:mapping=te
x-text;!
Missing character: There is no 右 (U+53F3) in font [lmroman9-regular]:mapping=te
x-text;!
Missing character: There is no 上 (U+4E0A) in font [lmroman9-regular]:mapping=te
x-text;!
Missing character: There is no 教 (U+6559) in font [lmroman9-regular]:mapping=te
x-text;!
Missing character: There is no 师 (U+5E08) in font [lmroman9-regular]:mapping=te
x-text;!
Missing character: There is no 学 (U+5B66) in font [lmroman9-regular]:mapping=te
x-text;!
Missing character: There is no 生 (U+751F) in font [lmroman9-regular]:mapping=te
x-text;!
Missing character: There is no 左 (U+5DE6) in font [lmroman9-regular]:mapping=te
x-text;!
Missing character: There is no 前 (U+524D) in font [lmroman9-regular]:mapping=te
x-text;!
Missing character: There is no 教 (U+6559) in font [lmroman9-regular]:mapping=te
x-text;!
Missing character: There is no 师 (U+5E08) in font [lmroman9-regular]:mapping=te
x-text;!
Missing character: There is no 学 (U+5B66) in font [lmroman9-regular]:mapping=te
x-text;!
Missing character: There is no 生 (U+751F) in font [lmroman9-regular]:mapping=te
x-text;!
Missing character: There is no 右 (U+53F3) in font [lmroman9-regular]:mapping=te
x-text;!
Missing character: There is no 前 (U+524D) in font [lmroman9-regular]:mapping=te
x-text;!
Missing character: There is no 教 (U+6559) in font [lmroman9-regular]:mapping=te
x-text;!
Missing character: There is no 师 (U+5E08) in font [lmroman9-regular]:mapping=te
x-text;!
Missing character: There is no 学 (U+5B66) in font [lmroman9-regular]:mapping=te
x-text;!
Missing character: There is no 生 (U+751F) in font [lmroman9-regular]:mapping=te
x-text;!
Missing character: There is no 左 (U+5DE6) in font [lmroman9-regular]:mapping=te
x-text;!
Missing character: There is no 教 (U+6559) in font [lmroman9-regular]:mapping=te
x-text;!
Missing character: There is no 师 (U+5E08) in font [lmroman9-regular]:mapping=te
x-text;!
Missing character: There is no 学 (U+5B66) in font [lmroman9-regular]:mapping=te
x-text;!
Missing character: There is no 生 (U+751F) in font [lmroman9-regular]:mapping=te
x-text;!
Missing character: There is no 右 (U+53F3) in font [lmroman9-regular]:mapping=te
x-text;!
Missing character: There is no 教 (U+6559) in font [lmroman9-regular]:mapping=te
x-text;!
Missing character: There is no 师 (U+5E08) in font [lmroman9-regular]:mapping=te
x-text;!
Missing character: There is no 学 (U+5B66) in font [lmroman9-regular]:mapping=te
x-text;!
Missing character: There is no 生 (U+751F) in font [lmroman9-regular]:mapping=te
x-text;!
Missing character: There is no 左 (U+5DE6) in font [lmroman9-regular]:mapping=te
x-text;!
Missing character: There is no 下 (U+4E0B) in font [lmroman9-regular]:mapping=te
x-text;!
Missing character: There is no 教 (U+6559) in font [lmroman9-regular]:mapping=te
x-text;!
Missing character: There is no 师 (U+5E08) in font [lmroman9-regular]:mapping=te
x-text;!
Missing character: There is no 学 (U+5B66) in font [lmroman9-regular]:mapping=te
x-text;!
Missing character: There is no 生 (U+751F) in font [lmroman9-regular]:mapping=te
x-text;!
Missing character: There is no 右 (U+53F3) in font [lmroman9-regular]:mapping=te
x-text;!
Missing character: There is no 下 (U+4E0B) in font [lmroman9-regular]:mapping=te
x-text;!
Missing character: There is no 教 (U+6559) in font [lmroman9-regular]:mapping=te
x-text;!
Missing character: There is no 师 (U+5E08) in font [lmroman9-regular]:mapping=te
x-text;!
Missing character: There is no 学 (U+5B66) in font [lmroman9-regular]:mapping=te
x-text;!
Missing character: There is no 生 (U+751F) in font [lmroman9-regular]:mapping=te
x-text;!
Missing character: There is no 平 (U+5E73) in font [lmroman9-regular]:mapping=te
x-text;!
Missing character: There is no 均 (U+5747) in font [lmroman9-regular]:mapping=te
x-text;!
Missing character: There is no 教 (U+6559) in font [lmroman9-regular]:mapping=te
x-text;!
Missing character: There is no 师 (U+5E08) in font [lmroman9-regular]:mapping=te
x-text;!
Missing character: There is no 学 (U+5B66) in font [lmroman9-regular]:mapping=te
x-text;!
Missing character: There is no 生 (U+751F) in font [lmroman9-regular]:mapping=te
x-text;!
Missing character: There is no 不 (U+4E0D) in font [lmroman9-regular]:mapping=te
x-text;!
Missing character: There is no 同 (U+540C) in font [lmroman9-regular]:mapping=te
x-text;!
Missing character: There is no 起 (U+8D77) in font [lmroman9-regular]:mapping=te
x-text;!
Missing character: There is no 始 (U+59CB) in font [lmroman9-regular]:mapping=te
x-text;!
Missing character: There is no 位 (U+4F4D) in font [lmroman9-regular]:mapping=te
x-text;!
Missing character: There is no 姿 (U+59FF) in font [lmroman9-regular]:mapping=te
x-text;!
Missing character: There is no 下 (U+4E0B) in font [lmroman9-regular]:mapping=te
x-text;!
Missing character: There is no 的 (U+7684) in font [lmroman9-regular]:mapping=te
x-text;!
Missing character: There is no 教 (U+6559) in font [lmroman9-regular]:mapping=te
x-text;!
Missing character: There is no 师 (U+5E08) in font [lmroman9-regular]:mapping=te
x-text;!
Missing character: There is no 学 (U+5B66) in font [lmroman9-regular]:mapping=te
x-text;!
Missing character: There is no 生 (U+751F) in font [lmroman9-regular]:mapping=te
x-text;!
Missing character: There is no 比 (U+6BD4) in font [lmroman9-regular]:mapping=te
x-text;!
Missing character: There is no 较 (U+8F83) in font [lmroman9-regular]:mapping=te
x-text;!
Missing character: There is no 。 (U+3002) in font [lmroman9-regular]:mapping=te
x-text;!
Missing character: There is no 左 (U+5DE6) in font [lmroman9-regular]:mapping=te
x-text;!
Missing character: There is no 侧 (U+4FA7) in font [lmroman9-regular]:mapping=te
x-text;!
Missing character: There is no 为 (U+4E3A) in font [lmroman9-regular]:mapping=te
x-text;!
Missing character: There is no 仿 (U+4EFF) in font [lmroman9-regular]:mapping=te
x-text;!
Missing character: There is no 真 (U+771F) in font [lmroman9-regular]:mapping=te
x-text;!
Missing character: There is no 结 (U+7ED3) in font [lmroman9-regular]:mapping=te
x-text;!
Missing character: There is no 果 (U+679C) in font [lmroman9-regular]:mapping=te
x-text;!
Missing character: There is no ， (U+FF0C) in font [lmroman9-regular]:mapping=te
x-text;!
Missing character: There is no 右 (U+53F3) in font [lmroman9-regular]:mapping=te
x-text;!
Missing character: There is no 侧 (U+4FA7) in font [lmroman9-regular]:mapping=te
x-text;!
Missing character: There is no 为 (U+4E3A) in font [lmroman9-regular]:mapping=te
x-text;!
Missing character: There is no 真 (U+771F) in font [lmroman9-regular]:mapping=te
x-text;!
Missing character: There is no 实 (U+5B9E) in font [lmroman9-regular]:mapping=te
x-text;!
Missing character: There is no 飞 (U+98DE) in font [lmroman9-regular]:mapping=te
x-text;!
Missing character: There is no 行 (U+884C) in font [lmroman9-regular]:mapping=te
x-text;!
Missing character: There is no 结 (U+7ED3) in font [lmroman9-regular]:mapping=te
x-text;!
Missing character: There is no 果 (U+679C) in font [lmroman9-regular]:mapping=te
x-text;!
Missing character: There is no 。 (U+3002) in font [lmroman9-regular]:mapping=te
x-text;!
Missing character: There is no 指 (U+6307) in font [lmroman9-regular]:mapping=te
x-text;!
Missing character: There is no 标 (U+6807) in font [lmroman9-regular]:mapping=te
x-text;!
Missing character: There is no 包 (U+5305) in font [lmroman9-regular]:mapping=te
x-text;!
Missing character: There is no 括 (U+62EC) in font [lmroman9-regular]:mapping=te
x-text;!
Missing character: There is no 总 (U+603B) in font [lmroman9-regular]:mapping=te
x-text;!
Missing character: There is no 飞 (U+98DE) in font [lmroman9-regular]:mapping=te
x-text;!
Missing character: There is no 行 (U+884C) in font [lmroman9-regular]:mapping=te
x-text;!
Missing character: There is no 距 (U+8DDD) in font [lmroman9-regular]:mapping=te
x-text;!
Missing character: There is no 离 (U+79BB) in font [lmroman9-regular]:mapping=te
x-text;!
Missing character: There is no 时 (U+65F6) in font [lmroman9-regular]:mapping=te
x-text;!
Missing character: There is no 间 (U+95F4) in font [lmroman9-regular]:mapping=te
x-text;!
Missing character: There is no 、 (U+3001) in font [lmroman9-regular]:mapping=te
x-text;!
Missing character: There is no 最 (U+6700) in font [lmroman9-regular]:mapping=te
x-text;!
Missing character: There is no 终 (U+7EC8) in font [lmroman9-regular]:mapping=te
x-text;!
Missing character: There is no 像 (U+50CF) in font [lmroman9-regular]:mapping=te
x-text;!
Missing character: There is no 素 (U+7D20) in font [lmroman9-regular]:mapping=te
x-text;!
Missing character: There is no 误 (U+8BEF) in font [lmroman9-regular]:mapping=te
x-text;!
Missing character: There is no 差 (U+5DEE) in font [lmroman9-regular]:mapping=te
x-text;!
Missing character: There is no 范 (U+8303) in font [lmroman9-regular]:mapping=te
x-text;!
Missing character: There is no 数 (U+6570) in font [lmroman9-regular]:mapping=te
x-text;!
Missing character: There is no （ (U+FF08) in font [lmroman9-regular]:mapping=te
x-text;!
Missing character: There is no 对 (U+5BF9) in font [lmroman9-regular]:mapping=te
x-text;!
Missing character: There is no 个 (U+4E2A) in font [lmroman9-regular]:mapping=te
x-text;!
Missing character: There is no 角 (U+89D2) in font [lmroman9-regular]:mapping=te
x-text;!
Missing character: There is no 点 (U+70B9) in font [lmroman9-regular]:mapping=te
x-text;!
Missing character: There is no 组 (U+7EC4) in font [lmroman9-regular]:mapping=te
x-text;!
Missing character: There is no 成 (U+6210) in font [lmroman9-regular]:mapping=te
x-text;!
Missing character: There is no 的 (U+7684) in font [lmroman9-regular]:mapping=te
x-text;!
Missing character: There is no 误 (U+8BEF) in font [lmroman9-regular]:mapping=te
x-text;!
Missing character: There is no 差 (U+5DEE) in font [lmroman9-regular]:mapping=te
x-text;!
Missing character: There is no 向 (U+5411) in font [lmroman9-regular]:mapping=te
x-text;!
Missing character: There is no 量 (U+91CF) in font [lmroman9-regular]:mapping=te
x-text;!
Missing character: There is no 求 (U+6C42) in font [lmroman9-regular]:mapping=te
x-text;!
Missing character: There is no 范 (U+8303) in font [lmroman9-regular]:mapping=te
x-text;!
Missing character: There is no 数 (U+6570) in font [lmroman9-regular]:mapping=te
x-text;!
Missing character: There is no ） (U+FF09) in font [lmroman9-regular]:mapping=te
x-text;!
Missing character: There is no 以 (U+4EE5) in font [lmroman9-regular]:mapping=te
x-text;!
Missing character: There is no 及 (U+53CA) in font [lmroman9-regular]:mapping=te
x-text;!
Missing character: There is no 最 (U+6700) in font [lmroman9-regular]:mapping=te
x-text;!
Missing character: There is no 终 (U+7EC8) in font [lmroman9-regular]:mapping=te
x-text;!
Missing character: There is no （ (U+FF08) in font [lmroman9-regular]:mapping=te
x-text;!
Missing character: There is no 均 (U+5747) in font [lmroman9-regular]:mapping=te
x-text;!
Missing character: There is no 在 (U+5728) in font [lmroman9-regular]:mapping=te
x-text;!
Missing character: There is no 飞 (U+98DE) in font [lmroman9-regular]:mapping=te
x-text;!
Missing character: There is no 行 (U+884C) in font [lmroman9-regular]:mapping=te
x-text;!
Missing character: There is no 最 (U+6700) in font [lmroman9-regular]:mapping=te
x-text;!
Missing character: There is no 后 (U+540E) in font [lmroman9-regular]:mapping=te
x-text;!
Missing character: There is no 秒 (U+79D2) in font [lmroman9-regular]:mapping=te
x-text;!
Missing character: There is no 内 (U+5185) in font [lmroman9-regular]:mapping=te
x-text;!
Missing character: There is no 计 (U+8BA1) in font [lmroman9-regular]:mapping=te
x-text;!
Missing character: There is no 算 (U+7B97) in font [lmroman9-regular]:mapping=te
x-text;!
Missing character: There is no ） (U+FF09) in font [lmroman9-regular]:mapping=te
x-text;!
Missing character: There is no 。 (U+3002) in font [lmroman9-regular]:mapping=te
x-text;!
Missing character: There is no 教 (U+6559) in font [lmroman9-regular]:mapping=te
x-text;!
Missing character: There is no 师 (U+5E08) in font [lmroman9-regular]:mapping=te
x-text;!
Missing character: There is no 在 (U+5728) in font [lmroman9-regular]:mapping=te
x-text;!
Missing character: There is no 飞 (U+98DE) in font [lmroman9-regular]:mapping=te
x-text;!
Missing character: There is no 行 (U+884C) in font [lmroman9-regular]:mapping=te
x-text;!
Missing character: There is no 时 (U+65F6) in font [lmroman9-regular]:mapping=te
x-text;!
Missing character: There is no 间 (U+95F4) in font [lmroman9-regular]:mapping=te
x-text;!
Missing character: There is no 上 (U+4E0A) in font [lmroman9-regular]:mapping=te
x-text;!
Missing character: There is no 略 (U+7565) in font [lmroman9-regular]:mapping=te
x-text;!
Missing character: There is no 快 (U+5FEB) in font [lmroman9-regular]:mapping=te
x-text;!
Missing character: There is no ， (U+FF0C) in font [lmroman9-regular]:mapping=te
x-text;!
Missing character: There is no 但 (U+4F46) in font [lmroman9-regular]:mapping=te
x-text;!
Missing character: There is no 学 (U+5B66) in font [lmroman9-regular]:mapping=te
x-text;!
Missing character: There is no 生 (U+751F) in font [lmroman9-regular]:mapping=te
x-text;!
Missing character: There is no 在 (U+5728) in font [lmroman9-regular]:mapping=te
x-text;!
Missing character: There is no 计 (U+8BA1) in font [lmroman9-regular]:mapping=te
x-text;!
Missing character: There is no 算 (U+7B97) in font [lmroman9-regular]:mapping=te
x-text;!
Missing character: There is no 时 (U+65F6) in font [lmroman9-regular]:mapping=te
x-text;!
Missing character: There is no 间 (U+95F4) in font [lmroman9-regular]:mapping=te
x-text;!
Missing character: There is no 上 (U+4E0A) in font [lmroman9-regular]:mapping=te
x-text;!
Missing character: There is no 快 (U+5FEB) in font [lmroman9-regular]:mapping=te
x-text;!
Missing character: There is no （ (U+FF08) in font [lmroman9-regular]:mapping=te
x-text;!
Missing character: There is no 见 (U+89C1) in font [lmroman9-regular]:mapping=te
x-text;!
Missing character: There is no 表 (U+8868) in font [lmroman9-regular]:mapping=te
x-text;!
Missing character: There is no ） (U+FF09) in font [lmroman9-regular]:mapping=te
x-text;!
Missing character: There is no 。 (U+3002) in font [lmroman9-regular]:mapping=te
x-text;!
Missing character: There is no 学 (U+5B66) in font [lmroman9-regular]:mapping=te
x-text;!
Missing character: There is no 生 (U+751F) in font [lmroman9-regular]:mapping=te
x-text;!
Missing character: There is no 在 (U+5728) in font [lmroman9-regular]:mapping=te
x-text;!
Missing character: There is no 仿 (U+4EFF) in font [lmroman9-regular]:mapping=te
x-text;!
Missing character: There is no 真 (U+771F) in font [lmroman9-regular]:mapping=te
x-text;!
Missing character: There is no 中 (U+4E2D) in font [lmroman9-regular]:mapping=te
x-text;!
Missing character: There is no 略 (U+7565) in font [lmroman9-regular]:mapping=te
x-text;!
Missing character: There is no 更 (U+66F4) in font [lmroman9-regular]:mapping=te
x-text;!
Missing character: There is no 准 (U+51C6) in font [lmroman9-regular]:mapping=te
x-text;!
Missing character: There is no 确 (U+786E) in font [lmroman9-regular]:mapping=te
x-text;!
Missing character: There is no ， (U+FF0C) in font [lmroman9-regular]:mapping=te
x-text;!
Missing character: There is no 因 (U+56E0) in font [lmroman9-regular]:mapping=te
x-text;!
Missing character: There is no 为 (U+4E3A) in font [lmroman9-regular]:mapping=te
x-text;!
Missing character: There is no 训 (U+8BAD) in font [lmroman9-regular]:mapping=te
x-text;!
Missing character: There is no 练 (U+7EC3) in font [lmroman9-regular]:mapping=te
x-text;!
Missing character: There is no 更 (U+66F4) in font [lmroman9-regular]:mapping=te
x-text;!
Missing character: There is no 充 (U+5145) in font [lmroman9-regular]:mapping=te
x-text;!
Missing character: There is no 分 (U+5206) in font [lmroman9-regular]:mapping=te
x-text;!
Missing character: There is no ； (U+FF1B) in font [lmroman9-regular]:mapping=te
x-text;!
Missing character: There is no 但 (U+4F46) in font [lmroman9-regular]:mapping=te
x-text;!
Missing character: There is no 在 (U+5728) in font [lmroman9-regular]:mapping=te
x-text;!
Missing character: There is no 真 (U+771F) in font [lmroman9-regular]:mapping=te
x-text;!
Missing character: There is no 实 (U+5B9E) in font [lmroman9-regular]:mapping=te
x-text;!
Missing character: There is no 环 (U+73AF) in font [lmroman9-regular]:mapping=te
x-text;!
Missing character: There is no 境 (U+5883) in font [lmroman9-regular]:mapping=te
x-text;!
Missing character: There is no 中 (U+4E2D) in font [lmroman9-regular]:mapping=te
x-text;!
Missing character: There is no ， (U+FF0C) in font [lmroman9-regular]:mapping=te
x-text;!
Missing character: There is no 由 (U+7531) in font [lmroman9-regular]:mapping=te
x-text;!
Missing character: There is no 于 (U+4E8E) in font [lmroman9-regular]:mapping=te
x-text;!
Missing character: There is no 真 (U+771F) in font [lmroman9-regular]:mapping=te
x-text;!
Missing character: There is no 实 (U+5B9E) in font [lmroman9-regular]:mapping=te
x-text;!
Missing character: There is no 飞 (U+98DE) in font [lmroman9-regular]:mapping=te
x-text;!
Missing character: There is no 行 (U+884C) in font [lmroman9-regular]:mapping=te
x-text;!
Missing character: There is no 次 (U+6B21) in font [lmroman9-regular]:mapping=te
x-text;!
Missing character: There is no 数 (U+6570) in font [lmroman9-regular]:mapping=te
x-text;!
Missing character: There is no 较 (U+8F83) in font [lmroman9-regular]:mapping=te
x-text;!
Missing character: There is no 少 (U+5C11) in font [lmroman9-regular]:mapping=te
x-text;!
Missing character: There is no ， (U+FF0C) in font [lmroman9-regular]:mapping=te
x-text;!
Missing character: There is no 其 (U+5176) in font [lmroman9-regular]:mapping=te
x-text;!
Missing character: There is no 精 (U+7CBE) in font [lmroman9-regular]:mapping=te
x-text;!
Missing character: There is no 度 (U+5EA6) in font [lmroman9-regular]:mapping=te
x-text;!
Missing character: There is no 略 (U+7565) in font [lmroman9-regular]:mapping=te
x-text;!
Missing character: There is no 低 (U+4F4E) in font [lmroman9-regular]:mapping=te
x-text;!
Missing character: There is no 于 (U+4E8E) in font [lmroman9-regular]:mapping=te
x-text;!
Missing character: There is no 教 (U+6559) in font [lmroman9-regular]:mapping=te
x-text;!
Missing character: There is no 师 (U+5E08) in font [lmroman9-regular]:mapping=te
x-text;!
Missing character: There is no 。 (U+3002) in font [lmroman9-regular]:mapping=te
x-text;!
Missing character: There is no 不 (U+4E0D) in font [lmroman9-regular]:mapping=te
x-text;!
Missing character: There is no 同 (U+540C) in font [lmroman9-regular]:mapping=te
x-text;!
Missing character: There is no 起 (U+8D77) in font [lmroman9-regular]:mapping=te
x-text;!
Missing character: There is no 始 (U+59CB) in font [lmroman9-regular]:mapping=te
x-text;!
Missing character: There is no 位 (U+4F4D) in font [lmroman9-regular]:mapping=te
x-text;!
Missing character: There is no 姿 (U+59FF) in font [lmroman9-regular]:mapping=te
x-text;!
Missing character: There is no 下 (U+4E0B) in font [lmroman9-regular]:mapping=te
x-text;!
Missing character: There is no 的 (U+7684) in font [lmroman9-regular]:mapping=te
x-text;!
Missing character: There is no 教 (U+6559) in font [lmroman9-regular]:mapping=te
x-text;!
Missing character: There is no 师 (U+5E08) in font [lmroman9-regular]:mapping=te
x-text;!
Missing character: There is no 学 (U+5B66) in font [lmroman9-regular]:mapping=te
x-text;!
Missing character: There is no 生 (U+751F) in font [lmroman9-regular]:mapping=te
x-text;!
Missing character: There is no 比 (U+6BD4) in font [lmroman9-regular]:mapping=te
x-text;!
Missing character: There is no 较 (U+8F83) in font [lmroman9-regular]:mapping=te
x-text;!
Missing character: There is no 。 (U+3002) in font [lmroman9-regular]:mapping=te
x-text;!
Missing character: There is no 左 (U+5DE6) in font [lmroman9-regular]:mapping=te
x-text;!
Missing character: There is no 侧 (U+4FA7) in font [lmroman9-regular]:mapping=te
x-text;!
Missing character: There is no 为 (U+4E3A) in font [lmroman9-regular]:mapping=te
x-text;!
Missing character: There is no 仿 (U+4EFF) in font [lmroman9-regular]:mapping=te
x-text;!
Missing character: There is no 真 (U+771F) in font [lmroman9-regular]:mapping=te
x-text;!
Missing character: There is no 结 (U+7ED3) in font [lmroman9-regular]:mapping=te
x-text;!
Missing character: There is no 果 (U+679C) in font [lmroman9-regular]:mapping=te
x-text;!
Missing character: There is no ， (U+FF0C) in font [lmroman9-regular]:mapping=te
x-text;!
Missing character: There is no 右 (U+53F3) in font [lmroman9-regular]:mapping=te
x-text;!
Missing character: There is no 侧 (U+4FA7) in font [lmroman9-regular]:mapping=te
x-text;!
Missing character: There is no 为 (U+4E3A) in font [lmroman9-regular]:mapping=te
x-text;!
Missing character: There is no 真 (U+771F) in font [lmroman9-regular]:mapping=te
x-text;!
Missing character: There is no 实 (U+5B9E) in font [lmroman9-regular]:mapping=te
x-text;!
Missing character: There is no 飞 (U+98DE) in font [lmroman9-regular]:mapping=te
x-text;!
Missing character: There is no 行 (U+884C) in font [lmroman9-regular]:mapping=te
x-text;!
Missing character: There is no 结 (U+7ED3) in font [lmroman9-regular]:mapping=te
x-text;!
Missing character: There is no 果 (U+679C) in font [lmroman9-regular]:mapping=te
x-text;!
Missing character: There is no 。 (U+3002) in font [lmroman9-regular]:mapping=te
x-text;!
Missing character: There is no 指 (U+6307) in font [lmroman9-regular]:mapping=te
x-text;!
Missing character: There is no 标 (U+6807) in font [lmroman9-regular]:mapping=te
x-text;!
Missing character: There is no 包 (U+5305) in font [lmroman9-regular]:mapping=te
x-text;!
Missing character: There is no 括 (U+62EC) in font [lmroman9-regular]:mapping=te
x-text;!
Missing character: There is no 总 (U+603B) in font [lmroman9-regular]:mapping=te
x-text;!
Missing character: There is no 飞 (U+98DE) in font [lmroman9-regular]:mapping=te
x-text;!
Missing character: There is no 行 (U+884C) in font [lmroman9-regular]:mapping=te
x-text;!
Missing character: There is no 距 (U+8DDD) in font [lmroman9-regular]:mapping=te
x-text;!
Missing character: There is no 离 (U+79BB) in font [lmroman9-regular]:mapping=te
x-text;!
Missing character: There is no 时 (U+65F6) in font [lmroman9-regular]:mapping=te
x-text;!
Missing character: There is no 间 (U+95F4) in font [lmroman9-regular]:mapping=te
x-text;!
Missing character: There is no 、 (U+3001) in font [lmroman9-regular]:mapping=te
x-text;!
Missing character: There is no 最 (U+6700) in font [lmroman9-regular]:mapping=te
x-text;!
Missing character: There is no 终 (U+7EC8) in font [lmroman9-regular]:mapping=te
x-text;!
Missing character: There is no 像 (U+50CF) in font [lmroman9-regular]:mapping=te
x-text;!
Missing character: There is no 素 (U+7D20) in font [lmroman9-regular]:mapping=te
x-text;!
Missing character: There is no 误 (U+8BEF) in font [lmroman9-regular]:mapping=te
x-text;!
Missing character: There is no 差 (U+5DEE) in font [lmroman9-regular]:mapping=te
x-text;!
Missing character: There is no 范 (U+8303) in font [lmroman9-regular]:mapping=te
x-text;!
Missing character: There is no 数 (U+6570) in font [lmroman9-regular]:mapping=te
x-text;!
Missing character: There is no （ (U+FF08) in font [lmroman9-regular]:mapping=te
x-text;!
Missing character: There is no 对 (U+5BF9) in font [lmroman9-regular]:mapping=te
x-text;!
Missing character: There is no 个 (U+4E2A) in font [lmroman9-regular]:mapping=te
x-text;!
Missing character: There is no 角 (U+89D2) in font [lmroman9-regular]:mapping=te
x-text;!
Missing character: There is no 点 (U+70B9) in font [lmroman9-regular]:mapping=te
x-text;!
Missing character: There is no 组 (U+7EC4) in font [lmroman9-regular]:mapping=te
x-text;!
Missing character: There is no 成 (U+6210) in font [lmroman9-regular]:mapping=te
x-text;!
Missing character: There is no 的 (U+7684) in font [lmroman9-regular]:mapping=te
x-text;!
Missing character: There is no 误 (U+8BEF) in font [lmroman9-regular]:mapping=te
x-text;!
Missing character: There is no 差 (U+5DEE) in font [lmroman9-regular]:mapping=te
x-text;!
Missing character: There is no 向 (U+5411) in font [lmroman9-regular]:mapping=te
x-text;!
Missing character: There is no 量 (U+91CF) in font [lmroman9-regular]:mapping=te
x-text;!
Missing character: There is no 求 (U+6C42) in font [lmroman9-regular]:mapping=te
x-text;!
Missing character: There is no 范 (U+8303) in font [lmroman9-regular]:mapping=te
x-text;!
Missing character: There is no 数 (U+6570) in font [lmroman9-regular]:mapping=te
x-text;!
Missing character: There is no ） (U+FF09) in font [lmroman9-regular]:mapping=te
x-text;!
Missing character: There is no 以 (U+4EE5) in font [lmroman9-regular]:mapping=te
x-text;!
Missing character: There is no 及 (U+53CA) in font [lmroman9-regular]:mapping=te
x-text;!
Missing character: There is no 最 (U+6700) in font [lmroman9-regular]:mapping=te
x-text;!
Missing character: There is no 终 (U+7EC8) in font [lmroman9-regular]:mapping=te
x-text;!
Missing character: There is no （ (U+FF08) in font [lmroman9-regular]:mapping=te
x-text;!
Missing character: There is no 均 (U+5747) in font [lmroman9-regular]:mapping=te
x-text;!
Missing character: There is no 在 (U+5728) in font [lmroman9-regular]:mapping=te
x-text;!
Missing character: There is no 飞 (U+98DE) in font [lmroman9-regular]:mapping=te
x-text;!
Missing character: There is no 行 (U+884C) in font [lmroman9-regular]:mapping=te
x-text;!
Missing character: There is no 最 (U+6700) in font [lmroman9-regular]:mapping=te
x-text;!
Missing character: There is no 后 (U+540E) in font [lmroman9-regular]:mapping=te
x-text;!
Missing character: There is no 秒 (U+79D2) in font [lmroman9-regular]:mapping=te
x-text;!
Missing character: There is no 内 (U+5185) in font [lmroman9-regular]:mapping=te
x-text;!
Missing character: There is no 计 (U+8BA1) in font [lmroman9-regular]:mapping=te
x-text;!
Missing character: There is no 算 (U+7B97) in font [lmroman9-regular]:mapping=te
x-text;!
Missing character: There is no ） (U+FF09) in font [lmroman9-regular]:mapping=te
x-text;!
Missing character: There is no 。 (U+3002) in font [lmroman9-regular]:mapping=te
x-text;!
Missing character: There is no 教 (U+6559) in font [lmroman9-regular]:mapping=te
x-text;!
Missing character: There is no 师 (U+5E08) in font [lmroman9-regular]:mapping=te
x-text;!
Missing character: There is no 在 (U+5728) in font [lmroman9-regular]:mapping=te
x-text;!
Missing character: There is no 飞 (U+98DE) in font [lmroman9-regular]:mapping=te
x-text;!
Missing character: There is no 行 (U+884C) in font [lmroman9-regular]:mapping=te
x-text;!
Missing character: There is no 时 (U+65F6) in font [lmroman9-regular]:mapping=te
x-text;!
Missing character: There is no 间 (U+95F4) in font [lmroman9-regular]:mapping=te
x-text;!
Missing character: There is no 上 (U+4E0A) in font [lmroman9-regular]:mapping=te
x-text;!
Missing character: There is no 略 (U+7565) in font [lmroman9-regular]:mapping=te
x-text;!
Missing character: There is no 快 (U+5FEB) in font [lmroman9-regular]:mapping=te
x-text;!
Missing character: There is no ， (U+FF0C) in font [lmroman9-regular]:mapping=te
x-text;!
Missing character: There is no 但 (U+4F46) in font [lmroman9-regular]:mapping=te
x-text;!
Missing character: There is no 学 (U+5B66) in font [lmroman9-regular]:mapping=te
x-text;!
Missing character: There is no 生 (U+751F) in font [lmroman9-regular]:mapping=te
x-text;!
Missing character: There is no 在 (U+5728) in font [lmroman9-regular]:mapping=te
x-text;!
Missing character: There is no 计 (U+8BA1) in font [lmroman9-regular]:mapping=te
x-text;!
Missing character: There is no 算 (U+7B97) in font [lmroman9-regular]:mapping=te
x-text;!
Missing character: There is no 时 (U+65F6) in font [lmroman9-regular]:mapping=te
x-text;!
Missing character: There is no 间 (U+95F4) in font [lmroman9-regular]:mapping=te
x-text;!
Missing character: There is no 上 (U+4E0A) in font [lmroman9-regular]:mapping=te
x-text;!
Missing character: There is no 快 (U+5FEB) in font [lmroman9-regular]:mapping=te
x-text;!
Missing character: There is no （ (U+FF08) in font [lmroman9-regular]:mapping=te
x-text;!
Missing character: There is no 见 (U+89C1) in font [lmroman9-regular]:mapping=te
x-text;!
Missing character: There is no 表 (U+8868) in font [lmroman9-regular]:mapping=te
x-text;!
Missing character: There is no ） (U+FF09) in font [lmroman9-regular]:mapping=te
x-text;!
Missing character: There is no 。 (U+3002) in font [lmroman9-regular]:mapping=te
x-text;!
Missing character: There is no 学 (U+5B66) in font [lmroman9-regular]:mapping=te
x-text;!
Missing character: There is no 生 (U+751F) in font [lmroman9-regular]:mapping=te
x-text;!
Missing character: There is no 在 (U+5728) in font [lmroman9-regular]:mapping=te
x-text;!
Missing character: There is no 仿 (U+4EFF) in font [lmroman9-regular]:mapping=te
x-text;!
Missing character: There is no 真 (U+771F) in font [lmroman9-regular]:mapping=te
x-text;!
Missing character: There is no 中 (U+4E2D) in font [lmroman9-regular]:mapping=te
x-text;!
Missing character: There is no 略 (U+7565) in font [lmroman9-regular]:mapping=te
x-text;!
Missing character: There is no 更 (U+66F4) in font [lmroman9-regular]:mapping=te
x-text;!
Missing character: There is no 准 (U+51C6) in font [lmroman9-regular]:mapping=te
x-text;!
Missing character: There is no 确 (U+786E) in font [lmroman9-regular]:mapping=te
x-text;!
Missing character: There is no ， (U+FF0C) in font [lmroman9-regular]:mapping=te
x-text;!
Missing character: There is no 因 (U+56E0) in font [lmroman9-regular]:mapping=te
x-text;!
Missing character: There is no 为 (U+4E3A) in font [lmroman9-regular]:mapping=te
x-text;!
Missing character: There is no 训 (U+8BAD) in font [lmroman9-regular]:mapping=te
x-text;!
Missing character: There is no 练 (U+7EC3) in font [lmroman9-regular]:mapping=te
x-text;!
Missing character: There is no 更 (U+66F4) in font [lmroman9-regular]:mapping=te
x-text;!
Missing character: There is no 充 (U+5145) in font [lmroman9-regular]:mapping=te
x-text;!
Missing character: There is no 分 (U+5206) in font [lmroman9-regular]:mapping=te
x-text;!
Missing character: There is no ； (U+FF1B) in font [lmroman9-regular]:mapping=te
x-text;!
Missing character: There is no 但 (U+4F46) in font [lmroman9-regular]:mapping=te
x-text;!
Missing character: There is no 在 (U+5728) in font [lmroman9-regular]:mapping=te
x-text;!
Missing character: There is no 真 (U+771F) in font [lmroman9-regular]:mapping=te
x-text;!
Missing character: There is no 实 (U+5B9E) in font [lmroman9-regular]:mapping=te
x-text;!
Missing character: There is no 环 (U+73AF) in font [lmroman9-regular]:mapping=te
x-text;!
Missing character: There is no 境 (U+5883) in font [lmroman9-regular]:mapping=te
x-text;!
Missing character: There is no 中 (U+4E2D) in font [lmroman9-regular]:mapping=te
x-text;!
Missing character: There is no ， (U+FF0C) in font [lmroman9-regular]:mapping=te
x-text;!
Missing character: There is no 由 (U+7531) in font [lmroman9-regular]:mapping=te
x-text;!
Missing character: There is no 于 (U+4E8E) in font [lmroman9-regular]:mapping=te
x-text;!
Missing character: There is no 真 (U+771F) in font [lmroman9-regular]:mapping=te
x-text;!
Missing character: There is no 实 (U+5B9E) in font [lmroman9-regular]:mapping=te
x-text;!
Missing character: There is no 飞 (U+98DE) in font [lmroman9-regular]:mapping=te
x-text;!
Missing character: There is no 行 (U+884C) in font [lmroman9-regular]:mapping=te
x-text;!
Missing character: There is no 次 (U+6B21) in font [lmroman9-regular]:mapping=te
x-text;!
Missing character: There is no 数 (U+6570) in font [lmroman9-regular]:mapping=te
x-text;!
Missing character: There is no 较 (U+8F83) in font [lmroman9-regular]:mapping=te
x-text;!
Missing character: There is no 少 (U+5C11) in font [lmroman9-regular]:mapping=te
x-text;!
Missing character: There is no ， (U+FF0C) in font [lmroman9-regular]:mapping=te
x-text;!
Missing character: There is no 其 (U+5176) in font [lmroman9-regular]:mapping=te
x-text;!
Missing character: There is no 精 (U+7CBE) in font [lmroman9-regular]:mapping=te
x-text;!
Missing character: There is no 度 (U+5EA6) in font [lmroman9-regular]:mapping=te
x-text;!
Missing character: There is no 略 (U+7565) in font [lmroman9-regular]:mapping=te
x-text;!
Missing character: There is no 低 (U+4F4E) in font [lmroman9-regular]:mapping=te
x-text;!
Missing character: There is no 于 (U+4E8E) in font [lmroman9-regular]:mapping=te
x-text;!
Missing character: There is no 教 (U+6559) in font [lmroman9-regular]:mapping=te
x-text;!
Missing character: There is no 师 (U+5E08) in font [lmroman9-regular]:mapping=te
x-text;!
Missing character: There is no 。 (U+3002) in font [lmroman9-regular]:mapping=te
x-text;!
Missing character: There is no 轨 (U+8F68) in font [lmroman10-regular]:mapping=t
ex-text;!
Missing character: There is no 迹 (U+8FF9) in font [lmroman10-regular]:mapping=t
ex-text;!
Missing character: There is no 演 (U+6F14) in font [lmroman10-regular]:mapping=t
ex-text;!
Missing character: There is no 化 (U+5316) in font [lmroman10-regular]:mapping=t
ex-text;!
Missing character: There is no 分 (U+5206) in font [lmroman10-regular]:mapping=t
ex-text;!
Missing character: There is no 析 (U+6790) in font [lmroman10-regular]:mapping=t
ex-text;!
Missing character: There is no 表 (U+8868) in font [lmroman10-regular]:mapping=t
ex-text;!
Missing character: There is no 明 (U+660E) in font [lmroman10-regular]:mapping=t
ex-text;!
Missing character: There is no ， (U+FF0C) in font [lmroman10-regular]:mapping=t
ex-text;!
Missing character: There is no 两 (U+4E24) in font [lmroman10-regular]:mapping=t
ex-text;!
Missing character: There is no 种 (U+79CD) in font [lmroman10-regular]:mapping=t
ex-text;!
Missing character: There is no 方 (U+65B9) in font [lmroman10-regular]:mapping=t
ex-text;!
Missing character: There is no 法 (U+6CD5) in font [lmroman10-regular]:mapping=t
ex-text;!
Missing character: There is no 都 (U+90FD) in font [lmroman10-regular]:mapping=t
ex-text;!
Missing character: There is no 能 (U+80FD) in font [lmroman10-regular]:mapping=t
ex-text;!
Missing character: There is no 成 (U+6210) in font [lmroman10-regular]:mapping=t
ex-text;!
Missing character: There is no 功 (U+529F) in font [lmroman10-regular]:mapping=t
ex-text;!
Missing character: There is no 收 (U+6536) in font [lmroman10-regular]:mapping=t
ex-text;!
Missing character: There is no 敛 (U+655B) in font [lmroman10-regular]:mapping=t
ex-text;!
Missing character: There is no 到 (U+5230) in font [lmroman10-regular]:mapping=t
ex-text;!
Missing character: There is no 目 (U+76EE) in font [lmroman10-regular]:mapping=t
ex-text;!
Missing character: There is no 标 (U+6807) in font [lmroman10-regular]:mapping=t
ex-text;!
Missing character: There is no ， (U+FF0C) in font [lmroman10-regular]:mapping=t
ex-text;!
Missing character: There is no 但 (U+4F46) in font [lmroman10-regular]:mapping=t
ex-text;!
Missing character: There is no 表 (U+8868) in font [lmroman10-regular]:mapping=t
ex-text;!
Missing character: There is no 现 (U+73B0) in font [lmroman10-regular]:mapping=t
ex-text;!
Missing character: There is no 特 (U+7279) in font [lmroman10-regular]:mapping=t
ex-text;!
Missing character: There is no 征 (U+5F81) in font [lmroman10-regular]:mapping=t
ex-text;!
Missing character: There is no 不 (U+4E0D) in font [lmroman10-regular]:mapping=t
ex-text;!
Missing character: There is no 同 (U+540C) in font [lmroman10-regular]:mapping=t
ex-text;!
Missing character: There is no 。 (U+3002) in font [lmroman10-regular]:mapping=t
ex-text;!
Missing character: There is no 教 (U+6559) in font [lmroman10-regular]:mapping=t
ex-text;!
Missing character: There is no 师 (U+5E08) in font [lmroman10-regular]:mapping=t
ex-text;!
Missing character: There is no 方 (U+65B9) in font [lmroman10-regular]:mapping=t
ex-text;!
Missing character: There is no 法 (U+6CD5) in font [lmroman10-regular]:mapping=t
ex-text;!
Missing character: There is no 的 (U+7684) in font [lmroman10-regular]:mapping=t
ex-text;!
Missing character: There is no 控 (U+63A7) in font [lmroman10-regular]:mapping=t
ex-text;!
Missing character: There is no 制 (U+5236) in font [lmroman10-regular]:mapping=t
ex-text;!
Missing character: There is no 命 (U+547D) in font [lmroman10-regular]:mapping=t
ex-text;!
Missing character: There is no 令 (U+4EE4) in font [lmroman10-regular]:mapping=t
ex-text;!
Missing character: There is no 更 (U+66F4) in font [lmroman10-regular]:mapping=t
ex-text;!
Missing character: There is no 保 (U+4FDD) in font [lmroman10-regular]:mapping=t
ex-text;!
Missing character: There is no 守 (U+5B88) in font [lmroman10-regular]:mapping=t
ex-text;!
Missing character: There is no ， (U+FF0C) in font [lmroman10-regular]:mapping=t
ex-text;!
Missing character: There is no 收 (U+6536) in font [lmroman10-regular]:mapping=t
ex-text;!
Missing character: There is no 敛 (U+655B) in font [lmroman10-regular]:mapping=t
ex-text;!
Missing character: There is no 更 (U+66F4) in font [lmroman10-regular]:mapping=t
ex-text;!
Missing character: There is no 平 (U+5E73) in font [lmroman10-regular]:mapping=t
ex-text;!
Missing character: There is no 缓 (U+7F13) in font [lmroman10-regular]:mapping=t
ex-text;!
Missing character: There is no ； (U+FF1B) in font [lmroman10-regular]:mapping=t
ex-text;!
Missing character: There is no 学 (U+5B66) in font [lmroman10-regular]:mapping=t
ex-text;!
Missing character: There is no 生 (U+751F) in font [lmroman10-regular]:mapping=t
ex-text;!
Missing character: There is no 方 (U+65B9) in font [lmroman10-regular]:mapping=t
ex-text;!
Missing character: There is no 法 (U+6CD5) in font [lmroman10-regular]:mapping=t
ex-text;!
Missing character: There is no 则 (U+5219) in font [lmroman10-regular]:mapping=t
ex-text;!
Missing character: There is no 采 (U+91C7) in font [lmroman10-regular]:mapping=t
ex-text;!
Missing character: There is no 用 (U+7528) in font [lmroman10-regular]:mapping=t
ex-text;!
Missing character: There is no 更 (U+66F4) in font [lmroman10-regular]:mapping=t
ex-text;!
Missing character: There is no 直 (U+76F4) in font [lmroman10-regular]:mapping=t
ex-text;!
Missing character: There is no 接 (U+63A5) in font [lmroman10-regular]:mapping=t
ex-text;!
Missing character: There is no 的 (U+7684) in font [lmroman10-regular]:mapping=t
ex-text;!
Missing character: There is no 路 (U+8DEF) in font [lmroman10-regular]:mapping=t
ex-text;!
Missing character: There is no 径 (U+5F84) in font [lmroman10-regular]:mapping=t
ex-text;!
Missing character: There is no ， (U+FF0C) in font [lmroman10-regular]:mapping=t
ex-text;!
Missing character: There is no 误 (U+8BEF) in font [lmroman10-regular]:mapping=t
ex-text;!
Missing character: There is no 差 (U+5DEE) in font [lmroman10-regular]:mapping=t
ex-text;!
Missing character: There is no 下 (U+4E0B) in font [lmroman10-regular]:mapping=t
ex-text;!
Missing character: There is no 降 (U+964D) in font [lmroman10-regular]:mapping=t
ex-text;!
Missing character: There is no 速 (U+901F) in font [lmroman10-regular]:mapping=t
ex-text;!
Missing character: There is no 度 (U+5EA6) in font [lmroman10-regular]:mapping=t
ex-text;!
Missing character: There is no 更 (U+66F4) in font [lmroman10-regular]:mapping=t
ex-text;!
Missing character: There is no 快 (U+5FEB) in font [lmroman10-regular]:mapping=t
ex-text;!
Missing character: There is no ， (U+FF0C) in font [lmroman10-regular]:mapping=t
ex-text;!
Missing character: There is no 如 (U+5982) in font [lmroman10-regular]:mapping=t
ex-text;!
Missing character: There is no 图 (U+56FE) in font [lmroman10-regular]:mapping=t
ex-text;!
Missing character: There is no 所 (U+6240) in font [lmroman10-regular]:mapping=t
ex-text;!
Missing character: There is no 示 (U+793A) in font [lmroman10-regular]:mapping=t
ex-text;!
Missing character: There is no 。 (U+3002) in font [lmroman10-regular]:mapping=t
ex-text;!
File: trajectories_sim_teacher_student_front.png Graphic file (type bmp)
<trajectories_sim_teacher_student_front.png>
Missing character: There is no 教 (U+6559) in font [lmroman9-regular]:mapping=te
x-text;!
Missing character: There is no 师 (U+5E08) in font [lmroman9-regular]:mapping=te
x-text;!
Missing character: There is no 和 (U+548C) in font [lmroman9-regular]:mapping=te
x-text;!
Missing character: There is no 学 (U+5B66) in font [lmroman9-regular]:mapping=te
x-text;!
Missing character: There is no 生 (U+751F) in font [lmroman9-regular]:mapping=te
x-text;!
Missing character: There is no 在 (U+5728) in font [lmroman9-regular]:mapping=te
x-text;!
Missing character: There is no 仿 (U+4EFF) in font [lmroman9-regular]:mapping=te
x-text;!
Missing character: There is no 真 (U+771F) in font [lmroman9-regular]:mapping=te
x-text;!
Missing character: There is no 飞 (U+98DE) in font [lmroman9-regular]:mapping=te
x-text;!
Missing character: There is no 行 (U+884C) in font [lmroman9-regular]:mapping=te
x-text;!
Missing character: There is no 中 (U+4E2D) in font [lmroman9-regular]:mapping=te
x-text;!
Missing character: There is no 的 (U+7684) in font [lmroman9-regular]:mapping=te
x-text;!
Missing character: There is no 轨 (U+8F68) in font [lmroman9-regular]:mapping=te
x-text;!
Missing character: There is no 迹 (U+8FF9) in font [lmroman9-regular]:mapping=te
x-text;!
Missing character: There is no 对 (U+5BF9) in font [lmroman9-regular]:mapping=te
x-text;!
Missing character: There is no 比 (U+6BD4) in font [lmroman9-regular]:mapping=te
x-text;!
Missing character: There is no ， (U+FF0C) in font [lmroman9-regular]:mapping=te
x-text;!
Missing character: There is no 给 (U+7ED9) in font [lmroman9-regular]:mapping=te
x-text;!
Missing character: There is no 出 (U+51FA) in font [lmroman9-regular]:mapping=te
x-text;!
Missing character: There is no 了 (U+4E86) in font [lmroman9-regular]:mapping=te
x-text;!
Missing character: There is no 两 (U+4E24) in font [lmroman9-regular]:mapping=te
x-text;!
Missing character: There is no 个 (U+4E2A) in font [lmroman9-regular]:mapping=te
x-text;!
Missing character: There is no 起 (U+8D77) in font [lmroman9-regular]:mapping=te
x-text;!
Missing character: There is no 始 (U+59CB) in font [lmroman9-regular]:mapping=te
x-text;!
Missing character: There is no 位 (U+4F4D) in font [lmroman9-regular]:mapping=te
x-text;!
Missing character: There is no 姿 (U+59FF) in font [lmroman9-regular]:mapping=te
x-text;!
Missing character: There is no （ (U+FF08) in font [lmroman9-regular]:mapping=te
x-text;!
Missing character: There is no 绿 (U+7EFF) in font [lmroman9-regular]:mapping=te
x-text;!
Missing character: There is no 色 (U+8272) in font [lmroman9-regular]:mapping=te
x-text;!
Missing character: There is no 圆 (U+5706) in font [lmroman9-regular]:mapping=te
x-text;!
Missing character: There is no 点 (U+70B9) in font [lmroman9-regular]:mapping=te
x-text;!
Missing character: There is no ： (U+FF1A) in font [lmroman9-regular]:mapping=te
x-text;!
Missing character: There is no 左 (U+5DE6) in font [lmroman9-regular]:mapping=te
x-text;!
Missing character: There is no 前 (U+524D) in font [lmroman9-regular]:mapping=te
x-text;!
Missing character: There is no 和 (U+548C) in font [lmroman9-regular]:mapping=te
x-text;!
Missing character: There is no 右 (U+53F3) in font [lmroman9-regular]:mapping=te
x-text;!
Missing character: There is no 前 (U+524D) in font [lmroman9-regular]:mapping=te
x-text;!
Missing character: There is no ） (U+FF09) in font [lmroman9-regular]:mapping=te
x-text;!
Missing character: There is no 的 (U+7684) in font [lmroman9-regular]:mapping=te
x-text;!
Missing character: There is no 均 (U+5747) in font [lmroman9-regular]:mapping=te
x-text;!
Missing character: There is no 值 (U+503C) in font [lmroman9-regular]:mapping=te
x-text;!
Missing character: There is no 与 (U+4E0E) in font [lmroman9-regular]:mapping=te
x-text;!
Missing character: There is no 标 (U+6807) in font [lmroman9-regular]:mapping=te
x-text;!
Missing character: There is no 准 (U+51C6) in font [lmroman9-regular]:mapping=te
x-text;!
Missing character: There is no 差 (U+5DEE) in font [lmroman9-regular]:mapping=te
x-text;!
Missing character: There is no 。 (U+3002) in font [lmroman9-regular]:mapping=te
x-text;!
Missing character: There is no 蓝 (U+84DD) in font [lmroman9-regular]:mapping=te
x-text;!
Missing character: There is no 色 (U+8272) in font [lmroman9-regular]:mapping=te
x-text;!
Missing character: There is no 和 (U+548C) in font [lmroman9-regular]:mapping=te
x-text;!
Missing character: There is no 绿 (U+7EFF) in font [lmroman9-regular]:mapping=te
x-text;!
Missing character: There is no 色 (U+8272) in font [lmroman9-regular]:mapping=te
x-text;!
Missing character: There is no 实 (U+5B9E) in font [lmroman9-regular]:mapping=te
x-text;!
Missing character: There is no 线 (U+7EBF) in font [lmroman9-regular]:mapping=te
x-text;!
Missing character: There is no 表 (U+8868) in font [lmroman9-regular]:mapping=te
x-text;!
Missing character: There is no 示 (U+793A) in font [lmroman9-regular]:mapping=te
x-text;!
Missing character: There is no 教 (U+6559) in font [lmroman9-regular]:mapping=te
x-text;!
Missing character: There is no 师 (U+5E08) in font [lmroman9-regular]:mapping=te
x-text;!
Missing character: There is no 方 (U+65B9) in font [lmroman9-regular]:mapping=te
x-text;!
Missing character: There is no 法 (U+6CD5) in font [lmroman9-regular]:mapping=te
x-text;!
Missing character: There is no 的 (U+7684) in font [lmroman9-regular]:mapping=te
x-text;!
Missing character: There is no 平 (U+5E73) in font [lmroman9-regular]:mapping=te
x-text;!
Missing character: There is no 均 (U+5747) in font [lmroman9-regular]:mapping=te
x-text;!
Missing character: There is no 路 (U+8DEF) in font [lmroman9-regular]:mapping=te
x-text;!
Missing character: There is no 径 (U+5F84) in font [lmroman9-regular]:mapping=te
x-text;!
Missing character: There is no ， (U+FF0C) in font [lmroman9-regular]:mapping=te
x-text;!
Missing character: There is no 橙 (U+6A59) in font [lmroman9-regular]:mapping=te
x-text;!
Missing character: There is no 色 (U+8272) in font [lmroman9-regular]:mapping=te
x-text;!
Missing character: There is no 和 (U+548C) in font [lmroman9-regular]:mapping=te
x-text;!
Missing character: There is no 红 (U+7EA2) in font [lmroman9-regular]:mapping=te
x-text;!
Missing character: There is no 色 (U+8272) in font [lmroman9-regular]:mapping=te
x-text;!
Missing character: There is no 虚 (U+865A) in font [lmroman9-regular]:mapping=te
x-text;!
Missing character: There is no 线 (U+7EBF) in font [lmroman9-regular]:mapping=te
x-text;!
Missing character: There is no 表 (U+8868) in font [lmroman9-regular]:mapping=te
x-text;!
Missing character: There is no 示 (U+793A) in font [lmroman9-regular]:mapping=te
x-text;!
Missing character: There is no 学 (U+5B66) in font [lmroman9-regular]:mapping=te
x-text;!
Missing character: There is no 生 (U+751F) in font [lmroman9-regular]:mapping=te
x-text;!
Missing character: There is no 路 (U+8DEF) in font [lmroman9-regular]:mapping=te
x-text;!
Missing character: There is no 径 (U+5F84) in font [lmroman9-regular]:mapping=te
x-text;!
Missing character: There is no 。 (U+3002) in font [lmroman9-regular]:mapping=te
x-text;!
Missing character: There is no 阴 (U+9634) in font [lmroman9-regular]:mapping=te
x-text;!
Missing character: There is no 影 (U+5F71) in font [lmroman9-regular]:mapping=te
x-text;!
Missing character: There is no 区 (U+533A) in font [lmroman9-regular]:mapping=te
x-text;!
Missing character: There is no 域 (U+57DF) in font [lmroman9-regular]:mapping=te
x-text;!
Missing character: There is no 表 (U+8868) in font [lmroman9-regular]:mapping=te
x-text;!
Missing character: There is no 示 (U+793A) in font [lmroman9-regular]:mapping=te
x-text;!
Missing character: There is no 不 (U+4E0D) in font [lmroman9-regular]:mapping=te
x-text;!
Missing character: There is no 同 (U+540C) in font [lmroman9-regular]:mapping=te
x-text;!
Missing character: There is no 运 (U+8FD0) in font [lmroman9-regular]:mapping=te
x-text;!
Missing character: There is no 行 (U+884C) in font [lmroman9-regular]:mapping=te
x-text;!
Missing character: There is no 之 (U+4E4B) in font [lmroman9-regular]:mapping=te
x-text;!
Missing character: There is no 间 (U+95F4) in font [lmroman9-regular]:mapping=te
x-text;!
Missing character: There is no 的 (U+7684) in font [lmroman9-regular]:mapping=te
x-text;!
Missing character: There is no 轨 (U+8F68) in font [lmroman9-regular]:mapping=te
x-text;!
Missing character: There is no 迹 (U+8FF9) in font [lmroman9-regular]:mapping=te
x-text;!
Missing character: There is no 波 (U+6CE2) in font [lmroman9-regular]:mapping=te
x-text;!
Missing character: There is no 动 (U+52A8) in font [lmroman9-regular]:mapping=te
x-text;!
Missing character: There is no 。 (U+3002) in font [lmroman9-regular]:mapping=te
x-text;!
Missing character: There is no 星 (U+661F) in font [lmroman9-regular]:mapping=te
x-text;!
Missing character: There is no 号 (U+53F7) in font [lmroman9-regular]:mapping=te
x-text;!
Missing character: There is no 表 (U+8868) in font [lmroman9-regular]:mapping=te
x-text;!
Missing character: There is no 示 (U+793A) in font [lmroman9-regular]:mapping=te
x-text;!
Missing character: There is no 目 (U+76EE) in font [lmroman9-regular]:mapping=te
x-text;!
Missing character: There is no 标 (U+6807) in font [lmroman9-regular]:mapping=te
x-text;!
Missing character: There is no 位 (U+4F4D) in font [lmroman9-regular]:mapping=te
x-text;!
Missing character: There is no 姿 (U+59FF) in font [lmroman9-regular]:mapping=te
x-text;!
Missing character: There is no 。 (U+3002) in font [lmroman9-regular]:mapping=te
x-text;!
Missing character: There is no 可 (U+53EF) in font [lmroman9-regular]:mapping=te
x-text;!
Missing character: There is no 以 (U+4EE5) in font [lmroman9-regular]:mapping=te
x-text;!
Missing character: There is no 看 (U+770B) in font [lmroman9-regular]:mapping=te
x-text;!
Missing character: There is no 到 (U+5230) in font [lmroman9-regular]:mapping=te
x-text;!
Missing character: There is no ， (U+FF0C) in font [lmroman9-regular]:mapping=te
x-text;!
Missing character: There is no 学 (U+5B66) in font [lmroman9-regular]:mapping=te
x-text;!
Missing character: There is no 生 (U+751F) in font [lmroman9-regular]:mapping=te
x-text;!
Missing character: There is no 路 (U+8DEF) in font [lmroman9-regular]:mapping=te
x-text;!
Missing character: There is no 径 (U+5F84) in font [lmroman9-regular]:mapping=te
x-text;!
Missing character: There is no 波 (U+6CE2) in font [lmroman9-regular]:mapping=te
x-text;!
Missing character: There is no 动 (U+52A8) in font [lmroman9-regular]:mapping=te
x-text;!
Missing character: There is no 更 (U+66F4) in font [lmroman9-regular]:mapping=te
x-text;!
Missing character: There is no 大 (U+5927) in font [lmroman9-regular]:mapping=te
x-text;!
Missing character: There is no ， (U+FF0C) in font [lmroman9-regular]:mapping=te
x-text;!
Missing character: There is no 但 (U+4F46) in font [lmroman9-regular]:mapping=te
x-text;!
Missing character: There is no 其 (U+5176) in font [lmroman9-regular]:mapping=te
x-text;!
Missing character: There is no 平 (U+5E73) in font [lmroman9-regular]:mapping=te
x-text;!
Missing character: There is no 均 (U+5747) in font [lmroman9-regular]:mapping=te
x-text;!
Missing character: There is no 路 (U+8DEF) in font [lmroman9-regular]:mapping=te
x-text;!
Missing character: There is no 径 (U+5F84) in font [lmroman9-regular]:mapping=te
x-text;!
Missing character: There is no 长 (U+957F) in font [lmroman9-regular]:mapping=te
x-text;!
Missing character: There is no 度 (U+5EA6) in font [lmroman9-regular]:mapping=te
x-text;!
Missing character: There is no 短 (U+77ED) in font [lmroman9-regular]:mapping=te
x-text;!
Missing character: There is no 于 (U+4E8E) in font [lmroman9-regular]:mapping=te
x-text;!
Missing character: There is no 教 (U+6559) in font [lmroman9-regular]:mapping=te
x-text;!
Missing character: There is no 师 (U+5E08) in font [lmroman9-regular]:mapping=te
x-text;!
Missing character: There is no 。 (U+3002) in font [lmroman9-regular]:mapping=te
x-text;!
Missing character: There is no 教 (U+6559) in font [lmroman9-regular]:mapping=te
x-text;!
Missing character: There is no 师 (U+5E08) in font [lmroman9-regular]:mapping=te
x-text;!
Missing character: There is no 和 (U+548C) in font [lmroman9-regular]:mapping=te
x-text;!
Missing character: There is no 学 (U+5B66) in font [lmroman9-regular]:mapping=te
x-text;!
Missing character: There is no 生 (U+751F) in font [lmroman9-regular]:mapping=te
x-text;!
Missing character: There is no 在 (U+5728) in font [lmroman9-regular]:mapping=te
x-text;!
Missing character: There is no 仿 (U+4EFF) in font [lmroman9-regular]:mapping=te
x-text;!
Missing character: There is no 真 (U+771F) in font [lmroman9-regular]:mapping=te
x-text;!
Missing character: There is no 飞 (U+98DE) in font [lmroman9-regular]:mapping=te
x-text;!
Missing character: There is no 行 (U+884C) in font [lmroman9-regular]:mapping=te
x-text;!
Missing character: There is no 中 (U+4E2D) in font [lmroman9-regular]:mapping=te
x-text;!
Missing character: There is no 的 (U+7684) in font [lmroman9-regular]:mapping=te
x-text;!
Missing character: There is no 轨 (U+8F68) in font [lmroman9-regular]:mapping=te
x-text;!
Missing character: There is no 迹 (U+8FF9) in font [lmroman9-regular]:mapping=te
x-text;!
Missing character: There is no 对 (U+5BF9) in font [lmroman9-regular]:mapping=te
x-text;!
Missing character: There is no 比 (U+6BD4) in font [lmroman9-regular]:mapping=te
x-text;!
Missing character: There is no ， (U+FF0C) in font [lmroman9-regular]:mapping=te
x-text;!
Missing character: There is no 给 (U+7ED9) in font [lmroman9-regular]:mapping=te
x-text;!
Missing character: There is no 出 (U+51FA) in font [lmroman9-regular]:mapping=te
x-text;!
Missing character: There is no 了 (U+4E86) in font [lmroman9-regular]:mapping=te
x-text;!
Missing character: There is no 两 (U+4E24) in font [lmroman9-regular]:mapping=te
x-text;!
Missing character: There is no 个 (U+4E2A) in font [lmroman9-regular]:mapping=te
x-text;!
Missing character: There is no 起 (U+8D77) in font [lmroman9-regular]:mapping=te
x-text;!
Missing character: There is no 始 (U+59CB) in font [lmroman9-regular]:mapping=te
x-text;!
Missing character: There is no 位 (U+4F4D) in font [lmroman9-regular]:mapping=te
x-text;!
Missing character: There is no 姿 (U+59FF) in font [lmroman9-regular]:mapping=te
x-text;!
Missing character: There is no （ (U+FF08) in font [lmroman9-regular]:mapping=te
x-text;!
Missing character: There is no 绿 (U+7EFF) in font [lmroman9-regular]:mapping=te
x-text;!
Missing character: There is no 色 (U+8272) in font [lmroman9-regular]:mapping=te
x-text;!
Missing character: There is no 圆 (U+5706) in font [lmroman9-regular]:mapping=te
x-text;!
Missing character: There is no 点 (U+70B9) in font [lmroman9-regular]:mapping=te
x-text;!
Missing character: There is no ： (U+FF1A) in font [lmroman9-regular]:mapping=te
x-text;!
Missing character: There is no 左 (U+5DE6) in font [lmroman9-regular]:mapping=te
x-text;!
Missing character: There is no 前 (U+524D) in font [lmroman9-regular]:mapping=te
x-text;!
Missing character: There is no 和 (U+548C) in font [lmroman9-regular]:mapping=te
x-text;!
Missing character: There is no 右 (U+53F3) in font [lmroman9-regular]:mapping=te
x-text;!
Missing character: There is no 前 (U+524D) in font [lmroman9-regular]:mapping=te
x-text;!
Missing character: There is no ） (U+FF09) in font [lmroman9-regular]:mapping=te
x-text;!
Missing character: There is no 的 (U+7684) in font [lmroman9-regular]:mapping=te
x-text;!
Missing character: There is no 均 (U+5747) in font [lmroman9-regular]:mapping=te
x-text;!
Missing character: There is no 值 (U+503C) in font [lmroman9-regular]:mapping=te
x-text;!
Missing character: There is no 与 (U+4E0E) in font [lmroman9-regular]:mapping=te
x-text;!
Missing character: There is no 标 (U+6807) in font [lmroman9-regular]:mapping=te
x-text;!
Missing character: There is no 准 (U+51C6) in font [lmroman9-regular]:mapping=te
x-text;!
Missing character: There is no 差 (U+5DEE) in font [lmroman9-regular]:mapping=te
x-text;!
Missing character: There is no 。 (U+3002) in font [lmroman9-regular]:mapping=te
x-text;!
Missing character: There is no 蓝 (U+84DD) in font [lmroman9-regular]:mapping=te
x-text;!
Missing character: There is no 色 (U+8272) in font [lmroman9-regular]:mapping=te
x-text;!
Missing character: There is no 和 (U+548C) in font [lmroman9-regular]:mapping=te
x-text;!
Missing character: There is no 绿 (U+7EFF) in font [lmroman9-regular]:mapping=te
x-text;!
Missing character: There is no 色 (U+8272) in font [lmroman9-regular]:mapping=te
x-text;!
Missing character: There is no 实 (U+5B9E) in font [lmroman9-regular]:mapping=te
x-text;!
Missing character: There is no 线 (U+7EBF) in font [lmroman9-regular]:mapping=te
x-text;!
Missing character: There is no 表 (U+8868) in font [lmroman9-regular]:mapping=te
x-text;!
Missing character: There is no 示 (U+793A) in font [lmroman9-regular]:mapping=te
x-text;!
Missing character: There is no 教 (U+6559) in font [lmroman9-regular]:mapping=te
x-text;!
Missing character: There is no 师 (U+5E08) in font [lmroman9-regular]:mapping=te
x-text;!
Missing character: There is no 方 (U+65B9) in font [lmroman9-regular]:mapping=te
x-text;!
Missing character: There is no 法 (U+6CD5) in font [lmroman9-regular]:mapping=te
x-text;!
Missing character: There is no 的 (U+7684) in font [lmroman9-regular]:mapping=te
x-text;!
Missing character: There is no 平 (U+5E73) in font [lmroman9-regular]:mapping=te
x-text;!
Missing character: There is no 均 (U+5747) in font [lmroman9-regular]:mapping=te
x-text;!
Missing character: There is no 路 (U+8DEF) in font [lmroman9-regular]:mapping=te
x-text;!
Missing character: There is no 径 (U+5F84) in font [lmroman9-regular]:mapping=te
x-text;!
Missing character: There is no ， (U+FF0C) in font [lmroman9-regular]:mapping=te
x-text;!
Missing character: There is no 橙 (U+6A59) in font [lmroman9-regular]:mapping=te
x-text;!
Missing character: There is no 色 (U+8272) in font [lmroman9-regular]:mapping=te
x-text;!
Missing character: There is no 和 (U+548C) in font [lmroman9-regular]:mapping=te
x-text;!
Missing character: There is no 红 (U+7EA2) in font [lmroman9-regular]:mapping=te
x-text;!
Missing character: There is no 色 (U+8272) in font [lmroman9-regular]:mapping=te
x-text;!
Missing character: There is no 虚 (U+865A) in font [lmroman9-regular]:mapping=te
x-text;!
Missing character: There is no 线 (U+7EBF) in font [lmroman9-regular]:mapping=te
x-text;!
Missing character: There is no 表 (U+8868) in font [lmroman9-regular]:mapping=te
x-text;!
Missing character: There is no 示 (U+793A) in font [lmroman9-regular]:mapping=te
x-text;!
Missing character: There is no 学 (U+5B66) in font [lmroman9-regular]:mapping=te
x-text;!
Missing character: There is no 生 (U+751F) in font [lmroman9-regular]:mapping=te
x-text;!
Missing character: There is no 路 (U+8DEF) in font [lmroman9-regular]:mapping=te
x-text;!
Missing character: There is no 径 (U+5F84) in font [lmroman9-regular]:mapping=te
x-text;!
Missing character: There is no 。 (U+3002) in font [lmroman9-regular]:mapping=te
x-text;!
Missing character: There is no 阴 (U+9634) in font [lmroman9-regular]:mapping=te
x-text;!
Missing character: There is no 影 (U+5F71) in font [lmroman9-regular]:mapping=te
x-text;!
Missing character: There is no 区 (U+533A) in font [lmroman9-regular]:mapping=te
x-text;!
Missing character: There is no 域 (U+57DF) in font [lmroman9-regular]:mapping=te
x-text;!
Missing character: There is no 表 (U+8868) in font [lmroman9-regular]:mapping=te
x-text;!
Missing character: There is no 示 (U+793A) in font [lmroman9-regular]:mapping=te
x-text;!
Missing character: There is no 不 (U+4E0D) in font [lmroman9-regular]:mapping=te
x-text;!
Missing character: There is no 同 (U+540C) in font [lmroman9-regular]:mapping=te
x-text;!
Missing character: There is no 运 (U+8FD0) in font [lmroman9-regular]:mapping=te
x-text;!
Missing character: There is no 行 (U+884C) in font [lmroman9-regular]:mapping=te
x-text;!
Missing character: There is no 之 (U+4E4B) in font [lmroman9-regular]:mapping=te
x-text;!
Missing character: There is no 间 (U+95F4) in font [lmroman9-regular]:mapping=te
x-text;!
Missing character: There is no 的 (U+7684) in font [lmroman9-regular]:mapping=te
x-text;!
Missing character: There is no 轨 (U+8F68) in font [lmroman9-regular]:mapping=te
x-text;!
Missing character: There is no 迹 (U+8FF9) in font [lmroman9-regular]:mapping=te
x-text;!
Missing character: There is no 波 (U+6CE2) in font [lmroman9-regular]:mapping=te
x-text;!
Missing character: There is no 动 (U+52A8) in font [lmroman9-regular]:mapping=te
x-text;!
Missing character: There is no 。 (U+3002) in font [lmroman9-regular]:mapping=te
x-text;!
Missing character: There is no 星 (U+661F) in font [lmroman9-regular]:mapping=te
x-text;!
Missing character: There is no 号 (U+53F7) in font [lmroman9-regular]:mapping=te
x-text;!
Missing character: There is no 表 (U+8868) in font [lmroman9-regular]:mapping=te
x-text;!
Missing character: There is no 示 (U+793A) in font [lmroman9-regular]:mapping=te
x-text;!
Missing character: There is no 目 (U+76EE) in font [lmroman9-regular]:mapping=te
x-text;!
Missing character: There is no 标 (U+6807) in font [lmroman9-regular]:mapping=te
x-text;!
Missing character: There is no 位 (U+4F4D) in font [lmroman9-regular]:mapping=te
x-text;!
Missing character: There is no 姿 (U+59FF) in font [lmroman9-regular]:mapping=te
x-text;!
Missing character: There is no 。 (U+3002) in font [lmroman9-regular]:mapping=te
x-text;!
Missing character: There is no 可 (U+53EF) in font [lmroman9-regular]:mapping=te
x-text;!
Missing character: There is no 以 (U+4EE5) in font [lmroman9-regular]:mapping=te
x-text;!
Missing character: There is no 看 (U+770B) in font [lmroman9-regular]:mapping=te
x-text;!
Missing character: There is no 到 (U+5230) in font [lmroman9-regular]:mapping=te
x-text;!
Missing character: There is no ， (U+FF0C) in font [lmroman9-regular]:mapping=te
x-text;!
Missing character: There is no 学 (U+5B66) in font [lmroman9-regular]:mapping=te
x-text;!
Missing character: There is no 生 (U+751F) in font [lmroman9-regular]:mapping=te
x-text;!
Missing character: There is no 路 (U+8DEF) in font [lmroman9-regular]:mapping=te
x-text;!
Missing character: There is no 径 (U+5F84) in font [lmroman9-regular]:mapping=te
x-text;!
Missing character: There is no 波 (U+6CE2) in font [lmroman9-regular]:mapping=te
x-text;!
Missing character: There is no 动 (U+52A8) in font [lmroman9-regular]:mapping=te
x-text;!
Missing character: There is no 更 (U+66F4) in font [lmroman9-regular]:mapping=te
x-text;!
Missing character: There is no 大 (U+5927) in font [lmroman9-regular]:mapping=te
x-text;!
Missing character: There is no ， (U+FF0C) in font [lmroman9-regular]:mapping=te
x-text;!
Missing character: There is no 但 (U+4F46) in font [lmroman9-regular]:mapping=te
x-text;!
Missing character: There is no 其 (U+5176) in font [lmroman9-regular]:mapping=te
x-text;!
Missing character: There is no 平 (U+5E73) in font [lmroman9-regular]:mapping=te
x-text;!
Missing character: There is no 均 (U+5747) in font [lmroman9-regular]:mapping=te
x-text;!
Missing character: There is no 路 (U+8DEF) in font [lmroman9-regular]:mapping=te
x-text;!
Missing character: There is no 径 (U+5F84) in font [lmroman9-regular]:mapping=te
x-text;!
Missing character: There is no 长 (U+957F) in font [lmroman9-regular]:mapping=te
x-text;!
Missing character: There is no 度 (U+5EA6) in font [lmroman9-regular]:mapping=te
x-text;!
Missing character: There is no 短 (U+77ED) in font [lmroman9-regular]:mapping=te
x-text;!
Missing character: There is no 于 (U+4E8E) in font [lmroman9-regular]:mapping=te
x-text;!
Missing character: There is no 教 (U+6559) in font [lmroman9-regular]:mapping=te
x-text;!
Missing character: There is no 师 (U+5E08) in font [lmroman9-regular]:mapping=te
x-text;!
Missing character: There is no 。 (U+3002) in font [lmroman9-regular]:mapping=te
x-text;!
Missing character: There is no 为 (U+4E3A) in font [lmroman10-regular]:mapping=t
ex-text;!
Missing character: There is no 了 (U+4E86) in font [lmroman10-regular]:mapping=t
ex-text;!
Missing character: There is no 比 (U+6BD4) in font [lmroman10-regular]:mapping=t
ex-text;!
Missing character: There is no 较 (U+8F83) in font [lmroman10-regular]:mapping=t
ex-text;!
Missing character: There is no 本 (U+672C) in font [lmroman10-regular]:mapping=t
ex-text;!
Missing character: There is no 文 (U+6587) in font [lmroman10-regular]:mapping=t
ex-text;!
Missing character: There is no 提 (U+63D0) in font [lmroman10-regular]:mapping=t
ex-text;!
Missing character: There is no 出 (U+51FA) in font [lmroman10-regular]:mapping=t
ex-text;!
Missing character: There is no 的 (U+7684) in font [lmroman10-regular]:mapping=t
ex-text;!
Missing character: There is no 学 (U+5B66) in font [lmroman10-regular]:mapping=t
ex-text;!
Missing character: There is no 生 (U+751F) in font [lmroman10-regular]:mapping=t
ex-text;!
Missing character: There is no 网 (U+7F51) in font [lmroman10-regular]:mapping=t
ex-text;!
Missing character: There is no 络 (U+7EDC) in font [lmroman10-regular]:mapping=t
ex-text;!
Missing character: There is no 在 (U+5728) in font [lmroman10-regular]:mapping=t
ex-text;!
Missing character: There is no 有 (U+6709) in font [lmroman10-regular]:mapping=t
ex-text;!
Missing character: There is no 无 (U+65E0) in font [lmroman10-regular]:mapping=t
ex-text;!
Missing character: There is no 分 (U+5206) in font [lmroman10-regular]:mapping=t
ex-text;!
Missing character: There is no 割 (U+5272) in font [lmroman10-regular]:mapping=t
ex-text;!
Missing character: There is no 情 (U+60C5) in font [lmroman10-regular]:mapping=t
ex-text;!
Missing character: There is no 况 (U+51B5) in font [lmroman10-regular]:mapping=t
ex-text;!
Missing character: There is no 下 (U+4E0B) in font [lmroman10-regular]:mapping=t
ex-text;!
Missing character: There is no 与 (U+4E0E) in font [lmroman10-regular]:mapping=t
ex-text;!
Missing character: There is no 基 (U+57FA) in font [lmroman10-regular]:mapping=t
ex-text;!
Missing character: There is no 线 (U+7EBF) in font [lmroman10-regular]:mapping=t
ex-text;!
Missing character: There is no 之 (U+4E4B) in font [lmroman10-regular]:mapping=t
ex-text;!
Missing character: There is no 间 (U+95F4) in font [lmroman10-regular]:mapping=t
ex-text;!
Missing character: There is no 的 (U+7684) in font [lmroman10-regular]:mapping=t
ex-text;!
Missing character: There is no 计 (U+8BA1) in font [lmroman10-regular]:mapping=t
ex-text;!
Missing character: There is no 算 (U+7B97) in font [lmroman10-regular]:mapping=t
ex-text;!
Missing character: There is no 效 (U+6548) in font [lmroman10-regular]:mapping=t
ex-text;!
Missing character: There is no 率 (U+7387) in font [lmroman10-regular]:mapping=t
ex-text;!
Missing character: There is no ， (U+FF0C) in font [lmroman10-regular]:mapping=t
ex-text;!
Missing character: There is no 我 (U+6211) in font [lmroman10-regular]:mapping=t
ex-text;!
Missing character: There is no 们 (U+4EEC) in font [lmroman10-regular]:mapping=t
ex-text;!
Missing character: There is no 在 (U+5728) in font [lmroman10-regular]:mapping=t
ex-text;!
Missing character: There is no 一 (U+4E00) in font [lmroman10-regular]:mapping=t
ex-text;!
Missing character: There is no 组 (U+7EC4) in font [lmroman10-regular]:mapping=t
ex-text;!
Missing character: There is no 分 (U+5206) in font [lmroman10-regular]:mapping=t
ex-text;!
Missing character: There is no 辨 (U+8FA8) in font [lmroman10-regular]:mapping=t
ex-text;!
Missing character: There is no 率 (U+7387) in font [lmroman10-regular]:mapping=t
ex-text;!
Missing character: There is no 为 (U+4E3A) in font [lmroman10-regular]:mapping=t
ex-text;!
Missing character: There is no 的 (U+7684) in font [lmroman10-regular]:mapping=t
ex-text;!
Missing character: There is no 真 (U+771F) in font [lmroman10-regular]:mapping=t
ex-text;!
Missing character: There is no 实 (U+5B9E) in font [lmroman10-regular]:mapping=t
ex-text;!
Missing character: There is no 世 (U+4E16) in font [lmroman10-regular]:mapping=t
ex-text;!
Missing character: There is no 界 (U+754C) in font [lmroman10-regular]:mapping=t
ex-text;!
Missing character: There is no 帧 (U+5E27) in font [lmroman10-regular]:mapping=t
ex-text;!
Missing character: There is no 上 (U+4E0A) in font [lmroman10-regular]:mapping=t
ex-text;!
Missing character: There is no 进 (U+8FDB) in font [lmroman10-regular]:mapping=t
ex-text;!
Missing character: There is no 行 (U+884C) in font [lmroman10-regular]:mapping=t
ex-text;!
Missing character: There is no 了 (U+4E86) in font [lmroman10-regular]:mapping=t
ex-text;!
Missing character: There is no 运 (U+8FD0) in font [lmroman10-regular]:mapping=t
ex-text;!
Missing character: There is no 行 (U+884C) in font [lmroman10-regular]:mapping=t
ex-text;!
Missing character: There is no 时 (U+65F6) in font [lmroman10-regular]:mapping=t
ex-text;!
Missing character: There is no 间 (U+95F4) in font [lmroman10-regular]:mapping=t
ex-text;!
Missing character: There is no 基 (U+57FA) in font [lmroman10-regular]:mapping=t
ex-text;!
Missing character: There is no 准 (U+51C6) in font [lmroman10-regular]:mapping=t
ex-text;!
Missing character: There is no 测 (U+6D4B) in font [lmroman10-regular]:mapping=t
ex-text;!
Missing character: There is no 试 (U+8BD5) in font [lmroman10-regular]:mapping=t
ex-text;!
Missing character: There is no 。 (U+3002) in font [lmroman10-regular]:mapping=t
ex-text;!
Missing character: There is no 每 (U+6BCF) in font [lmroman10-regular]:mapping=t
ex-text;!
Missing character: There is no 个 (U+4E2A) in font [lmroman10-regular]:mapping=t
ex-text;!
Missing character: There is no 评 (U+8BC4) in font [lmroman10-regular]:mapping=t
ex-text;!
Missing character: There is no 估 (U+4F30) in font [lmroman10-regular]:mapping=t
ex-text;!
Missing character: There is no 器 (U+5668) in font [lmroman10-regular]:mapping=t
ex-text;!
Missing character: There is no 都 (U+90FD) in font [lmroman10-regular]:mapping=t
ex-text;!
Missing character: There is no 独 (U+72EC) in font [lmroman10-regular]:mapping=t
ex-text;!
Missing character: There is no 立 (U+7ACB) in font [lmroman10-regular]:mapping=t
ex-text;!
Missing character: There is no 处 (U+5904) in font [lmroman10-regular]:mapping=t
ex-text;!
Missing character: There is no 理 (U+7406) in font [lmroman10-regular]:mapping=t
ex-text;!
Missing character: There is no 同 (U+540C) in font [lmroman10-regular]:mapping=t
ex-text;!
Missing character: There is no 一 (U+4E00) in font [lmroman10-regular]:mapping=t
ex-text;!
Missing character: There is no 组 (U+7EC4) in font [lmroman10-regular]:mapping=t
ex-text;!
Missing character: There is no 输 (U+8F93) in font [lmroman10-regular]:mapping=t
ex-text;!
Missing character: There is no 入 (U+5165) in font [lmroman10-regular]:mapping=t
ex-text;!
Missing character: There is no 帧 (U+5E27) in font [lmroman10-regular]:mapping=t
ex-text;!
Missing character: There is no ， (U+FF0C) in font [lmroman10-regular]:mapping=t
ex-text;!
Missing character: There is no 并 (U+5E76) in font [lmroman10-regular]:mapping=t
ex-text;!
Missing character: There is no 对 (U+5BF9) in font [lmroman10-regular]:mapping=t
ex-text;!
Missing character: There is no 每 (U+6BCF) in font [lmroman10-regular]:mapping=t
ex-text;!
Missing character: There is no 帧 (U+5E27) in font [lmroman10-regular]:mapping=t
ex-text;!
Missing character: There is no 的 (U+7684) in font [lmroman10-regular]:mapping=t
ex-text;!
Missing character: There is no 推 (U+63A8) in font [lmroman10-regular]:mapping=t
ex-text;!
Missing character: There is no 理 (U+7406) in font [lmroman10-regular]:mapping=t
ex-text;!
Missing character: There is no 时 (U+65F6) in font [lmroman10-regular]:mapping=t
ex-text;!
Missing character: There is no 间 (U+95F4) in font [lmroman10-regular]:mapping=t
ex-text;!
Missing character: There is no 重 (U+91CD) in font [lmroman10-regular]:mapping=t
ex-text;!
Missing character: There is no 复 (U+590D) in font [lmroman10-regular]:mapping=t
ex-text;!
Missing character: There is no 测 (U+6D4B) in font [lmroman10-regular]:mapping=t
ex-text;!
Missing character: There is no 量 (U+91CF) in font [lmroman10-regular]:mapping=t
ex-text;!
Missing character: There is no 次 (U+6B21) in font [lmroman10-regular]:mapping=t
ex-text;!
Missing character: There is no ， (U+FF0C) in font [lmroman10-regular]:mapping=t
ex-text;!
Missing character: There is no 以 (U+4EE5) in font [lmroman10-regular]:mapping=t
ex-text;!
Missing character: There is no 考 (U+8003) in font [lmroman10-regular]:mapping=t
ex-text;!
Missing character: There is no 虑 (U+8651) in font [lmroman10-regular]:mapping=t
ex-text;!
Missing character: There is no 系 (U+7CFB) in font [lmroman10-regular]:mapping=t
ex-text;!
Missing character: There is no 统 (U+7EDF) in font [lmroman10-regular]:mapping=t
ex-text;!
Missing character: There is no 负 (U+8D1F) in font [lmroman10-regular]:mapping=t
ex-text;!
Missing character: There is no 载 (U+8F7D) in font [lmroman10-regular]:mapping=t
ex-text;!
Missing character: There is no 和 (U+548C) in font [lmroman10-regular]:mapping=t
ex-text;!
Missing character: There is no 内 (U+5185) in font [lmroman10-regular]:mapping=t
ex-text;!
Missing character: There is no 存 (U+5B58) in font [lmroman10-regular]:mapping=t
ex-text;!
Missing character: There is no 效 (U+6548) in font [lmroman10-regular]:mapping=t
ex-text;!
Missing character: There is no 应 (U+5E94) in font [lmroman10-regular]:mapping=t
ex-text;!
Missing character: There is no 带 (U+5E26) in font [lmroman10-regular]:mapping=t
ex-text;!
Missing character: There is no 来 (U+6765) in font [lmroman10-regular]:mapping=t
ex-text;!
Missing character: There is no 的 (U+7684) in font [lmroman10-regular]:mapping=t
ex-text;!
Missing character: There is no 波 (U+6CE2) in font [lmroman10-regular]:mapping=t
ex-text;!
Missing character: There is no 动 (U+52A8) in font [lmroman10-regular]:mapping=t
ex-text;!
Missing character: There is no 。 (U+3002) in font [lmroman10-regular]:mapping=t
ex-text;!
Missing character: There is no 每 (U+6BCF) in font [lmroman10-regular]:mapping=t
ex-text;!
Missing character: There is no 次 (U+6B21) in font [lmroman10-regular]:mapping=t
ex-text;!
Missing character: There is no 试 (U+8BD5) in font [lmroman10-regular]:mapping=t
ex-text;!
Missing character: There is no 验 (U+9A8C) in font [lmroman10-regular]:mapping=t
ex-text;!
Missing character: There is no 前 (U+524D) in font [lmroman10-regular]:mapping=t
ex-text;!
Missing character: There is no 都 (U+90FD) in font [lmroman10-regular]:mapping=t
ex-text;!
Missing character: There is no 进 (U+8FDB) in font [lmroman10-regular]:mapping=t
ex-text;!
Missing character: There is no 行 (U+884C) in font [lmroman10-regular]:mapping=t
ex-text;!
Missing character: There is no 了 (U+4E86) in font [lmroman10-regular]:mapping=t
ex-text;!
Missing character: There is no 预 (U+9884) in font [lmroman10-regular]:mapping=t
ex-text;!
Missing character: There is no 热 (U+70ED) in font [lmroman10-regular]:mapping=t
ex-text;!
Missing character: There is no 迭 (U+8FED) in font [lmroman10-regular]:mapping=t
ex-text;!
Missing character: There is no 代 (U+4EE3) in font [lmroman10-regular]:mapping=t
ex-text;!
Missing character: There is no 以 (U+4EE5) in font [lmroman10-regular]:mapping=t
ex-text;!
Missing character: There is no 避 (U+907F) in font [lmroman10-regular]:mapping=t
ex-text;!
Missing character: There is no 免 (U+514D) in font [lmroman10-regular]:mapping=t
ex-text;!
Missing character: There is no 初 (U+521D) in font [lmroman10-regular]:mapping=t
ex-text;!
Missing character: There is no 始 (U+59CB) in font [lmroman10-regular]:mapping=t
ex-text;!
Missing character: There is no 化 (U+5316) in font [lmroman10-regular]:mapping=t
ex-text;!
Missing character: There is no 偏 (U+504F) in font [lmroman10-regular]:mapping=t
ex-text;!
Missing character: There is no 差 (U+5DEE) in font [lmroman10-regular]:mapping=t
ex-text;!
Missing character: There is no ， (U+FF0C) in font [lmroman10-regular]:mapping=t
ex-text;!
Missing character: There is no 并 (U+5E76) in font [lmroman10-regular]:mapping=t
ex-text;!
Missing character: There is no 在 (U+5728) in font [lmroman10-regular]:mapping=t
ex-text;!
Missing character: There is no 试 (U+8BD5) in font [lmroman10-regular]:mapping=t
ex-text;!
Missing character: There is no 验 (U+9A8C) in font [lmroman10-regular]:mapping=t
ex-text;!
Missing character: There is no 间 (U+95F4) in font [lmroman10-regular]:mapping=t
ex-text;!
Missing character: There is no 显 (U+663E) in font [lmroman10-regular]:mapping=t
ex-text;!
Missing character: There is no 式 (U+5F0F) in font [lmroman10-regular]:mapping=t
ex-text;!
Missing character: There is no 释 (U+91CA) in font [lmroman10-regular]:mapping=t
ex-text;!
Missing character: There is no 放 (U+653E) in font [lmroman10-regular]:mapping=t
ex-text;!
Missing character: There is no 内 (U+5185) in font [lmroman10-regular]:mapping=t
ex-text;!
Missing character: There is no 存 (U+5B58) in font [lmroman10-regular]:mapping=t
ex-text;!
Missing character: There is no 。 (U+3002) in font [lmroman10-regular]:mapping=t
ex-text;!
Missing character: There is no 我 (U+6211) in font [lmroman10-regular]:mapping=t
ex-text;!
Missing character: There is no 们 (U+4EEC) in font [lmroman10-regular]:mapping=t
ex-text;!
Missing character: There is no 以 (U+4EE5) in font [lmroman10-regular]:mapping=t
ex-text;!
Missing character: There is no 毫 (U+6BEB) in font [lmroman10-regular]:mapping=t
ex-text;!
Missing character: There is no 秒 (U+79D2) in font [lmroman10-regular]:mapping=t
ex-text;!
Missing character: There is no 和 (U+548C) in font [lmroman10-regular]:mapping=t
ex-text;!
Missing character: There is no 表 (U+8868) in font [lmroman10-regular]:mapping=t
ex-text;!
Missing character: There is no 示 (U+793A) in font [lmroman10-regular]:mapping=t
ex-text;!
Missing character: There is no 推 (U+63A8) in font [lmroman10-regular]:mapping=t
ex-text;!
Missing character: There is no 理 (U+7406) in font [lmroman10-regular]:mapping=t
ex-text;!
Missing character: There is no 时 (U+65F6) in font [lmroman10-regular]:mapping=t
ex-text;!
Missing character: There is no 间 (U+95F4) in font [lmroman10-regular]:mapping=t
ex-text;!
Missing character: There is no 。 (U+3002) in font [lmroman10-regular]:mapping=t
ex-text;!
Missing character: There is no 结 (U+7ED3) in font [lmroman10-regular]:mapping=t
ex-text;!
Missing character: There is no 果 (U+679C) in font [lmroman10-regular]:mapping=t
ex-text;!
Missing character: There is no 汇 (U+6C47) in font [lmroman10-regular]:mapping=t
ex-text;!
Missing character: There is no 总 (U+603B) in font [lmroman10-regular]:mapping=t
ex-text;!
Missing character: There is no 于 (U+4E8E) in font [lmroman10-regular]:mapping=t
ex-text;!
Missing character: There is no 表 (U+8868) in font [lmroman10-regular]:mapping=t
ex-text;!
Missing character: There is no 。 (U+3002) in font [lmroman10-regular]:mapping=t
ex-text;!
Missing character: There is no 次 (U+6B21) in font [lmroman9-regular]:mapping=te
x-text;!
Missing character: There is no 试 (U+8BD5) in font [lmroman9-regular]:mapping=te
x-text;!
Missing character: There is no 验 (U+9A8C) in font [lmroman9-regular]:mapping=te
x-text;!
Missing character: There is no 的 (U+7684) in font [lmroman9-regular]:mapping=te
x-text;!
Missing character: There is no 计 (U+8BA1) in font [lmroman9-regular]:mapping=te
x-text;!
Missing character: There is no 算 (U+7B97) in font [lmroman9-regular]:mapping=te
x-text;!
Missing character: There is no 时 (U+65F6) in font [lmroman9-regular]:mapping=te
x-text;!
Missing character: There is no 间 (U+95F4) in font [lmroman9-regular]:mapping=te
x-text;!
Missing character: There is no （ (U+FF08) in font [lmroman9-regular]:mapping=te
x-text;!
Missing character: There is no 毫 (U+6BEB) in font [lmroman9-regular]:mapping=te
x-text;!
Missing character: There is no 秒 (U+79D2) in font [lmroman9-regular]:mapping=te
x-text;!
Missing character: There is no ） (U+FF09) in font [lmroman9-regular]:mapping=te
x-text;!
Missing character: There is no 。 (U+3002) in font [lmroman9-regular]:mapping=te
x-text;!
Missing character: There is no 小 (U+5C0F) in font [lmroman9-regular]:mapping=te
x-text;!
Missing character: There is no 型 (U+578B) in font [lmroman9-regular]:mapping=te
x-text;!
Missing character: There is no 参 (U+53C2) in font [lmroman9-regular]:mapping=te
x-text;!
Missing character: There is no 数 (U+6570) in font [lmroman9-regular]:mapping=te
x-text;!
Missing character: There is no 学 (U+5B66) in font [lmroman9-regular]:mapping=te
x-text;!
Missing character: There is no 生 (U+751F) in font [lmroman9-regular]:mapping=te
x-text;!
Missing character: There is no 比 (U+6BD4) in font [lmroman9-regular]:mapping=te
x-text;!
Missing character: There is no 教 (U+6559) in font [lmroman9-regular]:mapping=te
x-text;!
Missing character: There is no 师 (U+5E08) in font [lmroman9-regular]:mapping=te
x-text;!
Missing character: There is no 快 (U+5FEB) in font [lmroman9-regular]:mapping=te
x-text;!
Missing character: There is no 。 (U+3002) in font [lmroman9-regular]:mapping=te
x-text;!
Missing character: There is no 次 (U+6B21) in font [lmroman9-regular]:mapping=te
x-text;!
Missing character: There is no 试 (U+8BD5) in font [lmroman9-regular]:mapping=te
x-text;!
Missing character: There is no 验 (U+9A8C) in font [lmroman9-regular]:mapping=te
x-text;!
Missing character: There is no 的 (U+7684) in font [lmroman9-regular]:mapping=te
x-text;!
Missing character: There is no 计 (U+8BA1) in font [lmroman9-regular]:mapping=te
x-text;!
Missing character: There is no 算 (U+7B97) in font [lmroman9-regular]:mapping=te
x-text;!
Missing character: There is no 时 (U+65F6) in font [lmroman9-regular]:mapping=te
x-text;!
Missing character: There is no 间 (U+95F4) in font [lmroman9-regular]:mapping=te
x-text;!
Missing character: There is no （ (U+FF08) in font [lmroman9-regular]:mapping=te
x-text;!
Missing character: There is no 毫 (U+6BEB) in font [lmroman9-regular]:mapping=te
x-text;!
Missing character: There is no 秒 (U+79D2) in font [lmroman9-regular]:mapping=te
x-text;!
Missing character: There is no ） (U+FF09) in font [lmroman9-regular]:mapping=te
x-text;!
Missing character: There is no 。 (U+3002) in font [lmroman9-regular]:mapping=te
x-text;!
Missing character: There is no 小 (U+5C0F) in font [lmroman9-regular]:mapping=te
x-text;!
Missing character: There is no 型 (U+578B) in font [lmroman9-regular]:mapping=te
x-text;!
Missing character: There is no 参 (U+53C2) in font [lmroman9-regular]:mapping=te
x-text;!
Missing character: There is no 数 (U+6570) in font [lmroman9-regular]:mapping=te
x-text;!
Missing character: There is no 学 (U+5B66) in font [lmroman9-regular]:mapping=te
x-text;!
Missing character: There is no 生 (U+751F) in font [lmroman9-regular]:mapping=te
x-text;!
Missing character: There is no 比 (U+6BD4) in font [lmroman9-regular]:mapping=te
x-text;!
Missing character: There is no 教 (U+6559) in font [lmroman9-regular]:mapping=te
x-text;!
Missing character: There is no 师 (U+5E08) in font [lmroman9-regular]:mapping=te
x-text;!
Missing character: There is no 快 (U+5FEB) in font [lmroman9-regular]:mapping=te
x-text;!
Missing character: There is no 。 (U+3002) in font [lmroman9-regular]:mapping=te
x-text;!
Missing character: There is no 评 (U+8BC4) in font [lmroman8-regular]:mapping=te
x-text;!
Missing character: There is no 估 (U+4F30) in font [lmroman8-regular]:mapping=te
x-text;!
Missing character: There is no 器 (U+5668) in font [lmroman8-regular]:mapping=te
x-text;!
Missing character: There is no 平 (U+5E73) in font [lmroman8-regular]:mapping=te
x-text;!
Missing character: There is no 均 (U+5747) in font [lmroman8-regular]:mapping=te
x-text;!
Missing character: There is no 标 (U+6807) in font [lmroman8-regular]:mapping=te
x-text;!
Missing character: There is no 准 (U+51C6) in font [lmroman8-regular]:mapping=te
x-text;!
Missing character: There is no 差 (U+5DEE) in font [lmroman8-regular]:mapping=te
x-text;!
Missing character: There is no 中 (U+4E2D) in font [lmroman8-regular]:mapping=te
x-text;!
Missing character: There is no 位 (U+4F4D) in font [lmroman8-regular]:mapping=te
x-text;!
Missing character: There is no 数 (U+6570) in font [lmroman8-regular]:mapping=te
x-text;!
Missing character: There is no 最 (U+6700) in font [lmroman8-regular]:mapping=te
x-text;!
Missing character: There is no 小 (U+5C0F) in font [lmroman8-regular]:mapping=te
x-text;!
Missing character: There is no 值 (U+503C) in font [lmroman8-regular]:mapping=te
x-text;!
Missing character: There is no 最 (U+6700) in font [lmroman8-regular]:mapping=te
x-text;!
Missing character: There is no 大 (U+5927) in font [lmroman8-regular]:mapping=te
x-text;!
Missing character: There is no 值 (U+503C) in font [lmroman8-regular]:mapping=te
x-text;!
Missing character: There is no 学 (U+5B66) in font [lmroman8-regular]:mapping=te
x-text;!
Missing character: There is no 生 (U+751F) in font [lmroman8-regular]:mapping=te
x-text;!

Overfull \hbox (4.8562pt too wide) in paragraph at lines 326--334
 [][] 
 []

Missing character: There is no 结 (U+7ED3) in font [lmroman10-regular]:mapping=t
ex-text;!
Missing character: There is no 果 (U+679C) in font [lmroman10-regular]:mapping=t
ex-text;!
Missing character: There is no 表 (U+8868) in font [lmroman10-regular]:mapping=t
ex-text;!
Missing character: There is no 明 (U+660E) in font [lmroman10-regular]:mapping=t
ex-text;!
Missing character: There is no ， (U+FF0C) in font [lmroman10-regular]:mapping=t
ex-text;!
Missing character: There is no 该 (U+8BE5) in font [lmroman10-regular]:mapping=t
ex-text;!
Missing character: There is no 方 (U+65B9) in font [lmroman10-regular]:mapping=t
ex-text;!
Missing character: There is no 法 (U+6CD5) in font [lmroman10-regular]:mapping=t
ex-text;!
Missing character: There is no 实 (U+5B9E) in font [lmroman10-regular]:mapping=t
ex-text;!
Missing character: There is no 现 (U+73B0) in font [lmroman10-regular]:mapping=t
ex-text;!
Missing character: There is no 了 (U+4E86) in font [lmroman10-regular]:mapping=t
ex-text;!
Missing character: There is no 有 (U+6709) in font [lmroman10-regular]:mapping=t
ex-text;!
Missing character: There is no 效 (U+6548) in font [lmroman10-regular]:mapping=t
ex-text;!
Missing character: There is no 的 (U+7684) in font [lmroman10-regular]:mapping=t
ex-text;!
Missing character: There is no 仿 (U+4EFF) in font [lmroman10-regular]:mapping=t
ex-text;!
Missing character: There is no 真 (U+771F) in font [lmroman10-regular]:mapping=t
ex-text;!
Missing character: There is no 到 (U+5230) in font [lmroman10-regular]:mapping=t
ex-text;!
Missing character: There is no 现 (U+73B0) in font [lmroman10-regular]:mapping=t
ex-text;!
Missing character: There is no 实 (U+5B9E) in font [lmroman10-regular]:mapping=t
ex-text;!
Missing character: There is no 迁 (U+8FC1) in font [lmroman10-regular]:mapping=t
ex-text;!
Missing character: There is no 移 (U+79FB) in font [lmroman10-regular]:mapping=t
ex-text;!
Missing character: There is no ， (U+FF0C) in font [lmroman10-regular]:mapping=t
ex-text;!
Missing character: There is no 但 (U+4F46) in font [lmroman10-regular]:mapping=t
ex-text;!
Missing character: There is no 正 (U+6B63) in font [lmroman10-regular]:mapping=t
ex-text;!
Missing character: There is no 如 (U+5982) in font [lmroman10-regular]:mapping=t
ex-text;!
Missing character: There is no 预 (U+9884) in font [lmroman10-regular]:mapping=t
ex-text;!
Missing character: There is no 期 (U+671F) in font [lmroman10-regular]:mapping=t
ex-text;!
Missing character: There is no 那 (U+90A3) in font [lmroman10-regular]:mapping=t
ex-text;!
Missing character: There is no 样 (U+6837) in font [lmroman10-regular]:mapping=t
ex-text;!
Missing character: There is no 存 (U+5B58) in font [lmroman10-regular]:mapping=t
ex-text;!
Missing character: There is no 在 (U+5728) in font [lmroman10-regular]:mapping=t
ex-text;!
Missing character: There is no 一 (U+4E00) in font [lmroman10-regular]:mapping=t
ex-text;!
Missing character: There is no 定 (U+5B9A) in font [lmroman10-regular]:mapping=t
ex-text;!
Missing character: There is no 性 (U+6027) in font [lmroman10-regular]:mapping=t
ex-text;!
Missing character: There is no 能 (U+80FD) in font [lmroman10-regular]:mapping=t
ex-text;!
Missing character: There is no 下 (U+4E0B) in font [lmroman10-regular]:mapping=t
ex-text;!
Missing character: There is no 降 (U+964D) in font [lmroman10-regular]:mapping=t
ex-text;!
Missing character: There is no 。 (U+3002) in font [lmroman10-regular]:mapping=t
ex-text;!
Missing character: There is no 在 (U+5728) in font [lmroman10-regular]:mapping=t
ex-text;!
Missing character: There is no 真 (U+771F) in font [lmroman10-regular]:mapping=t
ex-text;!
Missing character: There is no 实 (U+5B9E) in font [lmroman10-regular]:mapping=t
ex-text;!
Missing character: There is no 世 (U+4E16) in font [lmroman10-regular]:mapping=t
ex-text;!
Missing character: There is no 界 (U+754C) in font [lmroman10-regular]:mapping=t
ex-text;!
Missing character: There is no 场 (U+573A) in font [lmroman10-regular]:mapping=t
ex-text;!
Missing character: There is no 景 (U+666F) in font [lmroman10-regular]:mapping=t
ex-text;!
Missing character: There is no 中 (U+4E2D) in font [lmroman10-regular]:mapping=t
ex-text;!
Missing character: There is no ， (U+FF0C) in font [lmroman10-regular]:mapping=t
ex-text;!
Missing character: There is no 学 (U+5B66) in font [lmroman10-regular]:mapping=t
ex-text;!
Missing character: There is no 生 (U+751F) in font [lmroman10-regular]:mapping=t
ex-text;!
Missing character: There is no 模 (U+6A21) in font [lmroman10-regular]:mapping=t
ex-text;!
Missing character: There is no 型 (U+578B) in font [lmroman10-regular]:mapping=t
ex-text;!
Missing character: There is no 保 (U+4FDD) in font [lmroman10-regular]:mapping=t
ex-text;!
Missing character: There is no 持 (U+6301) in font [lmroman10-regular]:mapping=t
ex-text;!
Missing character: There is no 了 (U+4E86) in font [lmroman10-regular]:mapping=t
ex-text;!
Missing character: There is no 具 (U+5177) in font [lmroman10-regular]:mapping=t
ex-text;!
Missing character: There is no 有 (U+6709) in font [lmroman10-regular]:mapping=t
ex-text;!
Missing character: There is no 竞 (U+7ADE) in font [lmroman10-regular]:mapping=t
ex-text;!
Missing character: There is no 争 (U+4E89) in font [lmroman10-regular]:mapping=t
ex-text;!
Missing character: There is no 力 (U+529B) in font [lmroman10-regular]:mapping=t
ex-text;!
Missing character: There is no 的 (U+7684) in font [lmroman10-regular]:mapping=t
ex-text;!
Missing character: There is no 跟 (U+8DDF) in font [lmroman10-regular]:mapping=t
ex-text;!
Missing character: There is no 踪 (U+8E2A) in font [lmroman10-regular]:mapping=t
ex-text;!
Missing character: There is no 精 (U+7CBE) in font [lmroman10-regular]:mapping=t
ex-text;!
Missing character: There is no 度 (U+5EA6) in font [lmroman10-regular]:mapping=t
ex-text;!
Missing character: There is no ， (U+FF0C) in font [lmroman10-regular]:mapping=t
ex-text;!
Missing character: There is no 而 (U+800C) in font [lmroman10-regular]:mapping=t
ex-text;!
Missing character: There is no 教 (U+6559) in font [lmroman10-regular]:mapping=t
ex-text;!
Missing character: There is no 师 (U+5E08) in font [lmroman10-regular]:mapping=t
ex-text;!
Missing character: There is no 模 (U+6A21) in font [lmroman10-regular]:mapping=t
ex-text;!
Missing character: There is no 型 (U+578B) in font [lmroman10-regular]:mapping=t
ex-text;!
Missing character: There is no 在 (U+5728) in font [lmroman10-regular]:mapping=t
ex-text;!
Missing character: There is no 不 (U+4E0D) in font [lmroman10-regular]:mapping=t
ex-text;!
Missing character: There is no 同 (U+540C) in font [lmroman10-regular]:mapping=t
ex-text;!
Missing character: There is no 环 (U+73AF) in font [lmroman10-regular]:mapping=t
ex-text;!
Missing character: There is no 境 (U+5883) in font [lmroman10-regular]:mapping=t
ex-text;!
Missing character: There is no 中 (U+4E2D) in font [lmroman10-regular]:mapping=t
ex-text;!
Missing character: There is no 表 (U+8868) in font [lmroman10-regular]:mapping=t
ex-text;!
Missing character: There is no 现 (U+73B0) in font [lmroman10-regular]:mapping=t
ex-text;!
Missing character: There is no 更 (U+66F4) in font [lmroman10-regular]:mapping=t
ex-text;!
Missing character: There is no 稳 (U+7A33) in font [lmroman10-regular]:mapping=t
ex-text;!
Missing character: There is no 定 (U+5B9A) in font [lmroman10-regular]:mapping=t
ex-text;!
Missing character: There is no 。 (U+3002) in font [lmroman10-regular]:mapping=t
ex-text;!
Missing character: There is no 使 (U+4F7F) in font [lmroman10-regular]:mapping=t
ex-text;!
Missing character: There is no 用 (U+7528) in font [lmroman10-regular]:mapping=t
ex-text;!
Missing character: There is no 个 (U+4E2A) in font [lmroman10-regular]:mapping=t
ex-text;!
Missing character: There is no 真 (U+771F) in font [lmroman10-regular]:mapping=t
ex-text;!
Missing character: There is no 实 (U+5B9E) in font [lmroman10-regular]:mapping=t
ex-text;!
Missing character: There is no 场 (U+573A) in font [lmroman10-regular]:mapping=t
ex-text;!
Missing character: There is no 景 (U+666F) in font [lmroman10-regular]:mapping=t
ex-text;!
Missing character: There is no 进 (U+8FDB) in font [lmroman10-regular]:mapping=t
ex-text;!
Missing character: There is no 行 (U+884C) in font [lmroman10-regular]:mapping=t
ex-text;!
Missing character: There is no 微 (U+5FAE) in font [lmroman10-regular]:mapping=t
ex-text;!
Missing character: There is no 调 (U+8C03) in font [lmroman10-regular]:mapping=t
ex-text;!
Missing character: There is no 的 (U+7684) in font [lmroman10-regular]:mapping=t
ex-text;!
Missing character: There is no 做 (U+505A) in font [lmroman10-regular]:mapping=t
ex-text;!
Missing character: There is no 法 (U+6CD5) in font [lmroman10-regular]:mapping=t
ex-text;!
Missing character: There is no 验 (U+9A8C) in font [lmroman10-regular]:mapping=t
ex-text;!
Missing character: There is no 证 (U+8BC1) in font [lmroman10-regular]:mapping=t
ex-text;!
Missing character: There is no 了 (U+4E86) in font [lmroman10-regular]:mapping=t
ex-text;!
Missing character: There is no 领 (U+9886) in font [lmroman10-regular]:mapping=t
ex-text;!
Missing character: There is no 域 (U+57DF) in font [lmroman10-regular]:mapping=t
ex-text;!
Missing character: There is no 自 (U+81EA) in font [lmroman10-regular]:mapping=t
ex-text;!
Missing character: There is no 适 (U+9002) in font [lmroman10-regular]:mapping=t
ex-text;!
Missing character: There is no 应 (U+5E94) in font [lmroman10-regular]:mapping=t
ex-text;!
Missing character: There is no 的 (U+7684) in font [lmroman10-regular]:mapping=t
ex-text;!
Missing character: There is no 有 (U+6709) in font [lmroman10-regular]:mapping=t
ex-text;!
Missing character: There is no 效 (U+6548) in font [lmroman10-regular]:mapping=t
ex-text;!
Missing character: There is no 性 (U+6027) in font [lmroman10-regular]:mapping=t
ex-text;!
Missing character: There is no ， (U+FF0C) in font [lmroman10-regular]:mapping=t
ex-text;!
Missing character: There is no 并 (U+5E76) in font [lmroman10-regular]:mapping=t
ex-text;!
Missing character: There is no 有 (U+6709) in font [lmroman10-regular]:mapping=t
ex-text;!
Missing character: There is no 助 (U+52A9) in font [lmroman10-regular]:mapping=t
ex-text;!
Missing character: There is no 于 (U+4E8E) in font [lmroman10-regular]:mapping=t
ex-text;!
Missing character: There is no 在 (U+5728) in font [lmroman10-regular]:mapping=t
ex-text;!
Missing character: There is no 实 (U+5B9E) in font [lmroman10-regular]:mapping=t
ex-text;!
Missing character: There is no 际 (U+9645) in font [lmroman10-regular]:mapping=t
ex-text;!
Missing character: There is no 场 (U+573A) in font [lmroman10-regular]:mapping=t
ex-text;!
Missing character: There is no 景 (U+666F) in font [lmroman10-regular]:mapping=t
ex-text;!
Missing character: There is no 中 (U+4E2D) in font [lmroman10-regular]:mapping=t
ex-text;!
Missing character: There is no 成 (U+6210) in font [lmroman10-regular]:mapping=t
ex-text;!
Missing character: There is no 功 (U+529F) in font [lmroman10-regular]:mapping=t
ex-text;!
Missing character: There is no 部 (U+90E8) in font [lmroman10-regular]:mapping=t
ex-text;!
Missing character: There is no 署 (U+7F72) in font [lmroman10-regular]:mapping=t
ex-text;!
Missing character: There is no 。 (U+3002) in font [lmroman10-regular]:mapping=t
ex-text;!
Missing character: There is no 总 (U+603B) in font [lmroman12-regular]:mapping=t
ex-text;!
Missing character: There is no 结 (U+7ED3) in font [lmroman12-regular]:mapping=t
ex-text;!
Missing character: There is no 与 (U+4E0E) in font [lmroman12-regular]:mapping=t
ex-text;!
Missing character: There is no 结 (U+7ED3) in font [lmroman12-regular]:mapping=t
ex-text;!
Missing character: There is no 论 (U+8BBA) in font [lmroman12-regular]:mapping=t
ex-text;!
Missing character: There is no 本 (U+672C) in font [lmroman10-regular]:mapping=t
ex-text;!
Missing character: There is no 文 (U+6587) in font [lmroman10-regular]:mapping=t
ex-text;!
Missing character: There is no 提 (U+63D0) in font [lmroman10-regular]:mapping=t
ex-text;!
Missing character: There is no 出 (U+51FA) in font [lmroman10-regular]:mapping=t
ex-text;!
Missing character: There is no 了 (U+4E86) in font [lmroman10-regular]:mapping=t
ex-text;!
Missing character: There is no 首 (U+9996) in font [lmroman10-regular]:mapping=t
ex-text;!
Missing character: There is no 个 (U+4E2A) in font [lmroman10-regular]:mapping=t
ex-text;!
Missing character: There is no 用 (U+7528) in font [lmroman10-regular]:mapping=t
ex-text;!
Missing character: There is no 于 (U+4E8E) in font [lmroman10-regular]:mapping=t
ex-text;!
Missing character: There is no 无 (U+65E0) in font [lmroman10-regular]:mapping=t
ex-text;!
Missing character: There is no 人 (U+4EBA) in font [lmroman10-regular]:mapping=t
ex-text;!
Missing character: There is no 机 (U+673A) in font [lmroman10-regular]:mapping=t
ex-text;!
Missing character: There is no 视 (U+89C6) in font [lmroman10-regular]:mapping=t
ex-text;!
Missing character: There is no 觉 (U+89C9) in font [lmroman10-regular]:mapping=t
ex-text;!
Missing character: There is no 伺 (U+4F3A) in font [lmroman10-regular]:mapping=t
ex-text;!
Missing character: There is no 服 (U+670D) in font [lmroman10-regular]:mapping=t
ex-text;!
Missing character: There is no 的 (U+7684) in font [lmroman10-regular]:mapping=t
ex-text;!
Missing character: There is no 自 (U+81EA) in font [lmroman10-regular]:mapping=t
ex-text;!
Missing character: There is no 监 (U+76D1) in font [lmroman10-regular]:mapping=t
ex-text;!
Missing character: There is no 督 (U+7763) in font [lmroman10-regular]:mapping=t
ex-text;!
Missing character: There is no 神 (U+795E) in font [lmroman10-regular]:mapping=t
ex-text;!
Missing character: There is no 经 (U+7ECF) in font [lmroman10-regular]:mapping=t
ex-text;!
Missing character: There is no 解 (U+89E3) in font [lmroman10-regular]:mapping=t
ex-text;!
Missing character: There is no 析 (U+6790) in font [lmroman10-regular]:mapping=t
ex-text;!
Missing character: There is no 系 (U+7CFB) in font [lmroman10-regular]:mapping=t
ex-text;!
Missing character: There is no 统 (U+7EDF) in font [lmroman10-regular]:mapping=t
ex-text;!
Missing character: There is no ， (U+FF0C) in font [lmroman10-regular]:mapping=t
ex-text;!
Missing character: There is no 并 (U+5E76) in font [lmroman10-regular]:mapping=t
ex-text;!
Missing character: There is no 通 (U+901A) in font [lmroman10-regular]:mapping=t
ex-text;!
Missing character: There is no 过 (U+8FC7) in font [lmroman10-regular]:mapping=t
ex-text;!
Missing character: There is no 高 (U+9AD8) in font [lmroman10-regular]:mapping=t
ex-text;!
Missing character: There is no 效 (U+6548) in font [lmroman10-regular]:mapping=t
ex-text;!
Missing character: There is no 知 (U+77E5) in font [lmroman10-regular]:mapping=t
ex-text;!
Missing character: There is no 识 (U+8BC6) in font [lmroman10-regular]:mapping=t
ex-text;!
Missing character: There is no 蒸 (U+84B8) in font [lmroman10-regular]:mapping=t
ex-text;!
Missing character: There is no 馏 (U+998F) in font [lmroman10-regular]:mapping=t
ex-text;!
Missing character: There is no 实 (U+5B9E) in font [lmroman10-regular]:mapping=t
ex-text;!
Missing character: There is no 现 (U+73B0) in font [lmroman10-regular]:mapping=t
ex-text;!
Missing character: There is no ： (U+FF1A) in font [lmroman10-regular]:mapping=t
ex-text;!
Missing character: There is no 一 (U+4E00) in font [lmroman10-regular]:mapping=t
ex-text;!
Missing character: There is no 个 (U+4E2A) in font [lmroman10-regular]:mapping=t
ex-text;!
Missing character: There is no 小 (U+5C0F) in font [lmroman10-regular]:mapping=t
ex-text;!
Missing character: There is no 型 (U+578B) in font [lmroman10-regular]:mapping=t
ex-text;!
Missing character: There is no 学 (U+5B66) in font [lmroman10-regular]:mapping=t
ex-text;!
Missing character: There is no 生 (U+751F) in font [lmroman10-regular]:mapping=t
ex-text;!
Missing character: There is no 从 (U+4ECE) in font [lmroman10-regular]:mapping=t
ex-text;!
Missing character: There is no 所 (U+6240) in font [lmroman10-regular]:mapping=t
ex-text;!
Missing character: There is no 提 (U+63D0) in font [lmroman10-regular]:mapping=t
ex-text;!
Missing character: There is no 出 (U+51FA) in font [lmroman10-regular]:mapping=t
ex-text;!
Missing character: There is no 的 (U+7684) in font [lmroman10-regular]:mapping=t
ex-text;!
Missing character: There is no 、 (U+3001) in font [lmroman10-regular]:mapping=t
ex-text;!
Missing character: There is no 数 (U+6570) in font [lmroman10-regular]:mapping=t
ex-text;!
Missing character: There is no 值 (U+503C) in font [lmroman10-regular]:mapping=t
ex-text;!
Missing character: There is no 稳 (U+7A33) in font [lmroman10-regular]:mapping=t
ex-text;!
Missing character: There is no 定 (U+5B9A) in font [lmroman10-regular]:mapping=t
ex-text;!
Missing character: There is no 的 (U+7684) in font [lmroman10-regular]:mapping=t
ex-text;!
Missing character: There is no 解 (U+89E3) in font [lmroman10-regular]:mapping=t
ex-text;!
Missing character: There is no 析 (U+6790) in font [lmroman10-regular]:mapping=t
ex-text;!
Missing character: There is no 式 (U+5F0F) in font [lmroman10-regular]:mapping=t
ex-text;!
Missing character: There is no 教 (U+6559) in font [lmroman10-regular]:mapping=t
ex-text;!
Missing character: There is no 师 (U+5E08) in font [lmroman10-regular]:mapping=t
ex-text;!
Missing character: There is no （ (U+FF08) in font [lmroman10-regular]:mapping=t
ex-text;!
Missing character: There is no ） (U+FF09) in font [lmroman10-regular]:mapping=t
ex-text;!
Missing character: There is no 中 (U+4E2D) in font [lmroman10-regular]:mapping=t
ex-text;!
Missing character: There is no 学 (U+5B66) in font [lmroman10-regular]:mapping=t
ex-text;!
Missing character: There is no 习 (U+4E60) in font [lmroman10-regular]:mapping=t
ex-text;!
Missing character: There is no ， (U+FF0C) in font [lmroman10-regular]:mapping=t
ex-text;!
Missing character: There is no 使 (U+4F7F) in font [lmroman10-regular]:mapping=t
ex-text;!
Missing character: There is no 无 (U+65E0) in font [lmroman10-regular]:mapping=t
ex-text;!
Missing character: There is no 人 (U+4EBA) in font [lmroman10-regular]:mapping=t
ex-text;!
Missing character: There is no 机 (U+673A) in font [lmroman10-regular]:mapping=t
ex-text;!
Missing character: There is no 能 (U+80FD) in font [lmroman10-regular]:mapping=t
ex-text;!
Missing character: There is no 够 (U+591F) in font [lmroman10-regular]:mapping=t
ex-text;!
Missing character: There is no 从 (U+4ECE) in font [lmroman10-regular]:mapping=t
ex-text;!
Missing character: There is no 不 (U+4E0D) in font [lmroman10-regular]:mapping=t
ex-text;!
Missing character: There is no 同 (U+540C) in font [lmroman10-regular]:mapping=t
ex-text;!
Missing character: There is no 起 (U+8D77) in font [lmroman10-regular]:mapping=t
ex-text;!
Missing character: There is no 始 (U+59CB) in font [lmroman10-regular]:mapping=t
ex-text;!
Missing character: There is no 位 (U+4F4D) in font [lmroman10-regular]:mapping=t
ex-text;!
Missing character: There is no 姿 (U+59FF) in font [lmroman10-regular]:mapping=t
ex-text;!
Missing character: There is no 飞 (U+98DE) in font [lmroman10-regular]:mapping=t
ex-text;!
Missing character: There is no 到 (U+5230) in font [lmroman10-regular]:mapping=t
ex-text;!
Missing character: There is no 目 (U+76EE) in font [lmroman10-regular]:mapping=t
ex-text;!
Missing character: There is no 标 (U+6807) in font [lmroman10-regular]:mapping=t
ex-text;!
Missing character: There is no 位 (U+4F4D) in font [lmroman10-regular]:mapping=t
ex-text;!
Missing character: There is no 姿 (U+59FF) in font [lmroman10-regular]:mapping=t
ex-text;!
Missing character: There is no ， (U+FF0C) in font [lmroman10-regular]:mapping=t
ex-text;!
Missing character: There is no 而 (U+800C) in font [lmroman10-regular]:mapping=t
ex-text;!
Missing character: There is no 这 (U+8FD9) in font [lmroman10-regular]:mapping=t
ex-text;!
Missing character: There is no 些 (U+4E9B) in font [lmroman10-regular]:mapping=t
ex-text;!
Missing character: There is no 起 (U+8D77) in font [lmroman10-regular]:mapping=t
ex-text;!
Missing character: There is no 始 (U+59CB) in font [lmroman10-regular]:mapping=t
ex-text;!
Missing character: There is no 位 (U+4F4D) in font [lmroman10-regular]:mapping=t
ex-text;!
Missing character: There is no 姿 (U+59FF) in font [lmroman10-regular]:mapping=t
ex-text;!
Missing character: There is no 在 (U+5728) in font [lmroman10-regular]:mapping=t
ex-text;!
Missing character: There is no 三 (U+4E09) in font [lmroman10-regular]:mapping=t
ex-text;!
Missing character: There is no 角 (U+89D2) in font [lmroman10-regular]:mapping=t
ex-text;!
Missing character: There is no 函 (U+51FD) in font [lmroman10-regular]:mapping=t
ex-text;!
Missing character: There is no 数 (U+6570) in font [lmroman10-regular]:mapping=t
ex-text;!
Missing character: There is no 圆 (U+5706) in font [lmroman10-regular]:mapping=t
ex-text;!
Missing character: There is no 上 (U+4E0A) in font [lmroman10-regular]:mapping=t
ex-text;!
Missing character: There is no 充 (U+5145) in font [lmroman10-regular]:mapping=t
ex-text;!
Missing character: There is no 分 (U+5206) in font [lmroman10-regular]:mapping=t
ex-text;!
Missing character: There is no 覆 (U+8986) in font [lmroman10-regular]:mapping=t
ex-text;!
Missing character: There is no 盖 (U+76D6) in font [lmroman10-regular]:mapping=t
ex-text;!
Missing character: There is no 了 (U+4E86) in font [lmroman10-regular]:mapping=t
ex-text;!
Missing character: There is no 相 (U+76F8) in font [lmroman10-regular]:mapping=t
ex-text;!
Missing character: There is no 对 (U+5BF9) in font [lmroman10-regular]:mapping=t
ex-text;!
Missing character: There is no 位 (U+4F4D) in font [lmroman10-regular]:mapping=t
ex-text;!
Missing character: There is no 姿 (U+59FF) in font [lmroman10-regular]:mapping=t
ex-text;!
Missing character: There is no 差 (U+5DEE) in font [lmroman10-regular]:mapping=t
ex-text;!
Missing character: There is no 异 (U+5F02) in font [lmroman10-regular]:mapping=t
ex-text;!
Missing character: There is no 。 (U+3002) in font [lmroman10-regular]:mapping=t
ex-text;!
Missing character: There is no 该 (U+8BE5) in font [lmroman10-regular]:mapping=t
ex-text;!
Missing character: There is no 系 (U+7CFB) in font [lmroman10-regular]:mapping=t
ex-text;!
Missing character: There is no 统 (U+7EDF) in font [lmroman10-regular]:mapping=t
ex-text;!
Missing character: There is no 完 (U+5B8C) in font [lmroman10-regular]:mapping=t
ex-text;!
Missing character: There is no 全 (U+5168) in font [lmroman10-regular]:mapping=t
ex-text;!
Missing character: There is no 不 (U+4E0D) in font [lmroman10-regular]:mapping=t
ex-text;!
Missing character: There is no 需 (U+9700) in font [lmroman10-regular]:mapping=t
ex-text;!
Missing character: There is no 要 (U+8981) in font [lmroman10-regular]:mapping=t
ex-text;!
Missing character: There is no 人 (U+4EBA) in font [lmroman10-regular]:mapping=t
ex-text;!
Missing character: There is no 工 (U+5DE5) in font [lmroman10-regular]:mapping=t
ex-text;!
Missing character: There is no 干 (U+5E72) in font [lmroman10-regular]:mapping=t
ex-text;!
Missing character: There is no 预 (U+9884) in font [lmroman10-regular]:mapping=t
ex-text;!
Missing character: There is no 、 (U+3001) in font [lmroman10-regular]:mapping=t
ex-text;!
Missing character: There is no 监 (U+76D1) in font [lmroman10-regular]:mapping=t
ex-text;!
Missing character: There is no 督 (U+7763) in font [lmroman10-regular]:mapping=t
ex-text;!
Missing character: There is no 预 (U+9884) in font [lmroman10-regular]:mapping=t
ex-text;!
Missing character: There is no 训 (U+8BAD) in font [lmroman10-regular]:mapping=t
ex-text;!
Missing character: There is no 练 (U+7EC3) in font [lmroman10-regular]:mapping=t
ex-text;!
Missing character: There is no 或 (U+6216) in font [lmroman10-regular]:mapping=t
ex-text;!
Missing character: There is no 外 (U+5916) in font [lmroman10-regular]:mapping=t
ex-text;!
Missing character: There is no 部 (U+90E8) in font [lmroman10-regular]:mapping=t
ex-text;!
Missing character: There is no 传 (U+4F20) in font [lmroman10-regular]:mapping=t
ex-text;!
Missing character: There is no 感 (U+611F) in font [lmroman10-regular]:mapping=t
ex-text;!
Missing character: There is no 器 (U+5668) in font [lmroman10-regular]:mapping=t
ex-text;!
Missing character: There is no ， (U+FF0C) in font [lmroman10-regular]:mapping=t
ex-text;!
Missing character: There is no 与 (U+4E0E) in font [lmroman10-regular]:mapping=t
ex-text;!
Missing character: There is no 文 (U+6587) in font [lmroman10-regular]:mapping=t
ex-text;!
Missing character: There is no 献 (U+732E) in font [lmroman10-regular]:mapping=t
ex-text;!
Missing character: There is no 中 (U+4E2D) in font [lmroman10-regular]:mapping=t
ex-text;!
Missing character: There is no 的 (U+7684) in font [lmroman10-regular]:mapping=t
ex-text;!
Missing character: There is no 其 (U+5176) in font [lmroman10-regular]:mapping=t
ex-text;!
Missing character: There is no 他 (U+4ED6) in font [lmroman10-regular]:mapping=t
ex-text;!
Missing character: There is no 方 (U+65B9) in font [lmroman10-regular]:mapping=t
ex-text;!
Missing character: There is no 法 (U+6CD5) in font [lmroman10-regular]:mapping=t
ex-text;!
Missing character: There is no 不 (U+4E0D) in font [lmroman10-regular]:mapping=t
ex-text;!
Missing character: There is no 同 (U+540C) in font [lmroman10-regular]:mapping=t
ex-text;!
Missing character: There is no 。 (U+3002) in font [lmroman10-regular]:mapping=t
ex-text;!
Missing character: There is no 该 (U+8BE5) in font [lmroman10-regular]:mapping=t
ex-text;!
Missing character: There is no 学 (U+5B66) in font [lmroman10-regular]:mapping=t
ex-text;!
Missing character: There is no 生 (U+751F) in font [lmroman10-regular]:mapping=t
ex-text;!
Missing character: There is no 网 (U+7F51) in font [lmroman10-regular]:mapping=t
ex-text;!
Missing character: There is no 络 (U+7EDC) in font [lmroman10-regular]:mapping=t
ex-text;!
Missing character: There is no 只 (U+53EA) in font [lmroman10-regular]:mapping=t
ex-text;!
Missing character: There is no 有 (U+6709) in font [lmroman10-regular]:mapping=t
ex-text;!
Missing character: There is no 参 (U+53C2) in font [lmroman10-regular]:mapping=t
ex-text;!
Missing character: There is no 数 (U+6570) in font [lmroman10-regular]:mapping=t
ex-text;!
Missing character: There is no ， (U+FF0C) in font [lmroman10-regular]:mapping=t
ex-text;!
Missing character: There is no 易 (U+6613) in font [lmroman10-regular]:mapping=t
ex-text;!
Missing character: There is no 于 (U+4E8E) in font [lmroman10-regular]:mapping=t
ex-text;!
Missing character: There is no 部 (U+90E8) in font [lmroman10-regular]:mapping=t
ex-text;!
Missing character: There is no 署 (U+7F72) in font [lmroman10-regular]:mapping=t
ex-text;!
Missing character: There is no 在 (U+5728) in font [lmroman10-regular]:mapping=t
ex-text;!
Missing character: There is no 嵌 (U+5D4C) in font [lmroman10-regular]:mapping=t
ex-text;!
Missing character: There is no 入 (U+5165) in font [lmroman10-regular]:mapping=t
ex-text;!
Missing character: There is no 式 (U+5F0F) in font [lmroman10-regular]:mapping=t
ex-text;!
Missing character: There is no 设 (U+8BBE) in font [lmroman10-regular]:mapping=t
ex-text;!
Missing character: There is no 备 (U+5907) in font [lmroman10-regular]:mapping=t
ex-text;!
Missing character: There is no 上 (U+4E0A) in font [lmroman10-regular]:mapping=t
ex-text;!
Missing character: There is no ， (U+FF0C) in font [lmroman10-regular]:mapping=t
ex-text;!
Missing character: There is no 其 (U+5176) in font [lmroman10-regular]:mapping=t
ex-text;!
Missing character: There is no 计 (U+8BA1) in font [lmroman10-regular]:mapping=t
ex-text;!
Missing character: There is no 算 (U+7B97) in font [lmroman10-regular]:mapping=t
ex-text;!
Missing character: There is no 速 (U+901F) in font [lmroman10-regular]:mapping=t
ex-text;!
Missing character: There is no 度 (U+5EA6) in font [lmroman10-regular]:mapping=t
ex-text;!
Missing character: There is no 比 (U+6BD4) in font [lmroman10-regular]:mapping=t
ex-text;!
Missing character: There is no 教 (U+6559) in font [lmroman10-regular]:mapping=t
ex-text;!
Missing character: There is no 师 (U+5E08) in font [lmroman10-regular]:mapping=t
ex-text;!
Missing character: There is no 路 (U+8DEF) in font [lmroman10-regular]:mapping=t
ex-text;!
Missing character: There is no 径 (U+5F84) in font [lmroman10-regular]:mapping=t
ex-text;!
Missing character: There is no 快 (U+5FEB) in font [lmroman10-regular]:mapping=t
ex-text;!
Missing character: There is no （ (U+FF08) in font [lmroman10-regular]:mapping=t
ex-text;!
Missing character: There is no 对 (U+5BF9) in font [lmroman10-regular]:mapping=t
ex-text;!
Missing character: There is no 比 (U+6BD4) in font [lmroman10-regular]:mapping=t
ex-text;!
Missing character: There is no ） (U+FF09) in font [lmroman10-regular]:mapping=t
ex-text;!
Missing character: There is no ， (U+FF0C) in font [lmroman10-regular]:mapping=t
ex-text;!
Missing character: There is no 同 (U+540C) in font [lmroman10-regular]:mapping=t
ex-text;!
Missing character: There is no 时 (U+65F6) in font [lmroman10-regular]:mapping=t
ex-text;!
Missing character: There is no 在 (U+5728) in font [lmroman10-regular]:mapping=t
ex-text;!
Missing character: There is no 仿 (U+4EFF) in font [lmroman10-regular]:mapping=t
ex-text;!
Missing character: There is no 真 (U+771F) in font [lmroman10-regular]:mapping=t
ex-text;!
Missing character: There is no 和 (U+548C) in font [lmroman10-regular]:mapping=t
ex-text;!
Missing character: There is no 真 (U+771F) in font [lmroman10-regular]:mapping=t
ex-text;!
Missing character: There is no 实 (U+5B9E) in font [lmroman10-regular]:mapping=t
ex-text;!
Missing character: There is no 世 (U+4E16) in font [lmroman10-regular]:mapping=t
ex-text;!
Missing character: There is no 界 (U+754C) in font [lmroman10-regular]:mapping=t
ex-text;!
Missing character: There is no 测 (U+6D4B) in font [lmroman10-regular]:mapping=t
ex-text;!
Missing character: There is no 试 (U+8BD5) in font [lmroman10-regular]:mapping=t
ex-text;!
Missing character: There is no 中 (U+4E2D) in font [lmroman10-regular]:mapping=t
ex-text;!
Missing character: There is no 都 (U+90FD) in font [lmroman10-regular]:mapping=t
ex-text;!
Missing character: There is no 保 (U+4FDD) in font [lmroman10-regular]:mapping=t
ex-text;!
Missing character: There is no 持 (U+6301) in font [lmroman10-regular]:mapping=t
ex-text;!
Missing character: There is no 了 (U+4E86) in font [lmroman10-regular]:mapping=t
ex-text;!
Missing character: There is no 相 (U+76F8) in font [lmroman10-regular]:mapping=t
ex-text;!
Missing character: There is no 近 (U+8FD1) in font [lmroman10-regular]:mapping=t
ex-text;!
Missing character: There is no 的 (U+7684) in font [lmroman10-regular]:mapping=t
ex-text;!
Missing character: There is no 准 (U+51C6) in font [lmroman10-regular]:mapping=t
ex-text;!
Missing character: There is no 确 (U+786E) in font [lmroman10-regular]:mapping=t
ex-text;!
Missing character: There is no 率 (U+7387) in font [lmroman10-regular]:mapping=t
ex-text;!
Missing character: There is no 和 (U+548C) in font [lmroman10-regular]:mapping=t
ex-text;!
Missing character: There is no 飞 (U+98DE) in font [lmroman10-regular]:mapping=t
ex-text;!
Missing character: There is no 行 (U+884C) in font [lmroman10-regular]:mapping=t
ex-text;!
Missing character: There is no 速 (U+901F) in font [lmroman10-regular]:mapping=t
ex-text;!
Missing character: There is no 度 (U+5EA6) in font [lmroman10-regular]:mapping=t
ex-text;!
Missing character: There is no 。 (U+3002) in font [lmroman10-regular]:mapping=t
ex-text;!
Missing character: There is no 真 (U+771F) in font [lmroman10-regular]:mapping=t
ex-text;!
Missing character: There is no 实 (U+5B9E) in font [lmroman10-regular]:mapping=t
ex-text;!
Missing character: There is no 场 (U+573A) in font [lmroman10-regular]:mapping=t
ex-text;!
Missing character: There is no 景 (U+666F) in font [lmroman10-regular]:mapping=t
ex-text;!
Missing character: There is no 学 (U+5B66) in font [lmroman10-regular]:mapping=t
ex-text;!
Missing character: There is no 习 (U+4E60) in font [lmroman10-regular]:mapping=t
ex-text;!
Missing character: There is no 仅 (U+4EC5) in font [lmroman10-regular]:mapping=t
ex-text;!
Missing character: There is no 依 (U+4F9D) in font [lmroman10-regular]:mapping=t
ex-text;!
Missing character: There is no 赖 (U+8D56) in font [lmroman10-regular]:mapping=t
ex-text;!
Missing character: There is no 次 (U+6B21) in font [lmroman10-regular]:mapping=t
ex-text;!
Missing character: There is no 飞 (U+98DE) in font [lmroman10-regular]:mapping=t
ex-text;!
Missing character: There is no 行 (U+884C) in font [lmroman10-regular]:mapping=t
ex-text;!
Missing character: There is no ， (U+FF0C) in font [lmroman10-regular]:mapping=t
ex-text;!
Missing character: There is no 从 (U+4ECE) in font [lmroman10-regular]:mapping=t
ex-text;!
Missing character: There is no 而 (U+800C) in font [lmroman10-regular]:mapping=t
ex-text;!
Missing character: There is no 通 (U+901A) in font [lmroman10-regular]:mapping=t
ex-text;!
Missing character: There is no 过 (U+8FC7) in font [lmroman10-regular]:mapping=t
ex-text;!
Missing character: There is no 数 (U+6570) in font [lmroman10-regular]:mapping=t
ex-text;!
Missing character: There is no 字 (U+5B57) in font [lmroman10-regular]:mapping=t
ex-text;!
Missing character: There is no 孪 (U+5B6A) in font [lmroman10-regular]:mapping=t
ex-text;!
Missing character: There is no 生 (U+751F) in font [lmroman10-regular]:mapping=t
ex-text;!
Missing character: There is no 仿 (U+4EFF) in font [lmroman10-regular]:mapping=t
ex-text;!
Missing character: There is no 真 (U+771F) in font [lmroman10-regular]:mapping=t
ex-text;!
Missing character: There is no 环 (U+73AF) in font [lmroman10-regular]:mapping=t
ex-text;!
Missing character: There is no 境 (U+5883) in font [lmroman10-regular]:mapping=t
ex-text;!
Missing character: There is no 与 (U+4E0E) in font [lmroman10-regular]:mapping=t
ex-text;!
Missing character: There is no 真 (U+771F) in font [lmroman10-regular]:mapping=t
ex-text;!
Missing character: There is no 实 (U+5B9E) in font [lmroman10-regular]:mapping=t
ex-text;!
Missing character: There is no 场 (U+573A) in font [lmroman10-regular]:mapping=t
ex-text;!
Missing character: There is no 景 (U+666F) in font [lmroman10-regular]:mapping=t
ex-text;!
Missing character: There is no 之 (U+4E4B) in font [lmroman10-regular]:mapping=t
ex-text;!
Missing character: There is no 间 (U+95F4) in font [lmroman10-regular]:mapping=t
ex-text;!
Missing character: There is no 的 (U+7684) in font [lmroman10-regular]:mapping=t
ex-text;!
Missing character: There is no 高 (U+9AD8) in font [lmroman10-regular]:mapping=t
ex-text;!
Missing character: There is no 效 (U+6548) in font [lmroman10-regular]:mapping=t
ex-text;!
Missing character: There is no 迁 (U+8FC1) in font [lmroman10-regular]:mapping=t
ex-text;!
Missing character: There is no 移 (U+79FB) in font [lmroman10-regular]:mapping=t
ex-text;!
Missing character: There is no 进 (U+8FDB) in font [lmroman10-regular]:mapping=t
ex-text;!
Missing character: There is no 一 (U+4E00) in font [lmroman10-regular]:mapping=t
ex-text;!
Missing character: There is no 步 (U+6B65) in font [lmroman10-regular]:mapping=t
ex-text;!
Missing character: There is no 降 (U+964D) in font [lmroman10-regular]:mapping=t
ex-text;!
Missing character: There is no 低 (U+4F4E) in font [lmroman10-regular]:mapping=t
ex-text;!
Missing character: There is no 了 (U+4E86) in font [lmroman10-regular]:mapping=t
ex-text;!
Missing character: There is no 成 (U+6210) in font [lmroman10-regular]:mapping=t
ex-text;!
Missing character: There is no 本 (U+672C) in font [lmroman10-regular]:mapping=t
ex-text;!
Missing character: There is no 。 (U+3002) in font [lmroman10-regular]:mapping=t
ex-text;!

Overfull \hbox (52.61406pt too wide) in paragraph at lines 340--341
\TU/pcr/m/n/10 IBVS）中学习，使无人机能够从不同起始位姿飞到目标位姿，而这些起始位姿在三角函数圆上充分覆盖了相对位姿差异。该系统完全不需要人
工干预、监督预训练或外部传感器，与文献中的其他方法不同。该学生网络只有
 []

Missing character: There is no 本 (U+672C) in font [lmroman10-regular]:mapping=t
ex-text;!
Missing character: There is no 文 (U+6587) in font [lmroman10-regular]:mapping=t
ex-text;!
Missing character: There is no 提 (U+63D0) in font [lmroman10-regular]:mapping=t
ex-text;!
Missing character: There is no 出 (U+51FA) in font [lmroman10-regular]:mapping=t
ex-text;!
Missing character: There is no 的 (U+7684) in font [lmroman10-regular]:mapping=t
ex-text;!
Missing character: There is no 两 (U+4E24) in font [lmroman10-regular]:mapping=t
ex-text;!
Missing character: There is no 阶 (U+9636) in font [lmroman10-regular]:mapping=t
ex-text;!
Missing character: There is no 段 (U+6BB5) in font [lmroman10-regular]:mapping=t
ex-text;!
Missing character: There is no 分 (U+5206) in font [lmroman10-regular]:mapping=t
ex-text;!
Missing character: There is no 割 (U+5272) in font [lmroman10-regular]:mapping=t
ex-text;!
Missing character: There is no 管 (U+7BA1) in font [lmroman10-regular]:mapping=t
ex-text;!
Missing character: There is no 线 (U+7EBF) in font [lmroman10-regular]:mapping=t
ex-text;!
Missing character: There is no 结 (U+7ED3) in font [lmroman10-regular]:mapping=t
ex-text;!
Missing character: There is no 合 (U+5408) in font [lmroman10-regular]:mapping=t
ex-text;!
Missing character: There is no 与 (U+4E0E) in font [lmroman10-regular]:mapping=t
ex-text;!
Missing character: There is no 专 (U+4E13) in font [lmroman10-regular]:mapping=t
ex-text;!
Missing character: There is no 门 (U+95E8) in font [lmroman10-regular]:mapping=t
ex-text;!
Missing character: There is no 的 (U+7684) in font [lmroman10-regular]:mapping=t
ex-text;!
Missing character: There is no 基 (U+57FA) in font [lmroman10-regular]:mapping=t
ex-text;!
Missing character: There is no 于 (U+4E8E) in font [lmroman10-regular]:mapping=t
ex-text;!
Missing character: There is no 的 (U+7684) in font [lmroman10-regular]:mapping=t
ex-text;!
Missing character: There is no 掩 (U+63A9) in font [lmroman10-regular]:mapping=t
ex-text;!
Missing character: There is no 码 (U+7801) in font [lmroman10-regular]:mapping=t
ex-text;!
Missing character: There is no 分 (U+5206) in font [lmroman10-regular]:mapping=t
ex-text;!
Missing character: There is no 裂 (U+88C2) in font [lmroman10-regular]:mapping=t
ex-text;!
Missing character: There is no 器 (U+5668) in font [lmroman10-regular]:mapping=t
ex-text;!
Missing character: There is no ， (U+FF0C) in font [lmroman10-regular]:mapping=t
ex-text;!
Missing character: There is no 无 (U+65E0) in font [lmroman10-regular]:mapping=t
ex-text;!
Missing character: There is no 需 (U+9700) in font [lmroman10-regular]:mapping=t
ex-text;!
Missing character: There is no 显 (U+663E) in font [lmroman10-regular]:mapping=t
ex-text;!
Missing character: There is no 式 (U+5F0F) in font [lmroman10-regular]:mapping=t
ex-text;!
Missing character: There is no 几 (U+51E0) in font [lmroman10-regular]:mapping=t
ex-text;!
Missing character: There is no 何 (U+4F55) in font [lmroman10-regular]:mapping=t
ex-text;!
Missing character: There is no 模 (U+6A21) in font [lmroman10-regular]:mapping=t
ex-text;!
Missing character: There is no 型 (U+578B) in font [lmroman10-regular]:mapping=t
ex-text;!
Missing character: There is no 或 (U+6216) in font [lmroman10-regular]:mapping=t
ex-text;!
Missing character: There is no ， (U+FF0C) in font [lmroman10-regular]:mapping=t
ex-text;!
Missing character: There is no 即 (U+5373) in font [lmroman10-regular]:mapping=t
ex-text;!
Missing character: There is no 可 (U+53EF) in font [lmroman10-regular]:mapping=t
ex-text;!
Missing character: There is no 提 (U+63D0) in font [lmroman10-regular]:mapping=t
ex-text;!
Missing character: There is no 供 (U+4F9B) in font [lmroman10-regular]:mapping=t
ex-text;!
Missing character: There is no 稳 (U+7A33) in font [lmroman10-regular]:mapping=t
ex-text;!
Missing character: There is no 健 (U+5065) in font [lmroman10-regular]:mapping=t
ex-text;!
Missing character: There is no 的 (U+7684) in font [lmroman10-regular]:mapping=t
ex-text;!
Missing character: There is no 车 (U+8F66) in font [lmroman10-regular]:mapping=t
ex-text;!
Missing character: There is no 辆 (U+8F86) in font [lmroman10-regular]:mapping=t
ex-text;!
Missing character: There is no 前 (U+524D) in font [lmroman10-regular]:mapping=t
ex-text;!
Missing character: There is no 后 (U+540E) in font [lmroman10-regular]:mapping=t
ex-text;!
Missing character: There is no 区 (U+533A) in font [lmroman10-regular]:mapping=t
ex-text;!
Missing character: There is no 域 (U+57DF) in font [lmroman10-regular]:mapping=t
ex-text;!
Missing character: There is no 分 (U+5206) in font [lmroman10-regular]:mapping=t
ex-text;!
Missing character: There is no 割 (U+5272) in font [lmroman10-regular]:mapping=t
ex-text;!
Missing character: There is no 。 (U+3002) in font [lmroman10-regular]:mapping=t
ex-text;!
Missing character: There is no 该 (U+8BE5) in font [lmroman10-regular]:mapping=t
ex-text;!
Missing character: There is no 方 (U+65B9) in font [lmroman10-regular]:mapping=t
ex-text;!
Missing character: There is no 法 (U+6CD5) in font [lmroman10-regular]:mapping=t
ex-text;!
Missing character: There is no 的 (U+7684) in font [lmroman10-regular]:mapping=t
ex-text;!
Missing character: There is no 自 (U+81EA) in font [lmroman10-regular]:mapping=t
ex-text;!
Missing character: There is no 监 (U+76D1) in font [lmroman10-regular]:mapping=t
ex-text;!
Missing character: There is no 督 (U+7763) in font [lmroman10-regular]:mapping=t
ex-text;!
Missing character: There is no 特 (U+7279) in font [lmroman10-regular]:mapping=t
ex-text;!
Missing character: There is no 性 (U+6027) in font [lmroman10-regular]:mapping=t
ex-text;!
Missing character: There is no 已 (U+5DF2) in font [lmroman10-regular]:mapping=t
ex-text;!
Missing character: There is no 经 (U+7ECF) in font [lmroman10-regular]:mapping=t
ex-text;!
Missing character: There is no 通 (U+901A) in font [lmroman10-regular]:mapping=t
ex-text;!
Missing character: There is no 过 (U+8FC7) in font [lmroman10-regular]:mapping=t
ex-text;!
Missing character: There is no 仿 (U+4EFF) in font [lmroman10-regular]:mapping=t
ex-text;!
Missing character: There is no 真 (U+771F) in font [lmroman10-regular]:mapping=t
ex-text;!
Missing character: There is no 到 (U+5230) in font [lmroman10-regular]:mapping=t
ex-text;!
Missing character: There is no 现 (U+73B0) in font [lmroman10-regular]:mapping=t
ex-text;!
Missing character: There is no 实 (U+5B9E) in font [lmroman10-regular]:mapping=t
ex-text;!
Missing character: There is no 迁 (U+8FC1) in font [lmroman10-regular]:mapping=t
ex-text;!
Missing character: There is no 移 (U+79FB) in font [lmroman10-regular]:mapping=t
ex-text;!
Missing character: There is no 学 (U+5B66) in font [lmroman10-regular]:mapping=t
ex-text;!
Missing character: There is no 习 (U+4E60) in font [lmroman10-regular]:mapping=t
ex-text;!
Missing character: There is no 得 (U+5F97) in font [lmroman10-regular]:mapping=t
ex-text;!
Missing character: There is no 到 (U+5230) in font [lmroman10-regular]:mapping=t
ex-text;!
Missing character: There is no 验 (U+9A8C) in font [lmroman10-regular]:mapping=t
ex-text;!
Missing character: There is no 证 (U+8BC1) in font [lmroman10-regular]:mapping=t
ex-text;!
Missing character: There is no ， (U+FF0C) in font [lmroman10-regular]:mapping=t
ex-text;!
Missing character: There is no 并 (U+5E76) in font [lmroman10-regular]:mapping=t
ex-text;!
Missing character: There is no 在 (U+5728) in font [lmroman10-regular]:mapping=t
ex-text;!
Missing character: There is no 无 (U+65E0) in font [lmroman10-regular]:mapping=t
ex-text;!
Missing character: There is no 人 (U+4EBA) in font [lmroman10-regular]:mapping=t
ex-text;!
Missing character: There is no 机 (U+673A) in font [lmroman10-regular]:mapping=t
ex-text;!
Missing character: There is no 平 (U+5E73) in font [lmroman10-regular]:mapping=t
ex-text;!
Missing character: There is no 台 (U+53F0) in font [lmroman10-regular]:mapping=t
ex-text;!
Missing character: There is no 上 (U+4E0A) in font [lmroman10-regular]:mapping=t
ex-text;!
Missing character: There is no 进 (U+8FDB) in font [lmroman10-regular]:mapping=t
ex-text;!
Missing character: There is no 行 (U+884C) in font [lmroman10-regular]:mapping=t
ex-text;!
Missing character: There is no 了 (U+4E86) in font [lmroman10-regular]:mapping=t
ex-text;!
Missing character: There is no 测 (U+6D4B) in font [lmroman10-regular]:mapping=t
ex-text;!
Missing character: There is no 试 (U+8BD5) in font [lmroman10-regular]:mapping=t
ex-text;!
Missing character: There is no ， (U+FF0C) in font [lmroman10-regular]:mapping=t
ex-text;!
Missing character: There is no 表 (U+8868) in font [lmroman10-regular]:mapping=t
ex-text;!
Missing character: There is no 明 (U+660E) in font [lmroman10-regular]:mapping=t
ex-text;!
Missing character: There is no 其 (U+5176) in font [lmroman10-regular]:mapping=t
ex-text;!
Missing character: There is no 在 (U+5728) in font [lmroman10-regular]:mapping=t
ex-text;!
Missing character: There is no 最 (U+6700) in font [lmroman10-regular]:mapping=t
ex-text;!
Missing character: There is no 小 (U+5C0F) in font [lmroman10-regular]:mapping=t
ex-text;!
Missing character: There is no 硬 (U+786C) in font [lmroman10-regular]:mapping=t
ex-text;!
Missing character: There is no 件 (U+4EF6) in font [lmroman10-regular]:mapping=t
ex-text;!
Missing character: There is no 基 (U+57FA) in font [lmroman10-regular]:mapping=t
ex-text;!
Missing character: There is no 础 (U+7840) in font [lmroman10-regular]:mapping=t
ex-text;!
Missing character: There is no 设 (U+8BBE) in font [lmroman10-regular]:mapping=t
ex-text;!
Missing character: There is no 施 (U+65BD) in font [lmroman10-regular]:mapping=t
ex-text;!
Missing character: There is no 条 (U+6761) in font [lmroman10-regular]:mapping=t
ex-text;!
Missing character: There is no 件 (U+4EF6) in font [lmroman10-regular]:mapping=t
ex-text;!
Missing character: There is no 下 (U+4E0B) in font [lmroman10-regular]:mapping=t
ex-text;!
Missing character: There is no 实 (U+5B9E) in font [lmroman10-regular]:mapping=t
ex-text;!
Missing character: There is no 现 (U+73B0) in font [lmroman10-regular]:mapping=t
ex-text;!
Missing character: There is no 完 (U+5B8C) in font [lmroman10-regular]:mapping=t
ex-text;!
Missing character: There is no 全 (U+5168) in font [lmroman10-regular]:mapping=t
ex-text;!
Missing character: There is no 自 (U+81EA) in font [lmroman10-regular]:mapping=t
ex-text;!
Missing character: There is no 主 (U+4E3B) in font [lmroman10-regular]:mapping=t
ex-text;!
Missing character: There is no 室 (U+5BA4) in font [lmroman10-regular]:mapping=t
ex-text;!
Missing character: There is no 内 (U+5185) in font [lmroman10-regular]:mapping=t
ex-text;!
Missing character: There is no 操 (U+64CD) in font [lmroman10-regular]:mapping=t
ex-text;!
Missing character: There is no 作 (U+4F5C) in font [lmroman10-regular]:mapping=t
ex-text;!
Missing character: There is no 具 (U+5177) in font [lmroman10-regular]:mapping=t
ex-text;!
Missing character: There is no 有 (U+6709) in font [lmroman10-regular]:mapping=t
ex-text;!
Missing character: There is no 现 (U+73B0) in font [lmroman10-regular]:mapping=t
ex-text;!
Missing character: There is no 实 (U+5B9E) in font [lmroman10-regular]:mapping=t
ex-text;!
Missing character: There is no 可 (U+53EF) in font [lmroman10-regular]:mapping=t
ex-text;!
Missing character: There is no 行 (U+884C) in font [lmroman10-regular]:mapping=t
ex-text;!
Missing character: There is no 性 (U+6027) in font [lmroman10-regular]:mapping=t
ex-text;!
Missing character: There is no 。 (U+3002) in font [lmroman10-regular]:mapping=t
ex-text;!
Missing character: There is no 跨 (U+8DE8) in font [lmroman10-regular]:mapping=t
ex-text;!
Missing character: There is no 不 (U+4E0D) in font [lmroman10-regular]:mapping=t
ex-text;!
Missing character: There is no 同 (U+540C) in font [lmroman10-regular]:mapping=t
ex-text;!
Missing character: There is no 无 (U+65E0) in font [lmroman10-regular]:mapping=t
ex-text;!
Missing character: There is no 人 (U+4EBA) in font [lmroman10-regular]:mapping=t
ex-text;!
Missing character: There is no 机 (U+673A) in font [lmroman10-regular]:mapping=t
ex-text;!
Missing character: There is no 位 (U+4F4D) in font [lmroman10-regular]:mapping=t
ex-text;!
Missing character: There is no 姿 (U+59FF) in font [lmroman10-regular]:mapping=t
ex-text;!
Missing character: There is no 、 (U+3001) in font [lmroman10-regular]:mapping=t
ex-text;!
Missing character: There is no 并 (U+5E76) in font [lmroman10-regular]:mapping=t
ex-text;!
Missing character: There is no 完 (U+5B8C) in font [lmroman10-regular]:mapping=t
ex-text;!
Missing character: There is no 整 (U+6574) in font [lmroman10-regular]:mapping=t
ex-text;!
Missing character: There is no 覆 (U+8986) in font [lmroman10-regular]:mapping=t
ex-text;!
Missing character: There is no 盖 (U+76D6) in font [lmroman10-regular]:mapping=t
ex-text;!
Missing character: There is no 三 (U+4E09) in font [lmroman10-regular]:mapping=t
ex-text;!
Missing character: There is no 角 (U+89D2) in font [lmroman10-regular]:mapping=t
ex-text;!
Missing character: There is no 函 (U+51FD) in font [lmroman10-regular]:mapping=t
ex-text;!
Missing character: There is no 数 (U+6570) in font [lmroman10-regular]:mapping=t
ex-text;!
Missing character: There is no 圆 (U+5706) in font [lmroman10-regular]:mapping=t
ex-text;!
Missing character: There is no 的 (U+7684) in font [lmroman10-regular]:mapping=t
ex-text;!
Missing character: There is no 实 (U+5B9E) in font [lmroman10-regular]:mapping=t
ex-text;!
Missing character: There is no 验 (U+9A8C) in font [lmroman10-regular]:mapping=t
ex-text;!
Missing character: There is no 验 (U+9A8C) in font [lmroman10-regular]:mapping=t
ex-text;!
Missing character: There is no 证 (U+8BC1) in font [lmroman10-regular]:mapping=t
ex-text;!
Missing character: There is no ， (U+FF0C) in font [lmroman10-regular]:mapping=t
ex-text;!
Missing character: There is no 进 (U+8FDB) in font [lmroman10-regular]:mapping=t
ex-text;!
Missing character: There is no 一 (U+4E00) in font [lmroman10-regular]:mapping=t
ex-text;!
Missing character: There is no 步 (U+6B65) in font [lmroman10-regular]:mapping=t
ex-text;!
Missing character: There is no 确 (U+786E) in font [lmroman10-regular]:mapping=t
ex-text;!
Missing character: There is no 认 (U+8BA4) in font [lmroman10-regular]:mapping=t
ex-text;!
Missing character: There is no 了 (U+4E86) in font [lmroman10-regular]:mapping=t
ex-text;!
Missing character: There is no 该 (U+8BE5) in font [lmroman10-regular]:mapping=t
ex-text;!
Missing character: There is no 无 (U+65E0) in font [lmroman10-regular]:mapping=t
ex-text;!
Missing character: There is no 监 (U+76D1) in font [lmroman10-regular]:mapping=t
ex-text;!
Missing character: There is no 督 (U+7763) in font [lmroman10-regular]:mapping=t
ex-text;!
Missing character: There is no 方 (U+65B9) in font [lmroman10-regular]:mapping=t
ex-text;!
Missing character: There is no 法 (U+6CD5) in font [lmroman10-regular]:mapping=t
ex-text;!
Missing character: There is no 的 (U+7684) in font [lmroman10-regular]:mapping=t
ex-text;!
Missing character: There is no 有 (U+6709) in font [lmroman10-regular]:mapping=t
ex-text;!
Missing character: There is no 效 (U+6548) in font [lmroman10-regular]:mapping=t
ex-text;!
Missing character: There is no 性 (U+6027) in font [lmroman10-regular]:mapping=t
ex-text;!
Missing character: There is no 。 (U+3002) in font [lmroman10-regular]:mapping=t
ex-text;!
Missing character: There is no 虽 (U+867D) in font [lmroman10-regular]:mapping=t
ex-text;!
Missing character: There is no 然 (U+7136) in font [lmroman10-regular]:mapping=t
ex-text;!
Missing character: There is no 学 (U+5B66) in font [lmroman10-regular]:mapping=t
ex-text;!
Missing character: There is no 生 (U+751F) in font [lmroman10-regular]:mapping=t
ex-text;!
Missing character: There is no 网 (U+7F51) in font [lmroman10-regular]:mapping=t
ex-text;!
Missing character: There is no 络 (U+7EDC) in font [lmroman10-regular]:mapping=t
ex-text;!
Missing character: There is no 在 (U+5728) in font [lmroman10-regular]:mapping=t
ex-text;!
Missing character: There is no 真 (U+771F) in font [lmroman10-regular]:mapping=t
ex-text;!
Missing character: There is no 实 (U+5B9E) in font [lmroman10-regular]:mapping=t
ex-text;!
Missing character: There is no 环 (U+73AF) in font [lmroman10-regular]:mapping=t
ex-text;!
Missing character: There is no 境 (U+5883) in font [lmroman10-regular]:mapping=t
ex-text;!
Missing character: There is no 中 (U+4E2D) in font [lmroman10-regular]:mapping=t
ex-text;!
Missing character: There is no 的 (U+7684) in font [lmroman10-regular]:mapping=t
ex-text;!
Missing character: There is no 像 (U+50CF) in font [lmroman10-regular]:mapping=t
ex-text;!
Missing character: There is no 素 (U+7D20) in font [lmroman10-regular]:mapping=t
ex-text;!
Missing character: There is no 误 (U+8BEF) in font [lmroman10-regular]:mapping=t
ex-text;!
Missing character: There is no 差 (U+5DEE) in font [lmroman10-regular]:mapping=t
ex-text;!
Missing character: There is no 略 (U+7565) in font [lmroman10-regular]:mapping=t
ex-text;!
Missing character: There is no 高 (U+9AD8) in font [lmroman10-regular]:mapping=t
ex-text;!
Missing character: There is no 于 (U+4E8E) in font [lmroman10-regular]:mapping=t
ex-text;!
Missing character: There is no 教 (U+6559) in font [lmroman10-regular]:mapping=t
ex-text;!
Missing character: There is no 师 (U+5E08) in font [lmroman10-regular]:mapping=t
ex-text;!
Missing character: There is no 模 (U+6A21) in font [lmroman10-regular]:mapping=t
ex-text;!
Missing character: There is no 型 (U+578B) in font [lmroman10-regular]:mapping=t
ex-text;!
Missing character: There is no （ (U+FF08) in font [lmroman10-regular]:mapping=t
ex-text;!
Missing character: There is no 平 (U+5E73) in font [lmroman10-regular]:mapping=t
ex-text;!
Missing character: There is no 均 (U+5747) in font [lmroman10-regular]:mapping=t
ex-text;!
Missing character: There is no 误 (U+8BEF) in font [lmroman10-regular]:mapping=t
ex-text;!
Missing character: There is no 差 (U+5DEE) in font [lmroman10-regular]:mapping=t
ex-text;!
Missing character: There is no 分 (U+5206) in font [lmroman10-regular]:mapping=t
ex-text;!
Missing character: There is no 别 (U+522B) in font [lmroman10-regular]:mapping=t
ex-text;!
Missing character: There is no 为 (U+4E3A) in font [lmroman10-regular]:mapping=t
ex-text;!
Missing character: There is no 和 (U+548C) in font [lmroman10-regular]:mapping=t
ex-text;!
Missing character: There is no 像 (U+50CF) in font [lmroman10-regular]:mapping=t
ex-text;!
Missing character: There is no 素 (U+7D20) in font [lmroman10-regular]:mapping=t
ex-text;!
Missing character: There is no ） (U+FF09) in font [lmroman10-regular]:mapping=t
ex-text;!
Missing character: There is no ， (U+FF0C) in font [lmroman10-regular]:mapping=t
ex-text;!
Missing character: There is no 但 (U+4F46) in font [lmroman10-regular]:mapping=t
ex-text;!
Missing character: There is no 其 (U+5176) in font [lmroman10-regular]:mapping=t
ex-text;!
Missing character: There is no 性 (U+6027) in font [lmroman10-regular]:mapping=t
ex-text;!
Missing character: There is no 能 (U+80FD) in font [lmroman10-regular]:mapping=t
ex-text;!
Missing character: There is no 仍 (U+4ECD) in font [lmroman10-regular]:mapping=t
ex-text;!
Missing character: There is no 可 (U+53EF) in font [lmroman10-regular]:mapping=t
ex-text;!
Missing character: There is no 接 (U+63A5) in font [lmroman10-regular]:mapping=t
ex-text;!
Missing character: There is no 受 (U+53D7) in font [lmroman10-regular]:mapping=t
ex-text;!
Missing character: There is no （ (U+FF08) in font [lmroman10-regular]:mapping=t
ex-text;!
Missing character: There is no 与 (U+4E0E) in font [lmroman10-regular]:mapping=t
ex-text;!
Missing character: There is no ） (U+FF09) in font [lmroman10-regular]:mapping=t
ex-text;!
Missing character: There is no ， (U+FF0C) in font [lmroman10-regular]:mapping=t
ex-text;!
Missing character: There is no 并 (U+5E76) in font [lmroman10-regular]:mapping=t
ex-text;!
Missing character: There is no 且 (U+4E14) in font [lmroman10-regular]:mapping=t
ex-text;!
Missing character: There is no 收 (U+6536) in font [lmroman10-regular]:mapping=t
ex-text;!
Missing character: There is no 敛 (U+655B) in font [lmroman10-regular]:mapping=t
ex-text;!
Missing character: There is no 更 (U+66F4) in font [lmroman10-regular]:mapping=t
ex-text;!
Missing character: There is no 快 (U+5FEB) in font [lmroman10-regular]:mapping=t
ex-text;!
Missing character: There is no 。 (U+3002) in font [lmroman10-regular]:mapping=t
ex-text;!
Missing character: There is no 尤 (U+5C24) in font [lmroman10-regular]:mapping=t
ex-text;!
Missing character: There is no 其 (U+5176) in font [lmroman10-regular]:mapping=t
ex-text;!
Missing character: There is no 是 (U+662F) in font [lmroman10-regular]:mapping=t
ex-text;!
Missing character: There is no 在 (U+5728) in font [lmroman10-regular]:mapping=t
ex-text;!
Missing character: There is no 仿 (U+4EFF) in font [lmroman10-regular]:mapping=t
ex-text;!
Missing character: There is no 真 (U+771F) in font [lmroman10-regular]:mapping=t
ex-text;!
Missing character: There is no 环 (U+73AF) in font [lmroman10-regular]:mapping=t
ex-text;!
Missing character: There is no 境 (U+5883) in font [lmroman10-regular]:mapping=t
ex-text;!
Missing character: There is no 中 (U+4E2D) in font [lmroman10-regular]:mapping=t
ex-text;!
Missing character: There is no ， (U+FF0C) in font [lmroman10-regular]:mapping=t
ex-text;!
Missing character: There is no 随 (U+968F) in font [lmroman10-regular]:mapping=t
ex-text;!
Missing character: There is no 着 (U+7740) in font [lmroman10-regular]:mapping=t
ex-text;!
Missing character: There is no 更 (U+66F4) in font [lmroman10-regular]:mapping=t
ex-text;!
Missing character: There is no 充 (U+5145) in font [lmroman10-regular]:mapping=t
ex-text;!
Missing character: There is no 分 (U+5206) in font [lmroman10-regular]:mapping=t
ex-text;!
Missing character: There is no 的 (U+7684) in font [lmroman10-regular]:mapping=t
ex-text;!
Missing character: There is no 自 (U+81EA) in font [lmroman10-regular]:mapping=t
ex-text;!
Missing character: There is no 监 (U+76D1) in font [lmroman10-regular]:mapping=t
ex-text;!
Missing character: There is no 督 (U+7763) in font [lmroman10-regular]:mapping=t
ex-text;!
Missing character: There is no 训 (U+8BAD) in font [lmroman10-regular]:mapping=t
ex-text;!
Missing character: There is no 练 (U+7EC3) in font [lmroman10-regular]:mapping=t
ex-text;!
Missing character: There is no 进 (U+8FDB) in font [lmroman10-regular]:mapping=t
ex-text;!
Missing character: There is no 行 (U+884C) in font [lmroman10-regular]:mapping=t
ex-text;!
Missing character: There is no ， (U+FF0C) in font [lmroman10-regular]:mapping=t
ex-text;!
Missing character: There is no 系 (U+7CFB) in font [lmroman10-regular]:mapping=t
ex-text;!
Missing character: There is no 统 (U+7EDF) in font [lmroman10-regular]:mapping=t
ex-text;!
Missing character: There is no 表 (U+8868) in font [lmroman10-regular]:mapping=t
ex-text;!
Missing character: There is no 现 (U+73B0) in font [lmroman10-regular]:mapping=t
ex-text;!
Missing character: There is no 出 (U+51FA) in font [lmroman10-regular]:mapping=t
ex-text;!
Missing character: There is no 更 (U+66F4) in font [lmroman10-regular]:mapping=t
ex-text;!
Missing character: There is no 优 (U+4F18) in font [lmroman10-regular]:mapping=t
ex-text;!
Missing character: There is no 的 (U+7684) in font [lmroman10-regular]:mapping=t
ex-text;!
Missing character: There is no 收 (U+6536) in font [lmroman10-regular]:mapping=t
ex-text;!
Missing character: There is no 敛 (U+655B) in font [lmroman10-regular]:mapping=t
ex-text;!
Missing character: There is no 速 (U+901F) in font [lmroman10-regular]:mapping=t
ex-text;!
Missing character: There is no 度 (U+5EA6) in font [lmroman10-regular]:mapping=t
ex-text;!
Missing character: There is no 和 (U+548C) in font [lmroman10-regular]:mapping=t
ex-text;!
Missing character: There is no 更 (U+66F4) in font [lmroman10-regular]:mapping=t
ex-text;!
Missing character: There is no 低 (U+4F4E) in font [lmroman10-regular]:mapping=t
ex-text;!
Missing character: There is no 的 (U+7684) in font [lmroman10-regular]:mapping=t
ex-text;!
Missing character: There is no 误 (U+8BEF) in font [lmroman10-regular]:mapping=t
ex-text;!
Missing character: There is no 差 (U+5DEE) in font [lmroman10-regular]:mapping=t
ex-text;!
Missing character: There is no ， (U+FF0C) in font [lmroman10-regular]:mapping=t
ex-text;!
Missing character: There is no 这 (U+8FD9) in font [lmroman10-regular]:mapping=t
ex-text;!
Missing character: There is no 验 (U+9A8C) in font [lmroman10-regular]:mapping=t
ex-text;!
Missing character: There is no 证 (U+8BC1) in font [lmroman10-regular]:mapping=t
ex-text;!
Missing character: There is no 了 (U+4E86) in font [lmroman10-regular]:mapping=t
ex-text;!
Missing character: There is no 与 (U+4E0E) in font [lmroman10-regular]:mapping=t
ex-text;!
Missing character: There is no 昂 (U+6602) in font [lmroman10-regular]:mapping=t
ex-text;!
Missing character: There is no 贵 (U+8D35) in font [lmroman10-regular]:mapping=t
ex-text;!
Missing character: There is no 的 (U+7684) in font [lmroman10-regular]:mapping=t
ex-text;!
Missing character: There is no 真 (U+771F) in font [lmroman10-regular]:mapping=t
ex-text;!
Missing character: There is no 实 (U+5B9E) in font [lmroman10-regular]:mapping=t
ex-text;!
Missing character: There is no 数 (U+6570) in font [lmroman10-regular]:mapping=t
ex-text;!
Missing character: There is no 据 (U+636E) in font [lmroman10-regular]:mapping=t
ex-text;!
Missing character: There is no 采 (U+91C7) in font [lmroman10-regular]:mapping=t
ex-text;!
Missing character: There is no 集 (U+96C6) in font [lmroman10-regular]:mapping=t
ex-text;!
Missing character: There is no 相 (U+76F8) in font [lmroman10-regular]:mapping=t
ex-text;!
Missing character: There is no 比 (U+6BD4) in font [lmroman10-regular]:mapping=t
ex-text;!
Missing character: There is no ， (U+FF0C) in font [lmroman10-regular]:mapping=t
ex-text;!
Missing character: There is no 基 (U+57FA) in font [lmroman10-regular]:mapping=t
ex-text;!
Missing character: There is no 于 (U+4E8E) in font [lmroman10-regular]:mapping=t
ex-text;!
Missing character: There is no 仿 (U+4EFF) in font [lmroman10-regular]:mapping=t
ex-text;!
Missing character: There is no 真 (U+771F) in font [lmroman10-regular]:mapping=t
ex-text;!
Missing character: There is no 的 (U+7684) in font [lmroman10-regular]:mapping=t
ex-text;!
Missing character: There is no 训 (U+8BAD) in font [lmroman10-regular]:mapping=t
ex-text;!
Missing character: There is no 练 (U+7EC3) in font [lmroman10-regular]:mapping=t
ex-text;!
Missing character: There is no 方 (U+65B9) in font [lmroman10-regular]:mapping=t
ex-text;!
Missing character: There is no 式 (U+5F0F) in font [lmroman10-regular]:mapping=t
ex-text;!
Missing character: There is no 更 (U+66F4) in font [lmroman10-regular]:mapping=t
ex-text;!
Missing character: There is no 具 (U+5177) in font [lmroman10-regular]:mapping=t
ex-text;!
Missing character: There is no 成 (U+6210) in font [lmroman10-regular]:mapping=t
ex-text;!
Missing character: There is no 本 (U+672C) in font [lmroman10-regular]:mapping=t
ex-text;!
Missing character: There is no 效 (U+6548) in font [lmroman10-regular]:mapping=t
ex-text;!
Missing character: There is no 益 (U+76CA) in font [lmroman10-regular]:mapping=t
ex-text;!
Missing character: There is no 。 (U+3002) in font [lmroman10-regular]:mapping=t
ex-text;!
Missing character: There is no 计 (U+8BA1) in font [lmroman10-regular]:mapping=t
ex-text;!
Missing character: There is no 算 (U+7B97) in font [lmroman10-regular]:mapping=t
ex-text;!
Missing character: There is no 效 (U+6548) in font [lmroman10-regular]:mapping=t
ex-text;!
Missing character: There is no 率 (U+7387) in font [lmroman10-regular]:mapping=t
ex-text;!
Missing character: There is no 的 (U+7684) in font [lmroman10-regular]:mapping=t
ex-text;!
Missing character: There is no 提 (U+63D0) in font [lmroman10-regular]:mapping=t
ex-text;!
Missing character: There is no 升 (U+5347) in font [lmroman10-regular]:mapping=t
ex-text;!
Missing character: There is no 使 (U+4F7F) in font [lmroman10-regular]:mapping=t
ex-text;!
Missing character: There is no 得 (U+5F97) in font [lmroman10-regular]:mapping=t
ex-text;!
Missing character: There is no 该 (U+8BE5) in font [lmroman10-regular]:mapping=t
ex-text;!
Missing character: There is no 方 (U+65B9) in font [lmroman10-regular]:mapping=t
ex-text;!
Missing character: There is no 法 (U+6CD5) in font [lmroman10-regular]:mapping=t
ex-text;!
Missing character: There is no 在 (U+5728) in font [lmroman10-regular]:mapping=t
ex-text;!
Missing character: There is no 资 (U+8D44) in font [lmroman10-regular]:mapping=t
ex-text;!
Missing character: There is no 源 (U+6E90) in font [lmroman10-regular]:mapping=t
ex-text;!
Missing character: There is no 受 (U+53D7) in font [lmroman10-regular]:mapping=t
ex-text;!
Missing character: There is no 限 (U+9650) in font [lmroman10-regular]:mapping=t
ex-text;!
Missing character: There is no 平 (U+5E73) in font [lmroman10-regular]:mapping=t
ex-text;!
Missing character: There is no 台 (U+53F0) in font [lmroman10-regular]:mapping=t
ex-text;!
Missing character: There is no 上 (U+4E0A) in font [lmroman10-regular]:mapping=t
ex-text;!
Missing character: There is no 的 (U+7684) in font [lmroman10-regular]:mapping=t
ex-text;!
Missing character: There is no 实 (U+5B9E) in font [lmroman10-regular]:mapping=t
ex-text;!
Missing character: There is no 时 (U+65F6) in font [lmroman10-regular]:mapping=t
ex-text;!
Missing character: There is no 应 (U+5E94) in font [lmroman10-regular]:mapping=t
ex-text;!
Missing character: There is no 用 (U+7528) in font [lmroman10-regular]:mapping=t
ex-text;!
Missing character: There is no 尤 (U+5C24) in font [lmroman10-regular]:mapping=t
ex-text;!
Missing character: There is no 其 (U+5176) in font [lmroman10-regular]:mapping=t
ex-text;!
Missing character: There is no 有 (U+6709) in font [lmroman10-regular]:mapping=t
ex-text;!
Missing character: There is no 价 (U+4EF7) in font [lmroman10-regular]:mapping=t
ex-text;!
Missing character: There is no 值 (U+503C) in font [lmroman10-regular]:mapping=t
ex-text;!
Missing character: There is no ， (U+FF0C) in font [lmroman10-regular]:mapping=t
ex-text;!
Missing character: There is no 并 (U+5E76) in font [lmroman10-regular]:mapping=t
ex-text;!
Missing character: There is no 为 (U+4E3A) in font [lmroman10-regular]:mapping=t
ex-text;!
Missing character: There is no 无 (U+65E0) in font [lmroman10-regular]:mapping=t
ex-text;!
Missing character: There is no 需 (U+9700) in font [lmroman10-regular]:mapping=t
ex-text;!
Missing character: There is no 人 (U+4EBA) in font [lmroman10-regular]:mapping=t
ex-text;!
Missing character: There is no 工 (U+5DE5) in font [lmroman10-regular]:mapping=t
ex-text;!
Missing character: There is no 监 (U+76D1) in font [lmroman10-regular]:mapping=t
ex-text;!
Missing character: There is no 督 (U+7763) in font [lmroman10-regular]:mapping=t
ex-text;!
Missing character: There is no 或 (U+6216) in font [lmroman10-regular]:mapping=t
ex-text;!
Missing character: There is no 标 (U+6807) in font [lmroman10-regular]:mapping=t
ex-text;!
Missing character: There is no 记 (U+8BB0) in font [lmroman10-regular]:mapping=t
ex-text;!
Missing character: There is no 依 (U+4F9D) in font [lmroman10-regular]:mapping=t
ex-text;!
Missing character: There is no 赖 (U+8D56) in font [lmroman10-regular]:mapping=t
ex-text;!
Missing character: There is no 的 (U+7684) in font [lmroman10-regular]:mapping=t
ex-text;!
Missing character: There is no 自 (U+81EA) in font [lmroman10-regular]:mapping=t
ex-text;!
Missing character: There is no 主 (U+4E3B) in font [lmroman10-regular]:mapping=t
ex-text;!
Missing character: There is no 视 (U+89C6) in font [lmroman10-regular]:mapping=t
ex-text;!
Missing character: There is no 觉 (U+89C9) in font [lmroman10-regular]:mapping=t
ex-text;!
Missing character: There is no 伺 (U+4F3A) in font [lmroman10-regular]:mapping=t
ex-text;!
Missing character: There is no 服 (U+670D) in font [lmroman10-regular]:mapping=t
ex-text;!
Missing character: There is no 建 (U+5EFA) in font [lmroman10-regular]:mapping=t
ex-text;!
Missing character: There is no 立 (U+7ACB) in font [lmroman10-regular]:mapping=t
ex-text;!
Missing character: There is no 了 (U+4E86) in font [lmroman10-regular]:mapping=t
ex-text;!
Missing character: There is no 新 (U+65B0) in font [lmroman10-regular]:mapping=t
ex-text;!
Missing character: There is no 的 (U+7684) in font [lmroman10-regular]:mapping=t
ex-text;!
Missing character: There is no 范 (U+8303) in font [lmroman10-regular]:mapping=t
ex-text;!
Missing character: There is no 式 (U+5F0F) in font [lmroman10-regular]:mapping=t
ex-text;!
Missing character: There is no 。 (U+3002) in font [lmroman10-regular]:mapping=t
ex-text;!

Overfull \hbox (188.84192pt too wide) in paragraph at lines 344--345
\OT1/cmr/m/n/10 0\OML/cmm/m/it/10 :\OT1/cmr/m/n/10 591$\TU/pcr/m/n/10 ），并且收敛更快。
尤其是在仿真环境中，随着更充分的自监督训练进行，系统表现出更优的收敛速度和更低的误差，这验证了与昂贵的真实数据采集相比，基于仿真的训练方式更具成本效益。计算效
率的提升使得该方法在资源受限平台上的实时应用尤其有价值，并为无需人工监督或标记依赖的自主视觉伺服建立了新的范式。 
 []

Missing character: There is no 致 (U+81F4) in font [lmroman12-regular]:mapping=t
ex-text;!
Missing character: There is no 谢 (U+8C22) in font [lmroman12-regular]:mapping=t
ex-text;!
Missing character: There is no 本 (U+672C) in font [lmroman10-regular]:mapping=t
ex-text;!
Missing character: There is no 文 (U+6587) in font [lmroman10-regular]:mapping=t
ex-text;!
Missing character: There is no 部 (U+90E8) in font [lmroman10-regular]:mapping=t
ex-text;!
Missing character: There is no 分 (U+5206) in font [lmroman10-regular]:mapping=t
ex-text;!
Missing character: There is no 受 (U+53D7) in font [lmroman10-regular]:mapping=t
ex-text;!
Missing character: There is no 以 (U+4EE5) in font [lmroman10-regular]:mapping=t
ex-text;!
Missing character: There is no 下 (U+4E0B) in font [lmroman10-regular]:mapping=t
ex-text;!
Missing character: There is no 项 (U+9879) in font [lmroman10-regular]:mapping=t
ex-text;!
Missing character: There is no 目 (U+76EE) in font [lmroman10-regular]:mapping=t
ex-text;!
Missing character: There is no 资 (U+8D44) in font [lmroman10-regular]:mapping=t
ex-text;!
Missing character: There is no 助 (U+52A9) in font [lmroman10-regular]:mapping=t
ex-text;!
Missing character: There is no ： (U+FF1A) in font [lmroman10-regular]:mapping=t
ex-text;!
Missing character: There is no ， (U+FF0C) in font [lmroman10-regular]:mapping=t
ex-text;!
Missing character: There is no 、 (U+3001) in font [lmroman10-regular]:mapping=t
ex-text;!
Missing character: There is no （ (U+FF08) in font [lmroman10-regular]:mapping=t
ex-text;!
Missing character: There is no 编 (U+7F16) in font [lmroman10-regular]:mapping=t
ex-text;!
Missing character: There is no 号 (U+53F7) in font [lmroman10-regular]:mapping=t
ex-text;!
Missing character: There is no ） (U+FF09) in font [lmroman10-regular]:mapping=t
ex-text;!
Missing character: There is no ； (U+FF1B) in font [lmroman10-regular]:mapping=t
ex-text;!
Missing character: There is no （ (U+FF08) in font [lmroman10-regular]:mapping=t
ex-text;!
Missing character: There is no ） (U+FF09) in font [lmroman10-regular]:mapping=t
ex-text;!
Missing character: There is no 在 (U+5728) in font [lmroman10-regular]:mapping=t
ex-text;!
Missing character: There is no 欧 (U+6B27) in font [lmroman10-regular]:mapping=t
ex-text;!
Missing character: There is no 盟 (U+76DF) in font [lmroman10-regular]:mapping=t
ex-text;!
Missing character: There is no 委 (U+59D4) in font [lmroman10-regular]:mapping=t
ex-text;!
Missing character: There is no 员 (U+5458) in font [lmroman10-regular]:mapping=t
ex-text;!
Missing character: There is no 会 (U+4F1A) in font [lmroman10-regular]:mapping=t
ex-text;!
Missing character: There is no 授 (U+6388) in font [lmroman10-regular]:mapping=t
ex-text;!
Missing character: There is no 权 (U+6743) in font [lmroman10-regular]:mapping=t
ex-text;!
Missing character: There is no 下 (U+4E0B) in font [lmroman10-regular]:mapping=t
ex-text;!
Missing character: There is no 资 (U+8D44) in font [lmroman10-regular]:mapping=t
ex-text;!
Missing character: There is no 助 (U+52A9) in font [lmroman10-regular]:mapping=t
ex-text;!
Missing character: There is no 的 (U+7684) in font [lmroman10-regular]:mapping=t
ex-text;!
Missing character: There is no 项 (U+9879) in font [lmroman10-regular]:mapping=t
ex-text;!
Missing character: There is no 目 (U+76EE) in font [lmroman10-regular]:mapping=t
ex-text;!
Missing character: There is no （ (U+FF08) in font [lmroman10-regular]:mapping=t
ex-text;!
Missing character: There is no 资 (U+8D44) in font [lmroman10-regular]:mapping=t
ex-text;!
Missing character: There is no 助 (U+52A9) in font [lmroman10-regular]:mapping=t
ex-text;!
Missing character: There is no 协 (U+534F) in font [lmroman10-regular]:mapping=t
ex-text;!
Missing character: There is no 议 (U+8BAE) in font [lmroman10-regular]:mapping=t
ex-text;!
Missing character: There is no 编 (U+7F16) in font [lmroman10-regular]:mapping=t
ex-text;!
Missing character: There is no 号 (U+53F7) in font [lmroman10-regular]:mapping=t
ex-text;!
Missing character: There is no ） (U+FF09) in font [lmroman10-regular]:mapping=t
ex-text;!
Missing character: There is no ； (U+FF1B) in font [lmroman10-regular]:mapping=t
ex-text;!
Missing character: There is no 以 (U+4EE5) in font [lmroman10-regular]:mapping=t
ex-text;!
Missing character: There is no 及 (U+53CA) in font [lmroman10-regular]:mapping=t
ex-text;!
Missing character: There is no ， (U+FF0C) in font [lmroman10-regular]:mapping=t
ex-text;!
Missing character: There is no 计 (U+8BA1) in font [lmroman10-regular]:mapping=t
ex-text;!
Missing character: There is no 划 (U+5212) in font [lmroman10-regular]:mapping=t
ex-text;!
Missing character: There is no （ (U+FF08) in font [lmroman10-regular]:mapping=t
ex-text;!
Missing character: There is no 资 (U+8D44) in font [lmroman10-regular]:mapping=t
ex-text;!
Missing character: There is no 助 (U+52A9) in font [lmroman10-regular]:mapping=t
ex-text;!
Missing character: There is no 编 (U+7F16) in font [lmroman10-regular]:mapping=t
ex-text;!
Missing character: There is no 号 (U+53F7) in font [lmroman10-regular]:mapping=t
ex-text;!
Missing character: There is no ） (U+FF09) in font [lmroman10-regular]:mapping=t
ex-text;!
Missing character: There is no 。 (U+3002) in font [lmroman10-regular]:mapping=t
ex-text;!
(./main.bbl (./main.brf)
\tf@brf=\write5
\openout5 = `main.brf'.



Package natbib Warning: Empty `thebibliography' environment on input line 8.

)

Package natbib Warning: There were undefined citations.

[5]

LaTeX Warning: Text page 6 contains only floats.

[6] [7

] (./main.aux)
 ***********
LaTeX2e <2025-11-01>
L3 programming layer <2026-01-19>
 ***********


LaTeX Font Warning: Some font shapes were not available, defaults substituted.

Package rerunfilecheck Info: File `main.out' has not changed.
(rerunfilecheck)             Checksum: 12CA470AC28733B053B4515E4588BF48;1575.
Package rerunfilecheck Info: File `main.brf' has not changed.
(rerunfilecheck)             Checksum: D41D8CD98F00B204E9800998ECF8427E;0.
 ) 
Here is how much of TeX's memory you used:
 16641 strings out of 468168
 288631 string characters out of 5436524
 792399 words of memory out of 5000000
 45102 multiletter control sequences out of 15000+600000
 639719 words of font info for 88 fonts, out of 8000000 for 9000
 1348 hyphenation exceptions out of 8191
 94i,16n,98p,1449b,478s stack positions out of 10000i,1000n,20000p,200000b,200000s

Output written on main.pdf (7 pages).
